hole_uid,source_id,native_id,company,project,jurisdiction,lat,lon,easting,northing,utm_zone,utm_hemi,datum,elev_m,azimuth,dip,depth_m,year_drilled,has_assay,assay_flags,report_ref,url
gov:nb:J-3,gov:nb,J-3,,Yes,New Brunswick,45.84653633490803,-64.87521325266148,,,,,NAD83,,225.0,-45.0,44.196000000000005,1969.0,0,,470644,
gov:nb:J-4,gov:nb,J-4,,Yes,New Brunswick,45.84998708484713,-64.84991233896052,,,,,NAD83,,210.0,-45.0,34.1376,1969.0,0,,470644,
gov:nb:I-1,gov:nb,I-1,,Yes,New Brunswick,45.86616232537497,-64.78878918017523,,,,,NAD83,,157.0,-45.0,20.7264,1969.0,0,,470645,
gov:nb:DEM93-2,gov:nb,DEM93-2,,Yes,New Brunswick,45.86501419037159,-64.64838800699694,,,,,NAD83,,,-90.0,41.1,1993.0,0,,474389,
gov:nb:DEM93-3,gov:nb,DEM93-3,,Yes,New Brunswick,45.86645575602064,-64.64904833496867,,,,,NAD83,,,-90.0,43.9,1993.0,0,,474389,
gov:nb:DEM93-4,gov:nb,DEM93-4,,Yes,New Brunswick,45.865195059914996,-64.647338629621,,,,,NAD83,,,-90.0,43.9,1993.0,0,,474389,
gov:nb:DEM93-5,gov:nb,DEM93-5,,Yes,New Brunswick,45.866223690220984,-64.64695648226994,,,,,NAD83,,,-90.0,111.9,1993.0,0,,474389,
gov:nb:DEM93-6,gov:nb,DEM93-6,,Yes,New Brunswick,45.854131180562796,-64.64101147020341,,,,,NAD83,,,-90.0,62.2,1993.0,0,,474389,
gov:nb:DEM93-7,gov:nb,DEM93-7,,Yes,New Brunswick,45.8670611719989,-64.64699290577038,,,,,NAD83,,,-90.0,101.8,1993.0,0,,474389,
gov:nb:DEM93-8,gov:nb,DEM93-8,,Yes,New Brunswick,45.85316955056543,-64.63998770015682,,,,,NAD83,,,-90.0,59.1,1993.0,0,,474389,
gov:nb:CHCR-35,gov:nb,CHCR-35,,Yes,New Brunswick,45.7922491733628,-64.67727413370338,,,,,NAD83,,,-90.0,24.384,1975.0,0,,TR 75-11,
gov:nb:CHCR-36,gov:nb,CHCR-36,,Yes,New Brunswick,45.79068692615331,-64.67917770296876,,,,,NAD83,,,-90.0,22.86,1975.0,0,,TR 75-13,
gov:nb:CHCR-37,gov:nb,CHCR-37,,Yes,New Brunswick,45.7926714428872,-64.67835371004274,,,,,NAD83,,,-89.0,57.607200000000006,1975.0,0,,TR 75-10,
gov:nb:CHCR-40,gov:nb,CHCR-40,,Yes,New Brunswick,45.79364855669157,-64.67587750313974,,,,,NAD83,,,-90.0,22.555200000000003,1975.0,0,,TR 75-11,
gov:nb:SH-32,gov:nb,SH-32,,Yes,New Brunswick,45.767361533955444,-64.65075386660274,,,,,NAD83,,,-90.0,30.1752,1975.0,0,,TR 75-15,
gov:nb:SH-33,gov:nb,SH-33,,Yes,New Brunswick,45.76586958593775,-64.6530792947011,,,,,NAD83,,,-90.0,26.822400000000002,1975.0,0,,TR 75-16,
gov:nb:SH-34,gov:nb,SH-34,,Yes,New Brunswick,45.763955512312045,-64.65490430831727,,,,,NAD83,,,-88.0,25.6032,1975.0,0,,TR 75-14,
gov:nb:59025,gov:nb,59025,,Yes,New Brunswick,45.792349138948346,-65.494706893612,,,,,NAD83,,,-90.0,25.908,1976.0,0,,470672,
gov:nb:59053,gov:nb,59053,,Yes,New Brunswick,45.87486717527859,-65.44296015685879,,,,,NAD83,,280.0,-45.0,52.1208,1978.0,0,,472205,
gov:nb:59072,gov:nb,59072,,Yes,New Brunswick,45.978841556863095,-65.33203435837184,,,,,NAD83,,165.0,-85.0,36.576,1979.0,0,,472377,
gov:nb:59073,gov:nb,59073,,Yes,New Brunswick,45.98752451599572,-65.33466490475939,,,,,NAD83,,165.0,-85.0,51.816,1979.0,0,,472377,
gov:nb:SA-91-068,gov:nb,SA-91-068,,Yes,New Brunswick,45.97565146571448,-65.3762248644695,,,,,NAD83,,,-90.0,56.39,1992.0,0,,474161,
gov:nb:SA-91-069,gov:nb,SA-91-069,,Yes,New Brunswick,45.974410654814875,-65.37449500056981,,,,,NAD83,,,-90.0,83.82000000000001,1992.0,0,,474161,
gov:nb:SA-91-070,gov:nb,SA-91-070,,Yes,New Brunswick,45.97590449323008,-65.37269657387566,,,,,NAD83,,,-90.0,99.06,1992.0,0,,474161,
gov:nb:SA-91-071,gov:nb,SA-91-071,,Yes,New Brunswick,45.9774388205647,-65.37498831987742,,,,,NAD83,,,-90.0,59.44,1992.0,0,,474161,
gov:nb:SA-91-072,gov:nb,SA-91-072,,Yes,New Brunswick,45.97904521821254,-65.37365213150318,,,,,NAD83,,,-90.0,80.16,1992.0,0,,474161,
gov:nb:SA-91-073,gov:nb,SA-91-073,,Yes,New Brunswick,45.977463067501276,-65.37107740718282,,,,,NAD83,,,-90.0,131.37,1992.0,0,,474161,
gov:nb:SA-91-074,gov:nb,SA-91-074,,No,New Brunswick,45.98048570521524,-65.37191915026388,,,,,NAD83,,,-90.0,102.11,1992.0,0,,474161,
gov:nb:SA-91-075,gov:nb,SA-91-075,,No,New Brunswick,45.9789681546136,-65.36951086608822,,,,,NAD83,,,-90.0,153.92000000000002,1992.0,0,,474161,
gov:nb:SA-91-076,gov:nb,SA-91-076,,No,New Brunswick,45.98198952196432,-65.37022350440016,,,,,NAD83,,,-90.0,126.49000000000001,1992.0,0,,474161,
gov:nb:SA-91-077,gov:nb,SA-91-077,,No,New Brunswick,45.98283047653277,-65.37154864381165,,,,,NAD83,,,-90.0,86.87,1992.0,0,,474161,
gov:nb:SA-91-078,gov:nb,SA-91-078,,Yes,New Brunswick,45.98164760364945,-65.37203742139697,,,,,NAD83,,,-90.0,99.06,1992.0,0,,474161,
gov:nb:SA-91-079,gov:nb,SA-91-079,,Yes,New Brunswick,45.98106958931257,-65.37091343759538,,,,,NAD83,,,-90.0,117.35000000000001,1992.0,0,,474161,
gov:nb:SA-91-080,gov:nb,SA-91-080,,Yes,New Brunswick,45.98082942869145,-65.3730091878349,,,,,NAD83,,,-90.0,74.68,1992.0,0,,474161,
gov:nb:SA-91-081,gov:nb,SA-91-081,,Yes,New Brunswick,45.98014503677782,-65.37386204460387,,,,,NAD83,,,-90.0,68.58,1992.0,0,,474161,
gov:nb:M-80-001,gov:nb,M-80-001,,Yes,New Brunswick,45.98287976864629,-64.28626959982218,,,,,NAD83,,,-90.0,137.16,1980.0,0,,472610,
gov:nb:M-80-002,gov:nb,M-80-002,,Yes,New Brunswick,45.981651526015376,-64.30089264234707,,,,,NAD83,,,-90.0,24.384,1980.0,0,,472610,
gov:nb:M-80-003,gov:nb,M-80-003,,Yes,New Brunswick,46.00095409476171,-64.27907606045144,,,,,NAD83,,,-90.0,76.2,1980.0,0,,472610,
gov:nb:MV-95-001,gov:nb,MV-95-001,,Yes,New Brunswick,45.97986445150957,-64.36966078207595,,,,,NAD83,,,-90.0,111.25,1996.0,0,,474676,
gov:nb:MV-95-002,gov:nb,MV-95-002,,Yes,New Brunswick,45.98423482491629,-64.371893460431,,,,,NAD83,,,-90.0,245.36,1996.0,0,,474676,
gov:nb:CA-72-005,gov:nb,CA-72-005,,Yes,New Brunswick,45.97424136996713,-64.36014572790116,,,,,NAD83,,,-90.0,39.0144,1972.0,0,,470655,
gov:nb:CA-72-001,gov:nb,CA-72-001,,Yes,New Brunswick,45.98580312574067,-64.35191380388616,,,,,NAD83,,,-90.0,147.066,1973.0,0,,470657,
gov:nb:CA-72-002,gov:nb,CA-72-002,,Yes,New Brunswick,45.9975822856523,-64.35569118470548,,,,,NAD83,,,-90.0,98.4504,1973.0,0,,470657,
gov:nb:CA-72-003,gov:nb,CA-72-003,,Yes,New Brunswick,45.99329643402837,-64.35366255773658,,,,,NAD83,,,-90.0,70.89648,1973.0,0,,470657,
gov:nb:CA-72-004,gov:nb,CA-72-004,,Yes,New Brunswick,45.97281839008294,-64.35865201958038,,,,,NAD83,,,-90.0,43.129200000000004,1973.0,0,,470657,
gov:nb:CA-72-006,gov:nb,CA-72-006,,Yes,New Brunswick,45.97160387989949,-64.35962828904029,,,,,NAD83,,,-90.0,67.6656,1973.0,0,,470657,
gov:nb:CA-72-007,gov:nb,CA-72-007,,Yes,New Brunswick,45.97178158874875,-64.35664008201483,,,,,NAD83,,,-87.0,58.216800000000006,1973.0,0,,470657,
gov:nb:CA-72-008,gov:nb,CA-72-008,,Yes,New Brunswick,45.98476737337548,-64.35568481679928,,,,,NAD83,,,-90.0,66.294,1973.0,0,,470657,
gov:nb:CA-72-009,gov:nb,CA-72-009,,Yes,New Brunswick,45.93584558897565,-64.4773609667349,,,,,NAD83,,,-90.0,38.922959999999996,1973.0,0,,470657,
gov:nb:CA-72-010,gov:nb,CA-72-010,,Yes,New Brunswick,45.935969156781276,-64.47520255894182,,,,,NAD83,,,-90.0,90.8304,1973.0,0,,470657,
gov:nb:CA-72-011,gov:nb,CA-72-011,,Yes,New Brunswick,45.9353033459301,-64.47622001280351,,,,,NAD83,,,-90.0,72.8472,1973.0,0,,470657,
gov:nb:CA-72-012,gov:nb,CA-72-012,,Yes,New Brunswick,45.9368215178009,-64.47404927547744,,,,,NAD83,,,-90.0,51.5112,1973.0,0,,470657,
gov:nb:CA-72-013,gov:nb,CA-72-013,,Yes,New Brunswick,45.93461921974055,-64.47267248460338,,,,,NAD83,,,-90.0,195.2244,1973.0,0,,470657,
gov:nb:CA-72-014,gov:nb,CA-72-014,,Yes,New Brunswick,45.929632327630756,-64.48524822673949,,,,,NAD83,,,-90.0,145.6944,1973.0,0,,470657,
gov:nb:CA-72-015,gov:nb,CA-72-015,,Yes,New Brunswick,45.93173606015211,-64.4624092030887,,,,,NAD83,,,-90.0,75.5904,1973.0,0,,470657,
gov:nb:CA-72-016,gov:nb,CA-72-016,,Yes,New Brunswick,45.98720162549523,-64.36070266728578,,,,,NAD83,,,-90.0,45.110400000000006,1973.0,0,,470657,
gov:nb:CA-72-017,gov:nb,CA-72-017,,Yes,New Brunswick,45.993161803327475,-64.35941326250199,,,,,NAD83,,,-90.0,48.3108,1973.0,0,,470657,
gov:nb:CA-72-018,gov:nb,CA-72-018,,Yes,New Brunswick,46.00194126009004,-64.356826271668,,,,,NAD83,,,-90.0,60.3504,1973.0,0,,470657,
gov:nb:CA-73-019,gov:nb,CA-73-019,,Yes,New Brunswick,45.93465699232757,-64.46823444078905,,,,,NAD83,,,-90.0,204.70000000000002,1974.0,0,,470658,
gov:nb:CA-73-020,gov:nb,CA-73-020,,Yes,New Brunswick,45.93091765386416,-64.47402029337476,,,,,NAD83,,,-90.0,212.0,1974.0,0,,470658,
gov:nb:CA-73-021,gov:nb,CA-73-021,,Yes,New Brunswick,45.9301311436167,-64.48039400458254,,,,,NAD83,,,-90.0,197.3,1974.0,0,,470658,
gov:nb:CA-73-022,gov:nb,CA-73-022,,Yes,New Brunswick,45.93137487635002,-64.47089550510441,,,,,NAD83,,,-90.0,252.1,1974.0,0,,470658,
gov:nb:CA-73-023,gov:nb,CA-73-023,,Yes,New Brunswick,45.931262415238635,-64.47367236879059,,,,,NAD83,,,-90.0,230.8,1974.0,0,,470658,
gov:nb:CA-73-024,gov:nb,CA-73-024,,Yes,New Brunswick,45.932935982982954,-64.47466865508255,,,,,NAD83,,,-90.0,218.6,1974.0,0,,470658,
gov:nb:CA-73-025,gov:nb,CA-73-025,,Yes,New Brunswick,45.929200942304824,-64.47615936655745,,,,,NAD83,,,-90.0,272.3,1974.0,0,,470658,
gov:nb:CA-73-026,gov:nb,CA-73-026,,Yes,New Brunswick,45.93525194852842,-64.46527199337815,,,,,NAD83,,,-90.0,179.3,1974.0,0,,470658,
gov:nb:CA-73-027,gov:nb,CA-73-027,,Yes,New Brunswick,45.932553074267126,-64.46783447494397,,,,,NAD83,,,-90.0,243.0,1974.0,0,,470658,
gov:nb:CA-73-028,gov:nb,CA-73-028,,Yes,New Brunswick,45.93287876478294,-64.47752095043526,,,,,NAD83,,,-90.0,145.4,1974.0,0,,470658,
gov:nb:CA-73-029,gov:nb,CA-73-029,,Yes,New Brunswick,45.99920743634683,-64.3483454143067,,,,,NAD83,,,-90.0,324.7,1974.0,0,,470658,
gov:nb:CA-74-030,gov:nb,CA-74-030,,Yes,New Brunswick,45.933335838508256,-64.47084942448419,,,,,NAD83,,,-90.0,225.0,1974.0,0,,470658,
gov:nb:CA-74-031,gov:nb,CA-74-031,,Yes,New Brunswick,45.92933125432143,-64.46631493508788,,,,,NAD83,,,-90.0,426.2,1974.0,0,,470658,
gov:nb:1,gov:nb,1,,Yes,New Brunswick,45.99877475593313,-64.35116427585099,,,,,NAD83,,336.0,-60.0,61.5696,1964.0,0,,470661,
gov:nb:2,gov:nb,2,,Yes,New Brunswick,45.999209832483885,-64.35180590104635,,,,,NAD83,,336.0,-60.0,62.1792,1964.0,0,,470661,
gov:nb:3,gov:nb,3,,Yes,New Brunswick,45.99954308317975,-64.35277431045908,,,,,NAD83,,336.0,-60.0,61.2648,1964.0,0,,470661,
gov:nb:4,gov:nb,4,,Yes,New Brunswick,45.999792715134774,-64.35360393885647,,,,,NAD83,,336.0,-60.0,49.3776,1964.0,0,,470661,
gov:nb:14,gov:nb,14,,Yes,New Brunswick,45.93882405287918,-64.43677735838718,,,,,NAD83,,,-90.0,90.5,1960.0,0,,470667,
gov:nb:G-001,gov:nb,G-001,,Yes,New Brunswick,45.93165556895833,-64.46193499178493,,,,,NAD83,,,-90.0,374.1,1977.0,0,,470479,
gov:nb:G-002,gov:nb,G-002,,Yes,New Brunswick,45.93424043132778,-64.46004711912907,,,,,NAD83,,,-90.0,264.3,1977.0,0,,470479,
gov:nb:G-003,gov:nb,G-003,,Yes,New Brunswick,45.936093052226745,-64.46098486216302,,,,,NAD83,,,-90.0,155.8,1977.0,0,,470479,
gov:nb:G-004,gov:nb,G-004,,Yes,New Brunswick,45.93628498480565,-64.46366050697819,,,,,NAD83,,,-90.0,105.8,1977.0,0,,470479,
gov:nb:G-005,gov:nb,G-005,,Yes,New Brunswick,45.93445422871565,-64.47048599965281,,,,,NAD83,,,-90.0,157.6,1977.0,0,,470479,
gov:nb:G-006,gov:nb,G-006,,Yes,New Brunswick,45.931476714018615,-64.47559900302329,,,,,NAD83,,,-90.0,42.4,1977.0,0,,470479,
gov:nb:G-006A,gov:nb,G-006A,,Yes,New Brunswick,45.9311232698866,-64.47495420885548,,,,,NAD83,,,-90.0,221.6,1977.0,0,,470479,
gov:nb:G-007,gov:nb,G-007,,Yes,New Brunswick,45.93063309960227,-64.47673893359489,,,,,NAD83,,,-90.0,207.9,1977.0,0,,470479,
gov:nb:G-008,gov:nb,G-008,,Yes,New Brunswick,45.92975294402372,-64.46172131552227,,,,,NAD83,,,-90.0,472.0,1977.0,0,,470479,
gov:nb:G-009,gov:nb,G-009,,Yes,New Brunswick,45.94842410010972,-64.45911147047862,,,,,NAD83,,,-90.0,71.0,1977.0,0,,470479,
gov:nb:G-010,gov:nb,G-010,,Yes,New Brunswick,45.94965624215707,-64.45706640403345,,,,,NAD83,,,-90.0,131.4,1977.0,0,,470479,
gov:nb:G-011,gov:nb,G-011,,Yes,New Brunswick,45.957113662215484,-64.4629326421377,,,,,NAD83,,,-90.0,102.7,1977.0,0,,470479,
gov:nb:G-012,gov:nb,G-012,,Yes,New Brunswick,45.958235616730526,-64.46025916227549,,,,,NAD83,,,-90.0,127.4,1977.0,0,,470479,
gov:nb:G-013,gov:nb,G-013,,Yes,New Brunswick,45.953433240073146,-64.45592061890292,,,,,NAD83,,,-90.0,84.8,1977.0,0,,470479,
gov:nb:FD11-01,gov:nb,FD11-01,,1,New Brunswick,47.6715851860891,-65.93368152947164,,,,,NAD83,,360.0,45.0,126.0,2011.0,0,,477647,
gov:nb:FD11-02,gov:nb,FD11-02,,1,New Brunswick,47.67151890305261,-65.93381100509541,,,,,NAD83,,350.0,45.0,90.0,2011.0,0,,477647,
gov:nb:FD11-03,gov:nb,FD11-03,,1,New Brunswick,47.671504471410515,-65.934023415862,,,,,NAD83,,350.0,45.0,78.0,2011.0,0,,477647,
gov:nb:FD11-04,gov:nb,FD11-04,,1,New Brunswick,47.671504471410515,-65.934023415862,,,,,NAD83,,350.0,70.0,102.0,2011.0,0,,477647,
gov:nb:FD11-05,gov:nb,FD11-05,,1,New Brunswick,47.67157778632546,-65.93432064174648,,,,,NAD83,,80.0,45.0,105.0,2011.0,0,,477647,
gov:nb:FD11-06,gov:nb,FD11-06,,1,New Brunswick,47.67124830236289,-65.93383587591849,,,,,NAD83,,20.0,45.0,105.0,2011.0,0,,477647,
gov:nb:FD11-07,gov:nb,FD11-07,,1,New Brunswick,47.67110091896338,-65.93432055382974,,,,,NAD83,,20.0,45.0,102.0,2011.0,0,,477647,
gov:nb:FH11-01,gov:nb,FH11-01,,1,New Brunswick,47.66593914980715,-65.94295636137511,,,,,NAD83,,160.0,45.0,361.5,2011.0,0,,477647,
gov:nb:FH11-02,gov:nb,FH11-02,,1,New Brunswick,47.66715960348853,-65.94098674718312,,,,,NAD83,,160.0,55.0,156.0,2011.0,0,,477647,
gov:nb:FH11-03,gov:nb,FH11-03,,1,New Brunswick,47.66623564247624,-65.94052185524345,,,,,NAD83,,160.0,45.0,260.0,2011.0,0,,477647,
gov:nb:FH11-04,gov:nb,FH11-04,,1,New Brunswick,47.66551301128255,-65.94273251078585,,,,,NAD83,,160.0,45.0,111.0,2011.0,0,,477647,
gov:nb:FH11-05,gov:nb,FH11-05,,1,New Brunswick,47.664396217207944,-65.94592010986213,,,,,NAD83,,160.0,45.0,42.0,2011.0,0,,477647,
gov:nb:FH11-06,gov:nb,FH11-06,,1,New Brunswick,47.66462002852187,-65.95051515587215,,,,,NAD83,,160.0,45.0,99.0,2011.0,0,,477647,
gov:nb:140-83-25,gov:nb,140-83-25,,1,New Brunswick,47.14449904297418,-66.22179184034366,,,,,NAD83,,,-48.0,54.9,1983.0,0,,472925,
gov:nb:G-014,gov:nb,G-014,,Yes,New Brunswick,45.95127888899204,-64.45421984131576,,,,,NAD83,,,-90.0,84.8,1977.0,0,,470479,
gov:nb:G-015,gov:nb,G-015,,Yes,New Brunswick,45.9463260892113,-64.45503503691361,,,,,NAD83,,,-90.0,17.7,1977.0,0,,470479,
gov:nb:G-028,gov:nb,G-028,,Yes,New Brunswick,45.92780289262628,-64.48002758290093,,,,,NAD83,,,-90.0,255.20000000000002,1978.0,0,,472201,
gov:nb:G-029,gov:nb,G-029,,Yes,New Brunswick,45.92845422718141,-64.48072598506234,,,,,NAD83,,,-90.0,233.8,1978.0,0,,472201,
gov:nb:G-030,gov:nb,G-030,,Yes,New Brunswick,45.9291226286896,-64.48137219738689,,,,,NAD83,,,-90.0,206.4,1978.0,0,,472201,
gov:nb:DDH-97-1,gov:nb,DDH-97-1,,Yes,New Brunswick,46.00634596220315,-64.34703428239611,,,,,NAD83,,,-90.0,156.972,1997.0,0,,474970,
gov:nb:DDH-97-2,gov:nb,DDH-97-2,,Yes,New Brunswick,46.00897198498722,-64.34219217722595,,,,,NAD83,,,-90.0,147.828,1997.0,0,,474970,
gov:nb:DDH-97-3,gov:nb,DDH-97-3,,Yes,New Brunswick,45.999018836216095,-64.35265264220318,,,,,NAD83,,,-90.0,306.9336,1997.0,0,,474970,
gov:nb:DDH-97-4,gov:nb,DDH-97-4,,Yes,New Brunswick,45.99933555509547,-64.3536991711461,,,,,NAD83,,,-90.0,98.78568,1997.0,0,,474970,
gov:nb:DDH-97-5,gov:nb,DDH-97-5,,Yes,New Brunswick,45.99793397455468,-64.35716245300802,,,,,NAD83,,,-60.0,153.924,1997.0,0,,474970,
gov:nb:DDH-97-6,gov:nb,DDH-97-6,,Yes,New Brunswick,45.99732272232367,-64.35719906609451,,,,,NAD83,,,-85.0,153.924,1997.0,0,,474970,
gov:nb:UD-001,gov:nb,UD-001,,Yes,New Brunswick,45.93611361474871,-64.52641340976528,,,,,NAD83,,340.0,-50.0,240.792,1972.0,0,,470628,
gov:nb:UD-002,gov:nb,UD-002,,Yes,New Brunswick,45.934943403174124,-64.52587475478724,,,,,NAD83,,340.0,-50.0,236.22,1972.0,0,,470628,
gov:nb:UD-003,gov:nb,UD-003,,Yes,New Brunswick,45.93378218246604,-64.52533580142654,,,,,NAD83,,340.0,-52.0,197.2056,1972.0,0,,470628,
gov:nb:UD-004,gov:nb,UD-004,,Yes,New Brunswick,45.93636898305446,-64.5240182591311,,,,,NAD83,,340.0,-45.0,131.3688,1972.0,0,,470628,
gov:nb:UD-006,gov:nb,UD-006,,Yes,New Brunswick,45.9366536955333,-64.52279572004166,,,,,NAD83,,340.0,-45.0,91.7448,1972.0,0,,470628,
gov:nb:UD-007,gov:nb,UD-007,,Yes,New Brunswick,45.93892265167515,-64.51563358597595,,,,,NAD83,,340.0,-45.0,121.92,1972.0,0,,470628,
gov:nb:UD-008,gov:nb,UD-008,,Yes,New Brunswick,45.938085143404884,-64.5150832013059,,,,,NAD83,,340.0,-45.0,212.4456,1972.0,0,,470628,
gov:nb:UD-005,gov:nb,UD-005,,Yes,New Brunswick,45.93344580870535,-64.53188650666816,,,,,NAD83,,347.0,-50.0,179.52720000000002,1972.0,0,,470628,
gov:nb:HB-87-001,gov:nb,HB-87-001,,Yes,New Brunswick,45.90200886039543,-64.64566965703251,,,,,NAD83,,,-90.0,15.5,1988.0,0,,473490,
gov:nb:HB-87-002,gov:nb,HB-87-002,,Yes,New Brunswick,45.90199406459433,-64.64641773085431,,,,,NAD83,,,-90.0,12.200000000000001,1988.0,0,,473490,
gov:nb:HB-87-003,gov:nb,HB-87-003,,Yes,New Brunswick,45.898627685145414,-64.65577138839755,,,,,NAD83,,,-90.0,15.200000000000001,1988.0,0,,473490,
gov:nb:DE-87-001,gov:nb,DE-87-001,,Yes,New Brunswick,45.86575220610746,-64.66782631334426,,,,,NAD83,,,-90.0,9.1,1988.0,0,,473491,
gov:nb:DE-87-001A,gov:nb,DE-87-001A,,Yes,New Brunswick,45.86575220610746,-64.66782631334426,,,,,NAD83,,,-90.0,21.6,1988.0,0,,473491,
gov:nb:DE-87-002,gov:nb,DE-87-002,,Yes,New Brunswick,45.86624472982462,-64.6682351134162,,,,,NAD83,,,-90.0,22.900000000000002,1988.0,0,,473491,
gov:nb:DE-87-003,gov:nb,DE-87-003,,Yes,New Brunswick,45.86686254533568,-64.66860114015448,,,,,NAD83,,,-90.0,23.8,1988.0,0,,473491,
gov:nb:DE-87-004,gov:nb,DE-87-004,,Yes,New Brunswick,45.86534311800127,-64.66756933224535,,,,,NAD83,,,-90.0,30.400000000000002,1988.0,0,,473491,
gov:nb:DE-87-005,gov:nb,DE-87-005,,Yes,New Brunswick,45.86493299117648,-64.66724798606128,,,,,NAD83,,,-90.0,30.5,1988.0,0,,473491,
gov:nb:DE-87-006,gov:nb,DE-87-006,,Yes,New Brunswick,45.86462345847309,-64.6670263643718,,,,,NAD83,,,-90.0,21.3,1988.0,0,,473491,
gov:nb:DE-87-007,gov:nb,DE-87-007,,Yes,New Brunswick,45.86277014467289,-64.67488008274519,,,,,NAD83,,,-90.0,15.200000000000001,1988.0,0,,473491,
gov:nb:DE-87-008,gov:nb,DE-87-008,,Yes,New Brunswick,45.862398909245925,-64.67473773789298,,,,,NAD83,,,-90.0,15.5,1988.0,0,,473491,
gov:nb:DE-87-009,gov:nb,DE-87-009,,Yes,New Brunswick,45.86220848432806,-64.67520768353914,,,,,NAD83,,,-90.0,15.5,1988.0,0,,473491,
gov:nb:DE-87-010,gov:nb,DE-87-010,,Yes,New Brunswick,45.862967181394374,-64.67594265211645,,,,,NAD83,,,-90.0,15.200000000000001,1988.0,0,,473491,
gov:nb:DE-87-011,gov:nb,DE-87-011,,Yes,New Brunswick,45.86327835742281,-64.67514672478573,,,,,NAD83,,,-90.0,12.200000000000001,1988.0,0,,473491,
gov:nb:DE-87-012,gov:nb,DE-87-012,,Yes,New Brunswick,45.86190041406745,-64.67507613959575,,,,,NAD83,,,-90.0,12.200000000000001,1988.0,0,,473491,
gov:nb:UD-85-001,gov:nb,UD-85-001,,Yes,New Brunswick,45.9418090816078,-64.50984171224866,,,,,NAD83,,340.0,-45.0,53.949600000000004,1986.0,0,,473280,
gov:nb:UD-85-002,gov:nb,UD-85-002,,Yes,New Brunswick,45.94134858687316,-64.50923913057771,,,,,NAD83,,340.0,-45.0,90.25128,1986.0,0,,473280,
gov:nb:UD-85-003,gov:nb,UD-85-003,,Yes,New Brunswick,45.943445977179174,-64.50004392526851,,,,,NAD83,,,,105.79608,1986.0,0,,473280,
gov:nb:C-001,gov:nb,C-001,,Yes,New Brunswick,45.857770159723984,-64.65779965298225,,,,,NAD83,,,-90.0,131.3688,1976.0,0,,470640,
gov:nb:C-002,gov:nb,C-002,,Yes,New Brunswick,45.85458136326358,-64.65427387587307,,,,,NAD83,,,-90.0,156.6672,1976.0,0,,470640,
gov:nb:DMD-90-001,gov:nb,DMD-90-001,,Yes,New Brunswick,45.86478998826081,-64.66842484560438,,,,,NAD83,,,-90.0,40.4,1990.0,0,,473910,
gov:nb:DMD-90-002,gov:nb,DMD-90-002,,Yes,New Brunswick,45.86436249846356,-64.66814271123872,,,,,NAD83,,,-90.0,26.2,1990.0,0,,473910,
gov:nb:DMD-90-003,gov:nb,DMD-90-003,,Yes,New Brunswick,45.8642579507721,-64.66947285251007,,,,,NAD83,,,-90.0,19.8,1990.0,0,,473910,
gov:nb:DMD-90-004,gov:nb,DMD-90-004,,Yes,New Brunswick,45.86515265224709,-64.66859319861985,,,,,NAD83,,,-90.0,20.400000000000002,1990.0,0,,473910,
gov:nb:DMD-90-005,gov:nb,DMD-90-005,,Yes,New Brunswick,45.86559162424197,-64.66902953060797,,,,,NAD83,,,-90.0,20.1,1990.0,0,,473910,
gov:nb:DMD-90-006,gov:nb,DMD-90-006,,Yes,New Brunswick,45.86581253219489,-64.66877750195154,,,,,NAD83,,,-90.0,25.900000000000002,1990.0,0,,473910,
gov:nb:DMD-90-007,gov:nb,DMD-90-007,,Yes,New Brunswick,45.86521089802949,-64.66941563944383,,,,,NAD83,,,-90.0,23.5,1990.0,0,,473910,
gov:nb:DMD-90-008,gov:nb,DMD-90-008,,Yes,New Brunswick,45.864816689962694,-64.6689649489704,,,,,NAD83,,,-90.0,27.3,1990.0,0,,473910,
gov:nb:J-1,gov:nb,J-1,,Yes,New Brunswick,45.84591827466328,-64.87541161032073,,,,,NAD83,,45.0,-45.0,14.020800000000001,1969.0,0,,470644,
gov:nb:J-2,gov:nb,J-2,,Yes,New Brunswick,45.8457020329146,-64.87539218931056,,,,,NAD83,,45.0,-40.0,37.7952,1969.0,0,,470644,
gov:nb:140-83-26,gov:nb,140-83-26,,1,New Brunswick,47.14938904281557,-66.22406078604452,,,,,NAD83,,,-45.0,137.20000000000002,1983.0,0,,472925,
gov:nb:Newkirk-53-1,gov:nb,Newkirk-53-1,,1,New Brunswick,47.57055479559316,-65.79945186615726,,,,,NAD83,,157.0,-45.0,122.8,1953.0,0,,470378,
gov:nb:5,gov:nb,5,,Yes,New Brunswick,45.93219151435965,-64.48444900029861,,,,,NAD83,,,-90.0,31.7,1960.0,0,,470667,
gov:nb:6,gov:nb,6,,Yes,New Brunswick,45.93222959536312,-64.48380523061658,,,,,NAD83,,,-90.0,44.2,1960.0,0,,470667,
gov:nb:7,gov:nb,7,,Yes,New Brunswick,45.932668388894776,-64.48340956912236,,,,,NAD83,,,-90.0,25.6,1960.0,0,,470667,
gov:nb:8,gov:nb,8,,Yes,New Brunswick,45.93265886224155,-64.4823652773263,,,,,NAD83,,,-90.0,44.2,1960.0,0,,470667,
gov:nb:Newkirk-53-2,gov:nb,Newkirk-53-2,,1,New Brunswick,47.573963236847725,-65.79789156317375,,,,,NAD83,,157.0,-45.0,103.60000000000001,1953.0,0,,470378,
gov:nb:9,gov:nb,9,,Yes,New Brunswick,45.93059444316981,-64.48814699069801,,,,,NAD83,,,-90.0,31.1,1960.0,0,,470667,
gov:nb:10,gov:nb,10,,Yes,New Brunswick,45.93015900451109,-64.48899268296978,,,,,NAD83,,,-90.0,32.5,1960.0,0,,470667,
gov:nb:Newkirk-53-3,gov:nb,Newkirk-53-3,,1,New Brunswick,47.57529266533708,-65.817133830187,,,,,NAD83,,337.0,-45.0,198.70000000000002,1953.0,0,,470378,
gov:nb:11,gov:nb,11,,Yes,New Brunswick,45.92986389829647,-64.48954568343201,,,,,NAD83,,,-90.0,31.7,1960.0,0,,470667,
gov:nb:82-001,gov:nb,82-001,,Yes,New Brunswick,45.59985033001896,-65.5365642835161,,,,,NAD83,,,,37.0,1984.0,0,,473023,
gov:nb:82-002,gov:nb,82-002,,Yes,New Brunswick,45.601392649249895,-65.5412420549631,,,,,NAD83,,,,37.0,1984.0,0,,473023,
gov:nb:82-003,gov:nb,82-003,,Yes,New Brunswick,45.60931116158811,-65.53069605357838,,,,,NAD83,,,,37.0,1984.0,0,,473023,
gov:nb:82-004,gov:nb,82-004,,Yes,New Brunswick,45.60592502906531,-65.53669024932034,,,,,NAD83,,,,37.0,1984.0,0,,473023,
gov:nb:82-005,gov:nb,82-005,,Yes,New Brunswick,45.60298338934851,-65.53360037048745,,,,,NAD83,,,,37.0,1984.0,0,,473023,
gov:nb:82-006,gov:nb,82-006,,Yes,New Brunswick,45.606092758301315,-65.53208514213868,,,,,NAD83,,,,37.0,1984.0,0,,473023,
gov:nb:82-007,gov:nb,82-007,,Yes,New Brunswick,45.60530408618201,-65.53350893919448,,,,,NAD83,,,,37.0,1984.0,0,,473023,
gov:nb:82-008,gov:nb,82-008,,Yes,New Brunswick,45.605827016561825,-65.53257688767688,,,,,NAD83,,,,14.0,1984.0,0,,473023,
gov:nb:82-009,gov:nb,82-009,,Yes,New Brunswick,45.60557882864717,-65.5330170469213,,,,,NAD83,,,,19.0,1984.0,0,,473023,
gov:nb:82-010,gov:nb,82-010,,Yes,New Brunswick,45.604453619613096,-65.53507477427026,,,,,NAD83,,,,13.0,1984.0,0,,473023,
gov:nb:82-011,gov:nb,82-011,,Yes,New Brunswick,45.603780885539145,-65.53638111580113,,,,,NAD83,,,,19.0,1984.0,0,,473023,
gov:nb:82-012,gov:nb,82-012,,Yes,New Brunswick,45.602708725003524,-65.53833524500207,,,,,NAD83,,,,19.0,1984.0,0,,473023,
gov:nb:82-013,gov:nb,82-013,,Yes,New Brunswick,45.60434847725951,-65.53752504565183,,,,,NAD83,,,,25.0,1984.0,0,,473023,
gov:nb:82-014,gov:nb,82-014,,Yes,New Brunswick,45.607383357402014,-65.53676765447011,,,,,NAD83,,,,19.0,1984.0,0,,473023,
gov:nb:82-015,gov:nb,82-015,,Yes,New Brunswick,45.59865078222044,-65.53517501055289,,,,,NAD83,,,,38.0,1984.0,0,,473023,
gov:nb:82-016,gov:nb,82-016,,Yes,New Brunswick,45.6027139624609,-65.54214232556217,,,,,NAD83,,,,60.0,1984.0,0,,473023,
gov:nb:82-017,gov:nb,82-017,,Yes,New Brunswick,45.59801629281211,-65.53992851108299,,,,,NAD83,,,,45.0,1984.0,0,,473023,
gov:nb:82-018,gov:nb,82-018,,Yes,New Brunswick,45.59876410697342,-65.5411077189356,,,,,NAD83,,,,30.0,1984.0,0,,473023,
gov:nb:P-001,gov:nb,P-001,,Yes,New Brunswick,45.654279559255286,-65.72180805863812,,,,,NAD83,,,-90.0,57.912000000000006,1975.0,0,,470583,
gov:nb:P-002,gov:nb,P-002,,Yes,New Brunswick,45.65537843228412,-65.71935489772257,,,,,NAD83,,,-90.0,161.544,1975.0,0,,470583,
gov:nb:P-003,gov:nb,P-003,,Yes,New Brunswick,45.65751269443817,-65.72354648479154,,,,,NAD83,,,-90.0,274.32,1975.0,0,,470583,
gov:nb:P-004,gov:nb,P-004,,Yes,New Brunswick,45.65866448606082,-65.71311131718423,,,,,NAD83,,,-90.0,277.368,1975.0,0,,470583,
gov:nb:P-005,gov:nb,P-005,,Yes,New Brunswick,45.65537656055923,-65.71517211904936,,,,,NAD83,,,-90.0,124.968,1975.0,0,,470583,
gov:nb:P-006,gov:nb,P-006,,Yes,New Brunswick,45.65563937851384,-65.72592058755676,,,,,NAD83,,,-90.0,260.604,1975.0,0,,470583,
gov:nb:P-007,gov:nb,P-007,,Yes,New Brunswick,45.65333286005125,-65.71240388403311,,,,,NAD83,,,-90.0,90.52560000000001,1975.0,0,,470583,
gov:nb:P-008,gov:nb,P-008,,Yes,New Brunswick,45.65157451982388,-65.7105683848807,,,,,NAD83,,,-90.0,24.9936,1975.0,0,,470583,
gov:nb:P-009,gov:nb,P-009,,Yes,New Brunswick,45.65578953263218,-65.71503800062284,,,,,NAD83,,,-90.0,140.8176,1975.0,0,,470583,
gov:nb:P-010,gov:nb,P-010,,Yes,New Brunswick,45.65584245608651,-65.72272290240758,,,,,NAD83,,,-90.0,210.312,1975.0,0,,470583,
gov:nb:P-011,gov:nb,P-011,,No,New Brunswick,45.6580698481855,-65.72081849207288,,,,,NAD83,,,-90.0,291.6936,1977.0,0,,470431,
gov:nb:P-012,gov:nb,P-012,,No,New Brunswick,45.657236184106424,-65.71735290548277,,,,,NAD83,,,-90.0,226.77120000000002,1977.0,0,,470431,
gov:nb:P-013,gov:nb,P-013,,No,New Brunswick,45.65407027942713,-65.7162425898937,,,,,NAD83,,,-90.0,119.7864,1977.0,0,,470431,
gov:nb:P-014,gov:nb,P-014,,No,New Brunswick,45.65494170639522,-65.71344610742312,,,,,NAD83,,,-90.0,73.152,1977.0,0,,470431,
gov:nb:P-015,gov:nb,P-015,,No,New Brunswick,45.65600984362192,-65.7354359179681,,,,,NAD83,,,-90.0,35.6616,1977.0,0,,470431,
gov:nb:P-016,gov:nb,P-016,,No,New Brunswick,45.656788368252755,-65.74825624063946,,,,,NAD83,,,,89.91600000000001,1977.0,0,,470431,
gov:nb:P-017,gov:nb,P-017,,No,New Brunswick,45.656472761690395,-65.70718867697904,,,,,NAD83,,,-90.0,85.34400000000001,1977.0,0,,470431,
gov:nb:P-018,gov:nb,P-018,,No,New Brunswick,45.656452794589974,-65.70690667996796,,,,,NAD83,,,-90.0,197.2056,1977.0,0,,470431,
gov:nb:WC-001,gov:nb,WC-001,,Yes,New Brunswick,45.63762274506133,-65.52068687757972,,,,,NAD83,,117.0,-61.0,125.8824,1981.0,0,,472729,
gov:nb:WC-002,gov:nb,WC-002,,Yes,New Brunswick,45.637109527218165,-65.51856665524521,,,,,NAD83,,,-90.0,138.0744,1981.0,0,,472729,
gov:nb:WC-003,gov:nb,WC-003,,Yes,New Brunswick,45.638553201720484,-65.51695071564123,,,,,NAD83,,,-90.0,122.8344,1981.0,0,,472729,
gov:nb:WC-004,gov:nb,WC-004,,Yes,New Brunswick,45.63264841401618,-65.50638377169639,,,,,NAD83,,,-90.0,128.93040000000002,1981.0,0,,472729,
gov:nb:WC-005,gov:nb,WC-005,,Yes,New Brunswick,45.63852156181153,-65.52265928920875,,,,,NAD83,,130.0,-50.0,67.9704,1981.0,0,,472729,
gov:nb:WC-006,gov:nb,WC-006,,Yes,New Brunswick,45.63482366909767,-65.52582797616444,,,,,NAD83,,,-90.0,77.1144,1981.0,0,,472729,
gov:nb:WC-007,gov:nb,WC-007,,Yes,New Brunswick,45.640479983164425,-65.52125245095526,,,,,NAD83,,115.0,-45.0,40.5384,1981.0,0,,472729,
gov:nb:WC-008,gov:nb,WC-008,,Yes,New Brunswick,45.64521720659099,-65.52070752390506,,,,,NAD83,,110.0,-45.0,98.4504,1981.0,0,,472729,
gov:nb:WC-009,gov:nb,WC-009,,Yes,New Brunswick,45.64421157842173,-65.54736954465822,,,,,NAD83,,110.0,-75.0,122.8344,1981.0,0,,472729,
gov:nb:WC-010,gov:nb,WC-010,,Yes,New Brunswick,45.64540323007443,-65.54783668348766,,,,,NAD83,,110.0,-75.0,121.92,1981.0,0,,472729,
gov:nb:WC-011,gov:nb,WC-011,,Yes,New Brunswick,45.64929741963215,-65.54013669485401,,,,,NAD83,,110.0,-60.0,58.8264,1981.0,0,,472729,
gov:nb:TB-89-001,gov:nb,TB-89-001,,Yes,New Brunswick,45.72067860068743,-65.86241401905905,,,,,NAD83,,334.0,-45.0,94.8,1990.0,0,,473881,
gov:nb:BF-89-001,gov:nb,BF-89-001,,Yes,New Brunswick,45.75772020598683,-65.82170452856927,,,,,NAD83,,334.0,-45.0,75.0,1990.0,0,,473882,
gov:nb:BF-89-002,gov:nb,BF-89-002,,Yes,New Brunswick,45.75899665493568,-65.81699707262518,,,,,NAD83,,334.0,-45.0,135.94,1990.0,0,,473882,
gov:nb:BF-89-003,gov:nb,BF-89-003,,Yes,New Brunswick,45.75794382698549,-65.81997933191982,,,,,NAD83,,334.0,-45.0,93.3,1990.0,0,,473882,
gov:nb:AN-91-001,gov:nb,AN-91-001,,Yes,New Brunswick,45.68788672919122,-65.91683736788934,,,,,NAD83,,159.0,-45.0,85.9,1992.0,0,,474233,
gov:nb:AN-91-003,gov:nb,AN-91-003,,Yes,New Brunswick,45.6865333159864,-65.91610694133662,,,,,NAD83,,339.0,-45.0,134.1,1992.0,0,,474233,
gov:nb:AN-91-002,gov:nb,AN-91-002,,Yes,New Brunswick,45.68750726174016,-65.91653322785479,,,,,NAD83,,159.0,-45.0,79.2,1992.0,0,,474233,
gov:nb:AN-91-004,gov:nb,AN-91-004,,Yes,New Brunswick,45.69320718924851,-65.91738513615095,,,,,NAD83,,339.0,-45.0,68.0,1992.0,0,,474233,
gov:nb:59033,gov:nb,59033,,Yes,New Brunswick,45.571014188246544,-65.80497254190284,,,,,NAD83,,280.0,-45.0,153.3144,1977.0,0,,470455,
gov:nb:59037,gov:nb,59037,,Yes,New Brunswick,45.56807325844335,-65.80813488255569,,,,,NAD83,,325.0,-45.0,106.68,1977.0,0,,470455,
gov:nb:S-73-001,gov:nb,S-73-001,,Yes,New Brunswick,45.68257020474904,-65.97803458303498,,,,,NAD83,,,-45.0,135.9408,1974.0,0,,470590,
gov:nb:DP-90-001,gov:nb,DP-90-001,,Yes,New Brunswick,45.676905488653055,-65.91605375604564,,,,,NAD83,,339.0,-50.0,30.5,1991.0,0,,474009,
gov:nb:DP-90-002,gov:nb,DP-90-002,,Yes,New Brunswick,45.67726278198386,-65.91729506471823,,,,,NAD83,,159.0,-45.0,54.800000000000004,1991.0,0,,474009,
gov:nb:FR94-1,gov:nb,FR94-1,,Yes,New Brunswick,45.66817921974873,-65.90939472503422,,,,,NAD83,,118.5,-50.0,41.76,1995.0,0,,474583,
gov:nb:FR94-2,gov:nb,FR94-2,,Yes,New Brunswick,45.66817921974873,-65.90939472503422,,,,,NAD83,,118.0,-83.0,71.85000000000001,1995.0,0,,474583,
gov:nb:FR94-3,gov:nb,FR94-3,,Yes,New Brunswick,45.66821527546583,-65.90940717665315,,,,,NAD83,,159.0,-45.0,47.85,1995.0,0,,474583,
gov:nb:FR94-4,gov:nb,FR94-4,,Yes,New Brunswick,45.66821527546583,-65.90940717665315,,,,,NAD83,,159.0,-63.0,47.85,1995.0,0,,474583,
gov:nb:FR94-5,gov:nb,FR94-5,,Yes,New Brunswick,45.66821527546583,-65.90940717665315,,,,,NAD83,,159.0,-78.0,63.4,1995.0,0,,474583,
gov:nb:FR94-6,gov:nb,FR94-6,,Yes,New Brunswick,45.66817921974873,-65.90939472503422,,,,,NAD83,,118.0,-64.5,55.17,1995.0,0,,474583,
gov:nb:FR94-7,gov:nb,FR94-7,,Yes,New Brunswick,45.668205810533486,-65.90931744240861,,,,,NAD83,,77.0,-45.0,40.54,1995.0,0,,474583,
gov:nb:FR94-8,gov:nb,FR94-8,,Yes,New Brunswick,45.66821487457943,-65.9093301798954,,,,,NAD83,,77.0,-63.0,47.85,1995.0,0,,474583,
gov:nb:FR94-9,gov:nb,FR94-9,,Yes,New Brunswick,45.66820594417094,-65.90934310799014,,,,,NAD83,,77.0,-80.0,88.09,1995.0,0,,474583,
gov:nb:FR94-10,gov:nb,FR94-10,,Yes,New Brunswick,45.66827905766927,-65.90956050330496,,,,,NAD83,,118.0,-73.0,90.53,1995.0,0,,474583,
gov:nb:FR94-11,gov:nb,FR94-11,,Yes,New Brunswick,45.6710434493503,-65.90823498146153,,,,,NAD83,,119.0,-45.0,60.6,1995.0,0,,474583,
gov:nb:FR94-12,gov:nb,FR94-12,,Yes,New Brunswick,45.671034318235144,-65.9082094100697,,,,,NAD83,,119.0,-64.0,60.050000000000004,1995.0,0,,474583,
gov:nb:FR94-13,gov:nb,FR94-13,,Yes,New Brunswick,45.67104378405326,-65.90829914867143,,,,,NAD83,,160.0,-45.0,57.0,1995.0,0,,474583,
gov:nb:FR94-14,gov:nb,FR94-14,,Yes,New Brunswick,45.67104358323583,-65.90826064834538,,,,,NAD83,,160.0,-62.0,59.74,1995.0,0,,474583,
gov:nb:FR94-15,gov:nb,FR94-15,,Yes,New Brunswick,45.67104398485756,-65.90833764899783,,,,,NAD83,,77.0,-43.0,65.23,1995.0,0,,474583,
gov:nb:FR94-16,gov:nb,FR94-16,,Yes,New Brunswick,45.669158848226424,-65.9091790096609,,,,,NAD83,,118.0,-45.0,153.70000000000002,1995.0,0,,474583,
gov:nb:FR95-1,gov:nb,FR95-1,,Yes,New Brunswick,45.66827832286132,-65.90941934241907,,,,,NAD83,,115.0,-80.0,99.65,1995.0,0,,474590,
gov:nb:FR95-2,gov:nb,FR95-2,,Yes,New Brunswick,45.66827832286132,-65.90941934241907,,,,,NAD83,,115.0,-45.0,43.050000000000004,1995.0,0,,474590,
gov:nb:FR95-3,gov:nb,FR95-3,,Yes,New Brunswick,45.6684049520497,-65.90954633672688,,,,,NAD83,,105.0,-45.0,61.43,1995.0,0,,474590,
gov:nb:FR95-4,gov:nb,FR95-4,,Yes,New Brunswick,45.6684049520497,-65.90954633672688,,,,,NAD83,,105.0,-60.0,89.0,1995.0,0,,474590,
gov:nb:FR95-5,gov:nb,FR95-5,,Yes,New Brunswick,45.6685047229734,-65.90969928307906,,,,,NAD83,,105.0,-45.0,76.65,1995.0,0,,474590,
gov:nb:FR95-6,gov:nb,FR95-6,,Yes,New Brunswick,45.6685047229734,-65.90969928307906,,,,,NAD83,,160.0,-62.5,111.15,1995.0,0,,474590,
gov:nb:FR95-7,gov:nb,FR95-7,,Yes,New Brunswick,45.668243001968825,-65.90954805157274,,,,,NAD83,,160.0,-45.0,55.9,1995.0,0,,474590,
gov:nb:FR95-8,gov:nb,FR95-8,,Yes,New Brunswick,45.66825206598898,-65.90956078910564,,,,,NAD83,,160.0,-60.0,68.3,1995.0,0,,474590,
gov:nb:FR95-9,gov:nb,FR95-9,,Yes,New Brunswick,45.66819848335778,-65.90963835744299,,,,,NAD83,,160.0,-45.0,61.25,1995.0,0,,474590,
gov:nb:FR95-10,gov:nb,FR95-10,,Yes,New Brunswick,45.66820741380006,-65.90962542939712,,,,,NAD83,,160.0,-60.0,71.32000000000001,1995.0,0,,474590,
gov:nb:FR95-11,gov:nb,FR95-11,,Yes,New Brunswick,45.66812724007615,-65.90978027998112,,,,,NAD83,,160.0,-45.0,86.75,1995.0,0,,474590,
gov:nb:FR95-12,gov:nb,FR95-12,,Yes,New Brunswick,45.6681363040703,-65.90979301752554,,,,,NAD83,,160.0,-60.0,84.0,1995.0,0,,474590,
gov:nb:FR95-13,gov:nb,FR95-13,,Yes,New Brunswick,45.66814650285697,-65.91002391230013,,,,,NAD83,,120.0,-45.0,61.800000000000004,1995.0,0,,474590,
gov:nb:FR95-13A,gov:nb,FR95-13A,,Yes,New Brunswick,45.66812870861629,-65.91006260100652,,,,,NAD83,,210.0,-45.0,46.9,1995.0,0,,474590,
gov:nb:FR95-14,gov:nb,FR95-14,,Yes,New Brunswick,45.66815570029861,-65.91006231544964,,,,,NAD83,,120.0,-60.0,71.55,1995.0,0,,474590,
gov:nb:FR95-15,gov:nb,FR95-15,,Yes,New Brunswick,45.66794816338807,-65.90994901011581,,,,,NAD83,,120.0,-45.0,55.6,1995.0,0,,474590,
gov:nb:FR95-16,gov:nb,FR95-16,,Yes,New Brunswick,45.66795722736333,-65.90996174764697,,,,,NAD83,,120.0,-60.0,68.3,1995.0,0,,474590,
gov:nb:FR95-17,gov:nb,FR95-17,,Yes,New Brunswick,45.66784859309197,-65.90983456296495,,,,,NAD83,,110.0,-60.0,38.95,1995.0,0,,474590,
gov:nb:FR95-18,gov:nb,FR95-18,,Yes,New Brunswick,45.66775022438476,-65.9099511045824,,,,,NAD83,,110.0,-60.0,44.0,1995.0,0,,474590,
gov:nb:FR95-19,gov:nb,FR95-19,,Yes,New Brunswick,45.66774216149046,-65.91013085737778,,,,,NAD83,,110.0,-60.0,47.5,1995.0,0,,474590,
gov:nb:FR95-13XT,gov:nb,FR95-13XT,,Yes,New Brunswick,45.66814650285697,-65.91002391230013,,,,,NAD83,,129.0,-45.0,81.18,1996.0,0,,474759,
gov:nb:FR95-14XT,gov:nb,FR95-14XT,,Yes,New Brunswick,45.66815570029861,-65.91006231544964,,,,,NAD83,,130.0,-60.0,89.9,1996.0,0,,474759,
gov:nb:FR95-19XT,gov:nb,FR95-19XT,,Yes,New Brunswick,45.66774216149046,-65.91013085737778,,,,,NAD83,,107.5,-60.0,96.0,1996.0,0,,474759,
gov:nb:FR96-1,gov:nb,FR96-1,,Yes,New Brunswick,45.667939766839226,-65.91006459989508,,,,,NAD83,,110.0,-60.0,83.60000000000001,1996.0,0,,474759,
gov:nb:SA-91-082,gov:nb,SA-91-082,,Yes,New Brunswick,45.97971200007324,-65.37283836674776,,,,,NAD83,,,-90.0,89.92,1992.0,0,,474161,
gov:nb:SA-91-083,gov:nb,SA-91-083,,Yes,New Brunswick,45.979486988411495,-65.37464981335378,,,,,NAD83,,,-90.0,62.480000000000004,1992.0,0,,474161,
gov:nb:SA-91-084,gov:nb,SA-91-084,,Yes,New Brunswick,45.978729340043735,-65.37537505868228,,,,,NAD83,,,-90.0,56.39,1992.0,0,,474161,
gov:nb:SA-91-085,gov:nb,SA-91-085,,Yes,New Brunswick,45.97822434844717,-65.37435285977631,,,,,NAD83,,,-90.0,65.53,1992.0,0,,474161,
gov:nb:SA-91-086,gov:nb,SA-91-086,,Yes,New Brunswick,45.97800728879503,-65.3760608431933,,,,,NAD83,,,-90.0,50.29,1992.0,0,,474161,
gov:nb:SA-91-087,gov:nb,SA-91-087,,Yes,New Brunswick,45.97708731973229,-65.37675062932634,,,,,NAD83,,,-90.0,47.24,1992.0,0,,474161,
gov:nb:SA-91-088,gov:nb,SA-91-088,,Yes,New Brunswick,45.976547121196,-65.37580659663203,,,,,NAD83,,,-90.0,59.44,1992.0,0,,474161,
gov:nb:SA-91-089,gov:nb,SA-91-089,,Yes,New Brunswick,45.9761760877612,-65.37741440424772,,,,,NAD83,,,-90.0,47.24,1992.0,0,,474161,
gov:nb:D-80-001,gov:nb,D-80-001,,No,New Brunswick,45.83401683247326,-65.37277329913769,,,,,NAD83,,,-90.0,30.7848,1980.0,0,,472565,
gov:nb:D-80-002(A),gov:nb,D-80-002(A),,No,New Brunswick,45.834365962784105,-65.37349993617642,,,,,NAD83,,,-90.0,4.572,1980.0,0,,472565,
gov:nb:D-80-002(B),gov:nb,D-80-002(B),,No,New Brunswick,45.834365962784105,-65.37349993617642,,,,,NAD83,,,-90.0,3.9624,1980.0,0,,472565,
gov:nb:D-80-003,gov:nb,D-80-003,,No,New Brunswick,45.83314133463075,-65.37340893637266,,,,,NAD83,,,-90.0,24.384,1980.0,0,,472565,
gov:nb:D-80-004(A),gov:nb,D-80-004(A),,No,New Brunswick,45.833588143417536,-65.37400486300118,,,,,NAD83,,,-90.0,3.9624,1980.0,0,,472565,
gov:nb:D-80-004(B),gov:nb,D-80-004(B),,No,New Brunswick,45.833588143417536,-65.37400486300118,,,,,NAD83,,,-90.0,3.048,1980.0,0,,472565,
gov:nb:D-80-005,gov:nb,D-80-005,,No,New Brunswick,45.84782666359296,-65.3671365963678,,,,,NAD83,,,-90.0,11.277600000000001,1980.0,0,,472565,
gov:nb:D-80-004(C),gov:nb,D-80-004(C),,No,New Brunswick,45.833678232717624,-65.37401590801527,,,,,NAD83,,,-90.0,4.2672,1980.0,0,,472565,
gov:nb:D-81-003,gov:nb,D-81-003,,No,New Brunswick,45.82640419493044,-65.35385368503499,,,,,NAD83,,,-90.0,18.288,1981.0,0,,472710,
gov:nb:D-81-004,gov:nb,D-81-004,,No,New Brunswick,45.82780729737916,-65.34756946767503,,,,,NAD83,,,-90.0,24.384,1981.0,0,,472710,
gov:nb:D-81-001,gov:nb,D-81-001,,No,New Brunswick,45.83030466644714,-65.37408432569923,,,,,NAD83,,,-90.0,23.4696,1981.0,0,,472710,
gov:nb:D-81-002,gov:nb,D-81-002,,No,New Brunswick,45.82714565260949,-65.36767441292939,,,,,NAD83,,,-90.0,40.2336,1981.0,0,,472710,
gov:nb:D-75-008,gov:nb,D-75-008,,No,New Brunswick,45.84320958822651,-65.36432121282242,,,,,NAD83,,,-90.0,47.0916,1976.0,0,,470626,
gov:nb:D-75-009,gov:nb,D-75-009,,No,New Brunswick,45.842674166578426,-65.36296748990665,,,,,NAD83,,,-90.0,16.3068,1976.0,0,,470626,
gov:nb:D-75-012,gov:nb,D-75-012,,No,New Brunswick,45.845574222253255,-65.36144032565412,,,,,NAD83,,,-90.0,53.34,1976.0,0,,470626,
gov:nb:D-75-016,gov:nb,D-75-016,,No,New Brunswick,45.85263863929048,-65.35884881408289,,,,,NAD83,,,-90.0,21.945600000000002,1976.0,0,,470626,
gov:nb:D-75-017,gov:nb,D-75-017,,No,New Brunswick,45.85311509661161,-65.35970175784121,,,,,NAD83,,,-90.0,16.4592,1976.0,0,,470626,
gov:nb:D-75-018,gov:nb,D-75-018,,No,New Brunswick,45.85020916703247,-65.36153837089837,,,,,NAD83,,,-90.0,17.3736,1976.0,0,,470626,
gov:nb:D-75-023,gov:nb,D-75-023,,No,New Brunswick,45.84417101771373,-65.36688934850879,,,,,NAD83,,,-90.0,7.9248,1976.0,0,,470626,
gov:nb:D-75-025,gov:nb,D-75-025,,No,New Brunswick,45.82596705676883,-65.3533350190318,,,,,NAD83,,,-90.0,7.3152,1976.0,0,,470626,
gov:nb:D-75-025(B),gov:nb,D-75-025(B),,Yes,New Brunswick,45.82858070426631,-65.3501919856605,,,,,NAD83,,,-90.0,20.4216,1976.0,0,,470626,
gov:nb:D-75-025(D),gov:nb,D-75-025(D),,Yes,New Brunswick,45.82822294608051,-65.3477410346124,,,,,NAD83,,,-90.0,31.3944,1976.0,0,,470626,
gov:nb:D-75-026,gov:nb,D-75-026,,Yes,New Brunswick,45.82635203547028,-65.35403494941217,,,,,NAD83,,,-90.0,4.2672,1976.0,0,,470626,
gov:nb:D-75-026(A),gov:nb,D-75-026(A),,Yes,New Brunswick,45.82772607260824,-65.35020968343132,,,,,NAD83,,,-90.0,16.764,1976.0,0,,470626,
gov:nb:D-75-026(B),gov:nb,D-75-026(B),,Yes,New Brunswick,45.827543273390496,-65.35081839792386,,,,,NAD83,,,-90.0,9.144,1976.0,0,,470626,
gov:nb:D-75-026(C),gov:nb,D-75-026(C),,Yes,New Brunswick,45.82754719196847,-65.3503163542943,,,,,NAD83,,,-90.0,15.8496,1976.0,0,,470626,
gov:nb:D-75-026(D),gov:nb,D-75-026(D),,Yes,New Brunswick,45.82828617623705,-65.35042976294535,,,,,NAD83,,,-90.0,33.8328,1976.0,0,,470626,
gov:nb:D-75-027,gov:nb,D-75-027,,Yes,New Brunswick,45.82488219785312,-65.35908466437532,,,,,NAD83,,,-90.0,4.572,1976.0,0,,470626,
gov:nb:D-75-028,gov:nb,D-75-028,,Yes,New Brunswick,45.82278892206628,-65.36840673559645,,,,,NAD83,,,-90.0,11.7348,1976.0,0,,470626,
gov:nb:D-75-028(A),gov:nb,D-75-028(A),,Yes,New Brunswick,45.82296756369729,-65.36827439785664,,,,,NAD83,,,-90.0,18.8976,1976.0,0,,470626,
gov:nb:D-75-030,gov:nb,D-75-030,,Yes,New Brunswick,45.8847379978858,-65.27866722540436,,,,,NAD83,,,-90.0,14.6304,1976.0,0,,470626,
gov:nb:D-75-031,gov:nb,D-75-031,,Yes,New Brunswick,45.87235499963328,-65.31678520127349,,,,,NAD83,,,-90.0,12.4968,1976.0,0,,470626,
gov:nb:D-75-033,gov:nb,D-75-033,,Yes,New Brunswick,45.88411436855007,-65.2775729344796,,,,,NAD83,,,-90.0,24.6888,1976.0,0,,470626,
gov:nb:D-75-035,gov:nb,D-75-035,,No,New Brunswick,45.871532192079165,-65.31726647447714,,,,,NAD83,,,-90.0,9.7536,1976.0,0,,470626,
gov:nb:D-75-036,gov:nb,D-75-036,,No,New Brunswick,45.87271591255798,-65.31688055203948,,,,,NAD83,,,-90.0,18.50136,1976.0,0,,470626,
gov:nb:D-75-037,gov:nb,D-75-037,,No,New Brunswick,45.871861705010204,-65.31607438054476,,,,,NAD83,,,-90.0,24.384,1976.0,0,,470626,
gov:nb:D-75-102,gov:nb,D-75-102,,No,New Brunswick,45.839383402401324,-65.365017427931,,,,,NAD83,,,-90.0,38.67912,1976.0,0,,470626,
gov:nb:J-001,gov:nb,J-001,,Yes,New Brunswick,45.826068779399534,-65.49419947820702,,,,,NAD83,,280.0,-45.0,89.00160000000001,1970.0,0,,470618,
gov:nb:J-002,gov:nb,J-002,,Yes,New Brunswick,45.826632706974095,-65.49386750220125,,,,,NAD83,,280.0,-45.0,71.0184,1970.0,0,,470618,
gov:nb:J-003,gov:nb,J-003,,Yes,New Brunswick,45.82554049493214,-65.49449219142488,,,,,NAD83,,280.0,-45.0,72.5424,1970.0,0,,470618,
gov:nb:J-004,gov:nb,J-004,,Yes,New Brunswick,45.82158729379252,-65.49515575563427,,,,,NAD83,,280.0,-45.0,92.964,1970.0,0,,470618,
gov:nb:J-005,gov:nb,J-005,,Yes,New Brunswick,45.83544989471995,-65.48568813939693,,,,,NAD83,,280.0,-45.0,92.964,1970.0,0,,470618,
gov:nb:J-006,gov:nb,J-006,,Yes,New Brunswick,45.843492241892456,-65.47846026432512,,,,,NAD83,,135.0,-45.0,103.9368,1970.0,0,,470618,
gov:nb:J-007,gov:nb,J-007,,Yes,New Brunswick,45.84460168569013,-65.47576191954232,,,,,NAD83,,315.0,-45.0,60.3504,1970.0,0,,470618,
gov:nb:J-008,gov:nb,J-008,,Yes,New Brunswick,45.84473065155578,-65.47609428095488,,,,,NAD83,,135.0,-45.0,60.96,1970.0,0,,470618,
gov:nb:J-009,gov:nb,J-009,,Yes,New Brunswick,45.84543271846304,-65.47611995320402,,,,,NAD83,,135.0,-45.0,105.156,1970.0,0,,470618,
gov:nb:S-001,gov:nb,S-001,,Yes,New Brunswick,45.77207882207451,-65.47082350226033,,,,,NAD83,,315.0,-45.0,65.532,1970.0,0,,470619,
gov:nb:S-002,gov:nb,S-002,,Yes,New Brunswick,45.77236449373367,-65.47057391467118,,,,,NAD83,,315.0,-55.0,62.7888,1970.0,0,,470619,
gov:nb:S-003,gov:nb,S-003,,Yes,New Brunswick,45.77237943227361,-65.47122939192015,,,,,NAD83,,,-90.0,61.2648,1970.0,0,,470619,
gov:nb:S-004,gov:nb,S-004,,Yes,New Brunswick,45.77225313278264,-65.47119315488395,,,,,NAD83,,,-90.0,4.8768,1970.0,0,,470619,
gov:nb:S-005,gov:nb,S-005,,Yes,New Brunswick,45.77249090996007,-65.47062300615589,,,,,NAD83,,,-90.0,12.192,1970.0,0,,470619,
gov:nb:S-006,gov:nb,S-006,,Yes,New Brunswick,45.77223045220047,-65.4716693161604,,,,,NAD83,,,-90.0,5.1816,1970.0,0,,470619,
gov:nb:S-007,gov:nb,S-007,,Yes,New Brunswick,45.77208650925684,-65.47167197805409,,,,,NAD83,,,-90.0,31.0896,1970.0,0,,470619,
gov:nb:S-008,gov:nb,S-008,,Yes,New Brunswick,45.7721078778232,-65.47204446065176,,,,,NAD83,,,-90.0,23.4696,1970.0,0,,470619,
gov:nb:S-009,gov:nb,S-009,,Yes,New Brunswick,45.77208344857516,-65.47232778489978,,,,,NAD83,,,-90.0,21.640800000000002,1970.0,0,,470619,
gov:nb:S-010,gov:nb,S-010,,Yes,New Brunswick,45.77249384415674,-65.46995433871052,,,,,NAD83,,,-90.0,21.640800000000002,1970.0,0,,470619,
gov:nb:HLW-74-005,gov:nb,HLW-74-005,,Yes,New Brunswick,45.973804411582634,-65.38328261023534,,,,,NAD83,,,-90.0,18.5928,1975.0,0,,470621,
gov:nb:HLW-74-006,gov:nb,HLW-74-006,,Yes,New Brunswick,45.97332495795515,-65.38210505805954,,,,,NAD83,,,-90.0,35.3568,1975.0,0,,470621,
gov:nb:HLW-74-007,gov:nb,HLW-74-007,,Yes,New Brunswick,45.97184566984777,-65.38356733777279,,,,,NAD83,,,-90.0,38.7096,1975.0,0,,470621,
gov:nb:HLW-74-001,gov:nb,HLW-74-001,,Yes,New Brunswick,45.97608598551549,-65.38105554056466,,,,,NAD83,,,-90.0,27.736800000000002,1975.0,0,,470621,
gov:nb:HLW-74-008,gov:nb,HLW-74-008,,Yes,New Brunswick,45.971778243524625,-65.38494946245731,,,,,NAD83,,,-90.0,23.4696,1975.0,0,,470621,
gov:nb:HWL-74-9,gov:nb,HWL-74-9,,No,New Brunswick,45.96976235951104,-65.3849126747932,,,,,NAD83,,,-90.0,30.48,1975.0,0,,470621,
gov:nb:HLW-DH-#022,gov:nb,HLW-DH-#022,,Yes,New Brunswick,45.98241784641854,-65.37349308899535,,,,,NAD83,,,-90.0,38.7096,1966.0,0,,470620,
gov:nb:HLW-DH-#023,gov:nb,HLW-DH-#023,,Yes,New Brunswick,45.9787057662095,-65.37754373943976,,,,,NAD83,,304.0,-77.0,34.7472,1966.0,0,,470620,
gov:nb:59031,gov:nb,59031,,No,New Brunswick,45.786182765737905,-65.58371389967519,,,,,NAD83,,340.0,-85.0,14.325600000000001,1977.0,0,,470499,
gov:nb:59032,gov:nb,59032,,No,New Brunswick,45.7860258044135,-65.58433381274605,,,,,NAD83,,340.0,-85.0,13.1064,1977.0,0,,470499,
gov:nb:59034,gov:nb,59034,,No,New Brunswick,45.78547843259275,-65.58340398878818,,,,,NAD83,,340.0,-85.0,16.4592,1977.0,0,,470499,
gov:nb:59039-0,gov:nb,59039-0,,No,New Brunswick,45.99304239512761,-65.31656583664032,,,,,NAD83,,,-90.0,19.5072,1977.0,0,,470471,
gov:nb:84-001,gov:nb,84-001,,No,New Brunswick,45.87245852313698,-65.7128114895414,,,,,NAD83,,180.0,-45.0,138.3792,1992.0,0,,474214,
gov:nb:85-008-II,gov:nb,85-008-II,,No,New Brunswick,45.644679106638584,-66.04442778133452,,,,,NAD83,,157.0,-40.0,155.448,1992.0,0,,474215,
gov:nb:86-1,gov:nb,86-1,,No,New Brunswick,45.86849994681115,-65.70640193346541,,,,,NAD83,,27.0,-45.0,218.23680000000002,1987.0,0,,473355,
gov:nb:86-2,gov:nb,86-2,,No,New Brunswick,45.87524509728751,-65.70338130743238,,,,,NAD83,,360.0,-45.0,110.42904,1987.0,0,,473355,
gov:nb:86-3,gov:nb,86-3,,No,New Brunswick,45.87823742124382,-65.68883293419961,,,,,NAD83,,208.0,-45.0,121.3104,1987.0,0,,473355,
gov:nb:1b,gov:nb,1b,,No,New Brunswick,45.771839476453046,-65.77398534654829,,,,,NAD83,,360.0,-60.0,38.1,1970.0,0,,470601,
gov:nb:F-1,gov:nb,F-1,,No,New Brunswick,45.76311563214676,-65.80923322268438,,,,,NAD83,,338.0,-45.0,39.624,1969.0,0,,470602,
gov:nb:F-2,gov:nb,F-2,,No,New Brunswick,45.76153127240878,-65.81654173336673,,,,,NAD83,,338.0,-45.0,47.244,1969.0,0,,470602,
gov:nb:F-3,gov:nb,F-3,,No,New Brunswick,45.75999775918965,-65.81888728113091,,,,,NAD83,,338.0,-45.0,60.3504,1969.0,0,,470602,
gov:nb:F-4,gov:nb,F-4,,No,New Brunswick,45.75413313367593,-65.81322647314207,,,,,NAD83,,158.0,-45.0,67.3608,1969.0,0,,470602,
gov:nb:F-5,gov:nb,F-5,,No,New Brunswick,45.753745793811916,-65.81315413470615,,,,,NAD83,,158.0,-45.0,43.281600000000005,1969.0,0,,470602,
gov:nb:F-6,gov:nb,F-6,,No,New Brunswick,45.754790929261674,-65.81338544906568,,,,,NAD83,,158.0,-45.0,49.9872,1969.0,0,,470602,
gov:nb:F-7,gov:nb,F-7,,No,New Brunswick,45.75450247937747,-65.81329903466916,,,,,NAD83,,158.0,-45.0,53.949600000000004,1969.0,0,,470602,
gov:nb:F-8,gov:nb,F-8,,No,New Brunswick,45.754441837049434,-65.81517638686864,,,,,NAD83,,158.0,-45.0,53.644800000000004,1969.0,0,,470602,
gov:nb:F-9,gov:nb,F-9,,No,New Brunswick,45.754796289006514,-65.81427227664051,,,,,NAD83,,158.0,-45.0,58.5216,1969.0,0,,470602,
gov:nb:L-1,gov:nb,L-1,,Yes,New Brunswick,45.77838468058727,-65.77741039400088,,,,,NAD83,,360.0,-45.0,45.72,1968.0,0,,470604,
gov:nb:L-3,gov:nb,L-3,,Yes,New Brunswick,45.778748322143436,-65.77799718646892,,,,,NAD83,,157.0,-45.0,52.1208,1968.0,0,,470604,
gov:nb:L-5,gov:nb,L-5,,Yes,New Brunswick,45.77881530506309,-65.77862641312441,,,,,NAD83,,157.0,-45.0,42.976800000000004,1968.0,0,,470604,
gov:nb:L-6,gov:nb,L-6,,Yes,New Brunswick,45.778691470347965,-65.7789623559596,,,,,NAD83,,180.0,-45.0,46.3296,1968.0,0,,470604,
gov:nb:L-7,gov:nb,L-7,,Yes,New Brunswick,45.77881006374596,-65.77921800019374,,,,,NAD83,,180.0,-45.0,62.7888,1968.0,0,,470604,
gov:nb:L-8,gov:nb,L-8,,Yes,New Brunswick,45.77921232166797,-65.77738677843494,,,,,NAD83,,180.0,-45.0,64.00800000000001,1968.0,0,,470604,
gov:nb:L-12,gov:nb,L-12,,Yes,New Brunswick,45.77925386891303,-65.77684615145326,,,,,NAD83,,157.0,-45.0,55.473600000000005,1968.0,0,,470604,
gov:nb:A-001,gov:nb,A-001,,No,New Brunswick,45.779173305643475,-65.77832600675518,,,,,NAD83,,157.0,-45.0,164.592,1951.0,0,,RI 13,
gov:nb:A-002,gov:nb,A-002,,No,New Brunswick,45.77805980711739,-65.77726030882691,,,,,NAD83,,337.0,-35.0,196.2912,1951.0,0,,RI 13,
gov:nb:A-003,gov:nb,A-003,,No,New Brunswick,45.77947413423974,-65.77752482758275,,,,,NAD83,,157.0,-45.0,185.0136,1951.0,0,,RI 13,
gov:nb:A-004,gov:nb,A-004,,No,New Brunswick,45.779820597195474,-65.77682592079732,,,,,NAD83,,157.0,-45.0,112.77600000000001,1951.0,0,,RI 13,
gov:nb:A-005,gov:nb,A-005,,No,New Brunswick,45.77899720473467,-65.77893267275236,,,,,NAD83,,203.0,-45.0,124.3584,1951.0,0,,RI 13,
gov:nb:A-006,gov:nb,A-006,,No,New Brunswick,45.778758855749594,-65.77965587337137,,,,,NAD83,,157.0,-45.0,112.77600000000001,1951.0,0,,RI 13,
gov:nb:A-007,gov:nb,A-007,,No,New Brunswick,45.77860090467443,-65.7802880137495,,,,,NAD83,,157.0,-45.0,30.48,1951.0,0,,RI 13,
gov:nb:NB-001,gov:nb,NB-001,,No,New Brunswick,45.77879052675173,-65.77755942878872,,,,,NAD83,,,-45.0,60.96,1957.0,0,,470606,
gov:nb:NB-002,gov:nb,NB-002,,No,New Brunswick,45.77877245097511,-65.77754680455604,,,,,NAD83,,,-65.0,74.0664,1957.0,0,,470606,
gov:nb:NB-003,gov:nb,NB-003,,No,New Brunswick,45.7788811509839,-65.77766112426966,,,,,NAD83,,,-65.0,77.724,1957.0,0,,470606,
gov:nb:NB-004,gov:nb,NB-004,,No,New Brunswick,45.77878275658959,-65.77775241632357,,,,,NAD83,,,-45.0,56.997600000000006,1957.0,0,,470606,
gov:nb:NB-005,gov:nb,NB-005,,No,New Brunswick,45.77872844753698,-65.77770168543688,,,,,NAD83,,,-65.0,46.3296,1957.0,0,,470606,
gov:nb:NB-006,gov:nb,NB-006,,No,New Brunswick,45.778846144379386,-65.77781588850212,,,,,NAD83,,,-65.0,60.0456,1957.0,0,,470606,
gov:nb:NB-007,gov:nb,NB-007,,No,New Brunswick,45.778835266288134,-65.77752027010808,,,,,NAD83,,,-45.0,33.528,1957.0,0,,470606,
gov:nb:NB-008,gov:nb,NB-008,,No,New Brunswick,45.77883518448358,-65.77750741205402,,,,,NAD83,,,-65.0,49.9872,1957.0,0,,470606,
gov:nb:NB-009,gov:nb,NB-009,,No,New Brunswick,45.77890765119506,-65.77758362518082,,,,,NAD83,,,-65.0,46.6344,1957.0,0,,470606,
gov:nb:NB-010,gov:nb,NB-010,,No,New Brunswick,45.77888753001364,-65.7772495492597,,,,,NAD83,,,-58.0,42.062400000000004,1957.0,0,,470606,
gov:nb:NB-011,gov:nb,NB-011,,No,New Brunswick,45.7788421358846,-65.7771858437536,,,,,NAD83,,,-90.0,35.3568,1957.0,0,,470606,
gov:nb:NB-013,gov:nb,NB-013,,No,New Brunswick,45.779172977910065,-65.77686006276538,,,,,NAD83,,,-45.0,51.2064,1957.0,0,,470606,
gov:nb:NB-014,gov:nb,NB-014,,No,New Brunswick,45.779217062089096,-65.77671803812555,,,,,NAD83,,,-45.0,36.8808,1957.0,0,,470606,
gov:nb:NB-015,gov:nb,NB-015,,No,New Brunswick,45.77866718574053,-65.77797252192758,,,,,NAD83,,,-90.0,54.559200000000004,1957.0,0,,470606,
gov:nb:NB-016,gov:nb,NB-016,,No,New Brunswick,45.7786232634538,-65.77814026018766,,,,,NAD83,,,-90.0,56.692800000000005,1957.0,0,,470606,
gov:nb:NB-017,gov:nb,NB-017,,No,New Brunswick,45.77857917748657,-65.77828228219089,,,,,NAD83,,,-90.0,54.254400000000004,1957.0,0,,470606,
gov:nb:NB-012,gov:nb,NB-012,,No,New Brunswick,45.77887730534492,-65.77705679526632,,,,,NAD83,,,-90.0,33.8328,1957.0,0,,470606,
gov:nb:X-001,gov:nb,X-001,,No,New Brunswick,45.77211797203012,-65.77391742278839,,,,,NAD83,,,-45.0,153.3144,1957.0,0,,470606,
gov:nb:X-002,gov:nb,X-002,,No,New Brunswick,45.772203464112906,-65.77462347376066,,,,,NAD83,,,-45.0,143.256,1957.0,0,,470606,
gov:nb:X-003,gov:nb,X-003,,No,New Brunswick,45.77186880147778,-65.77294350544345,,,,,NAD83,,,-45.0,124.968,1957.0,0,,470606,
gov:nb:102,gov:nb,102,,No,New Brunswick,45.75129571132926,-65.83230922259987,,,,,NAD83,,310.0,-45.0,180.13680000000002,1957.0,0,,470603,
gov:nb:103,gov:nb,103,,No,New Brunswick,45.74777667805367,-65.82909991797702,,,,,NAD83,,310.0,-45.0,158.1912,1957.0,0,,470603,
gov:nb:104,gov:nb,104,,No,New Brunswick,45.74748611253299,-65.8286536070844,,,,,NAD83,,310.0,-45.0,129.8448,1957.0,0,,470603,
gov:nb:105,gov:nb,105,,No,New Brunswick,45.75072284382438,-65.83128789077477,,,,,NAD83,,310.0,-45.0,107.89920000000001,1957.0,0,,470603,
gov:nb:106,gov:nb,106,,No,New Brunswick,45.75065041294775,-65.83121164590146,,,,,NAD83,,310.0,-70.0,43.586400000000005,1957.0,0,,470603,
gov:nb:107,gov:nb,107,,No,New Brunswick,45.747246078085475,-65.82914487052085,,,,,NAD83,,310.0,-45.0,137.16,1957.0,0,,470603,
gov:nb:108,gov:nb,108,,No,New Brunswick,45.747277127301494,-65.82830913022445,,,,,NAD83,,310.0,-45.0,138.3792,1957.0,0,,470603,
gov:nb:109,gov:nb,109,,No,New Brunswick,45.74779865379622,-65.82825142730998,,,,,NAD83,,310.0,-45.0,141.732,1957.0,0,,470603,
gov:nb:110,gov:nb,110,,No,New Brunswick,45.75007845157724,-65.83340343347004,,,,,NAD83,,337.0,-45.0,85.64880000000001,1957.0,0,,470603,
gov:nb:111,gov:nb,111,,No,New Brunswick,45.74973505286299,-65.83315050041428,,,,,NAD83,,337.0,-45.0,91.44,1957.0,0,,470603,
gov:nb:ANI-83-001,gov:nb,ANI-83-001,,No,New Brunswick,45.77072363182803,-65.7725599027209,,,,,NAD83,,340.0,-45.0,153.93,1984.0,0,,472985,
gov:nb:ANI-83-002,gov:nb,ANI-83-002,,No,New Brunswick,45.770524627349275,-65.77239536225096,,,,,NAD83,,340.0,-45.0,153.92000000000002,1984.0,0,,472985,
gov:nb:ANI-83-003,gov:nb,ANI-83-003,,No,New Brunswick,45.77583035503945,-65.77334175137625,,,,,NAD83,,160.0,-45.0,93.48,1984.0,0,,472985,
gov:nb:AN-88-001,gov:nb,AN-88-001,,No,New Brunswick,45.768832673892234,-65.77374174955168,,,,,NAD83,,360.0,-60.0,44.800000000000004,1989.0,0,,473640,
gov:nb:AN-88-002,gov:nb,AN-88-002,,No,New Brunswick,45.76956652517479,-65.77452929866958,,,,,NAD83,,360.0,-60.0,35.660000000000004,1989.0,0,,473640,
gov:nb:AN-88-003,gov:nb,AN-88-003,,No,New Brunswick,45.77070860662493,-65.77866728793971,,,,,NAD83,,360.0,-60.0,99.66,1989.0,0,,473640,
gov:nb:AN-88-004,gov:nb,AN-88-004,,No,New Brunswick,45.77147726964622,-65.77927447338215,,,,,NAD83,,360.0,-60.0,99.66,1989.0,0,,473640,
gov:nb:AN-88-005,gov:nb,AN-88-005,,No,New Brunswick,45.771297970102054,-65.77513672261212,,,,,NAD83,,360.0,-60.0,102.71000000000001,1989.0,0,,473640,
gov:nb:AN-88-006,gov:nb,AN-88-006,,No,New Brunswick,45.781277998155225,-65.77256326768928,,,,,NAD83,,180.0,-60.0,75.28,1989.0,0,,473640,
gov:nb:AN-88-007,gov:nb,AN-88-007,,No,New Brunswick,45.77729710841735,-65.77759169182988,,,,,NAD83,,180.0,-60.0,63.09,1989.0,0,,473640,
gov:nb:83901,gov:nb,83901,,No,New Brunswick,45.76948932300598,-65.77090464312542,,,,,NAD83,,329.0,-45.0,266.7,1990.0,0,,473938,
gov:nb:NOR-92-001,gov:nb,NOR-92-001,,Yes,New Brunswick,45.65600027910791,-65.71558676077339,,,,,NAD83,,35.0,-45.0,49.7,1992.0,0,,474244,
gov:nb:NOR-92-001A,gov:nb,NOR-92-001A,,Yes,New Brunswick,45.655252159820655,-65.71670071817246,,,,,NAD83,,215.0,-45.0,169.20000000000002,1992.0,0,,474244,
gov:nb:59022,gov:nb,59022,,Yes,New Brunswick,45.73206502156761,-65.6288421406863,,,,,NAD83,,106.0,-75.0,65.532,1976.0,0,,470577,
gov:nb:59023,gov:nb,59023,,Yes,New Brunswick,45.73536725338285,-65.62650330081028,,,,,NAD83,,304.0,-45.0,65.2272,1976.0,0,,470577,
gov:nb:59024,gov:nb,59024,,Yes,New Brunswick,45.734974655991216,-65.6257642130683,,,,,NAD83,,304.0,-45.0,47.244,1976.0,0,,470577,
gov:nb:59029,gov:nb,59029,,Yes,New Brunswick,45.732109924995676,-65.62532096210333,,,,,NAD83,,304.0,-45.0,166.72560000000001,1977.0,0,,471350,
gov:nb:59040,gov:nb,59040,,Yes,New Brunswick,45.73239416837528,-65.62601031588429,,,,,NAD83,,304.0,-45.0,165.8112,1977.0,0,,471350,
gov:nb:59035,gov:nb,59035,,Yes,New Brunswick,45.73018208968784,-65.65591663084297,,,,,NAD83,,,-90.0,22.555200000000003,1977.0,0,,471350,
gov:nb:59036,gov:nb,59036,,Yes,New Brunswick,45.73272298437958,-65.6575998109017,,,,,NAD83,,,-90.0,44.805600000000005,1977.0,0,,471350,
gov:nb:59038,gov:nb,59038,,Yes,New Brunswick,45.72126170030335,-65.65786313182122,,,,,NAD83,,,-90.0,34.1376,1977.0,0,,471350,
gov:nb:LM-001,gov:nb,LM-001,,Yes,New Brunswick,45.7466195012181,-65.60747306969161,,,,,NAD83,,83.0,-45.0,201.0,1981.0,0,,472690,
gov:nb:LM-002,gov:nb,LM-002,,Yes,New Brunswick,45.74482068792037,-65.61331075457782,,,,,NAD83,,83.0,-50.0,204.0,1981.0,0,,472690,
gov:nb:LM-005,gov:nb,LM-005,,Yes,New Brunswick,45.73842212349804,-65.6224333358232,,,,,NAD83,,310.0,-55.0,163.0,1981.0,0,,472690,
gov:nb:LM-006,gov:nb,LM-006,,Yes,New Brunswick,45.741620093016955,-65.62524860447284,,,,,NAD83,,80.0,-55.0,85.0,1981.0,0,,472690,
gov:nb:LM-007,gov:nb,LM-007,,Yes,New Brunswick,45.7425041122036,-65.62087826921517,,,,,NAD83,,,-90.0,52.0,1981.0,0,,472690,
gov:nb:MS-95-002,gov:nb,MS-95-002,,Yes,New Brunswick,45.71755181186993,-65.24064008399647,,,,,NAD83,,337.0,-45.0,159.4104,1995.0,0,,474661,
gov:nb:MS-96-001,gov:nb,MS-96-001,,Yes,New Brunswick,45.707159531286514,-65.26608611626436,,,,,NAD83,,337.0,-60.0,28.254959999999997,1997.0,0,,474865,
gov:nb:MS-96-002,gov:nb,MS-96-002,,Yes,New Brunswick,45.71068510424393,-65.26015117917024,,,,,NAD83,,337.0,-45.0,143.85036,1997.0,0,,474865,
gov:nb:MS-96-003,gov:nb,MS-96-003,,Yes,New Brunswick,45.708588215680265,-65.25929881469771,,,,,NAD83,,337.0,-56.0,135.114792,1997.0,0,,474865,
gov:nb:MS-96-004,gov:nb,MS-96-004,,Yes,New Brunswick,45.7090665548042,-65.2569634750053,,,,,NAD83,,337.0,-58.0,129.54,1997.0,0,,474865,
gov:nb:MS-96-005,gov:nb,MS-96-005,,Yes,New Brunswick,45.711044826093215,-65.25766427623525,,,,,NAD83,,337.0,-60.0,117.457728,1997.0,0,,474865,
gov:nb:MS-96-006,gov:nb,MS-96-006,,Yes,New Brunswick,45.711671323155564,-65.2524355701795,,,,,NAD83,,337.0,-60.0,130.56108,1997.0,0,,474865,
gov:nb:MS-96-007,gov:nb,MS-96-007,,Yes,New Brunswick,45.709126935774854,-65.25098986264481,,,,,NAD83,,337.0,-60.0,70.997064,1997.0,0,,474865,
gov:nb:MS-96-008,gov:nb,MS-96-008,,Yes,New Brunswick,45.71480544069734,-65.23399714662509,,,,,NAD83,,337.0,-45.0,114.095784,1997.0,0,,474865,
gov:nb:MS-96-009,gov:nb,MS-96-009,,Yes,New Brunswick,45.71289082233193,-65.23256355549736,,,,,NAD83,,337.0,-42.0,132.42036,1997.0,0,,474865,
gov:nb:MS-96-010,gov:nb,MS-96-010,,Yes,New Brunswick,45.71837303502915,-65.23761560964071,,,,,NAD83,,337.0,-60.0,162.90036,1997.0,0,,474865,
gov:nb:MS-96-011,gov:nb,MS-96-011,,Yes,New Brunswick,45.71700935678939,-65.23636198169469,,,,,NAD83,,337.0,-45.0,77.40700799999999,1997.0,0,,474865,
gov:nb:MS-96-012,gov:nb,MS-96-012,,Yes,New Brunswick,45.72096683837362,-65.23620793853988,,,,,NAD83,,337.0,-47.0,61.88964,1997.0,0,,474865,
gov:nb:MS-96-013,gov:nb,MS-96-013,,Yes,New Brunswick,45.71329641331861,-65.25374784346158,,,,,NAD83,,337.0,-45.0,55.662575999999994,1997.0,0,,474865,
gov:nb:MS-96-014,gov:nb,MS-96-014,,Yes,New Brunswick,45.70999634000776,-65.25149696129193,,,,,NAD83,,337.0,-45.0,92.927424,1997.0,0,,474865,
gov:nb:MS-90-001,gov:nb,MS-90-001,,Yes,New Brunswick,45.7093256117196,-65.25843470991092,,,,,NAD83,,335.0,-45.0,102.7,1992.0,0,,474252,
gov:nb:MS-90-002,gov:nb,MS-90-002,,Yes,New Brunswick,45.709940006371106,-65.25866504563842,,,,,NAD83,,335.0,-45.0,102.7,1992.0,0,,474252,
gov:nb:MS-90-003,gov:nb,MS-90-003,,Yes,New Brunswick,45.71051869757686,-65.25892186976112,,,,,NAD83,,335.0,-45.0,104.5,1992.0,0,,474252,
gov:nb:MS-90-004,gov:nb,MS-90-004,,Yes,New Brunswick,45.71116078118527,-65.25921581896857,,,,,NAD83,,335.0,-45.0,84.4,1992.0,0,,474252,
gov:nb:E-1,gov:nb,E-1,,Yes,New Brunswick,45.67128567075414,-65.28291088630088,,,,,NAD83,,247.0,-45.0,67.3608,1967.0,0,,470566,
gov:nb:E-2,gov:nb,E-2,,Yes,New Brunswick,45.671201952508426,-65.28265601778071,,,,,NAD83,,157.0,-45.0,73.4568,1967.0,0,,470566,
gov:nb:E-3,gov:nb,E-3,,Yes,New Brunswick,45.67173610599285,-65.28128385251729,,,,,NAD83,,247.0,-45.0,73.7616,1967.0,0,,470566,
gov:nb:S-1,gov:nb,S-1,,Yes,New Brunswick,45.71417131714615,-65.33088633390322,,,,,NAD83,,,-45.0,62.484,1968.0,0,,470567,
gov:nb:S-2,gov:nb,S-2,,Yes,New Brunswick,45.7146698088774,-65.33123552226677,,,,,NAD83,,157.0,-45.0,91.44,1968.0,0,,470567,
gov:nb:S-3,gov:nb,S-3,,Yes,New Brunswick,45.714853436342345,-65.33071787651272,,,,,NAD83,,157.0,-45.0,81.9912,1968.0,0,,470567,
gov:nb:S-4,gov:nb,S-4,,Yes,New Brunswick,45.715332481140436,-65.33092618177379,,,,,NAD83,,157.0,-45.0,121.0056,1968.0,0,,470567,
gov:nb:S-5,gov:nb,S-5,,Yes,New Brunswick,45.71585716762101,-65.33119775774469,,,,,NAD83,,157.0,-45.0,62.7888,1968.0,0,,470567,
gov:nb:S-6,gov:nb,S-6,,Yes,New Brunswick,45.714894174098774,-65.32943254014711,,,,,NAD83,,157.0,-45.0,60.3504,1968.0,0,,470567,
gov:nb:S-7,gov:nb,S-7,,Yes,New Brunswick,45.71517781095762,-65.32901554220864,,,,,NAD83,,157.0,-45.0,84.42960000000001,1968.0,0,,470567,
gov:nb:S-8,gov:nb,S-8,,Yes,New Brunswick,45.71513945399786,-65.32965859212676,,,,,NAD83,,157.0,-45.0,73.7616,1968.0,0,,470567,
gov:nb:S-9,gov:nb,S-9,,Yes,New Brunswick,45.715304510383866,-65.32734304014616,,,,,NAD83,,157.0,-45.0,46.9392,1968.0,0,,470567,
gov:nb:S-10,gov:nb,S-10,,Yes,New Brunswick,45.71495318351477,-65.32991940313688,,,,,NAD83,,157.0,-45.0,55.473600000000005,1968.0,0,,470567,
gov:nb:S-11,gov:nb,S-11,,Yes,New Brunswick,45.71545352424065,-65.32957492214224,,,,,NAD83,,157.0,-45.0,91.1352,1968.0,0,,470567,
gov:nb:S-12,gov:nb,S-12,,Yes,New Brunswick,45.71535495066216,-65.32874207420988,,,,,NAD83,,157.0,-45.0,83.82000000000001,1968.0,0,,470567,
gov:nb:A-008,gov:nb,A-008,,Yes,New Brunswick,45.71674530094771,-64.9874598668336,,,,,NAD83,,34.0,-45.0,73.152,1953.0,0,,470527,
gov:nb:A-009,gov:nb,A-009,,Yes,New Brunswick,45.71375500550545,-64.98927516774854,,,,,NAD83,,34.0,-45.0,97.65791999999999,1953.0,0,,470527,
gov:nb:A-010,gov:nb,A-010,,Yes,New Brunswick,45.714796576147016,-64.99113516794961,,,,,NAD83,,34.0,-50.0,37.0332,1953.0,0,,470527,
gov:nb:A-011,gov:nb,A-011,,Yes,New Brunswick,45.71479674688445,-64.99114800860566,,,,,NAD83,,34.0,-80.0,57.485279999999996,1953.0,0,,470527,
gov:nb:A-012,gov:nb,A-012,,Yes,New Brunswick,45.71493742573853,-64.9909001358842,,,,,NAD83,,34.0,-50.0,35.14344,1953.0,0,,470527,
gov:nb:A-013,gov:nb,A-013,,Yes,New Brunswick,45.714955586891904,-64.99091248903993,,,,,NAD83,,34.0,-70.0,47.57928,1953.0,0,,470527,
gov:nb:A-014,gov:nb,A-014,,Yes,New Brunswick,45.71493759650273,-64.99091297657165,,,,,NAD83,,,-90.0,61.8744,1953.0,0,,470527,
gov:nb:A-015,gov:nb,A-015,,Yes,New Brunswick,45.71487126933933,-64.9913386688884,,,,,NAD83,,27.0,-45.0,43.34256,1953.0,0,,470527,
gov:nb:A-016,gov:nb,A-016,,Yes,New Brunswick,45.71487144005385,-64.99135150956258,,,,,NAD83,,29.0,-73.0,45.72,1953.0,0,,470527,
gov:nb:A-017,gov:nb,A-017,,Yes,New Brunswick,45.71487144005385,-64.99135150956258,,,,,NAD83,,,-90.0,70.80503999999999,1953.0,0,,470527,
gov:nb:A-018,gov:nb,A-018,,Yes,New Brunswick,45.71493223862862,-64.99186367493799,,,,,NAD83,,34.0,-60.0,65.532,1953.0,0,,470527,
gov:nb:A-019,gov:nb,A-019,,Yes,New Brunswick,45.715896250891596,-64.98654520442396,,,,,NAD83,,180.0,-45.0,107.10672,1953.0,0,,470527,
gov:nb:A-020,gov:nb,A-020,,Yes,New Brunswick,45.71662046888694,-64.98822115441942,,,,,NAD83,,,-90.0,114.17808,1953.0,0,,470527,
gov:nb:A-021,gov:nb,A-021,,Yes,New Brunswick,45.71674906604356,-64.98774237080967,,,,,NAD83,,,-90.0,122.9868,1953.0,0,,470527,
gov:nb:A-022,gov:nb,A-022,,Yes,New Brunswick,45.716969495872796,-64.98740239386568,,,,,NAD83,,,-90.0,140.8176,1953.0,0,,470527,
gov:nb:A-023,gov:nb,A-023,,Yes,New Brunswick,45.71690987559887,-64.98698010277589,,,,,NAD83,,,-90.0,127.254,1953.0,0,,470527,
gov:nb:A-024,gov:nb,A-024,,Yes,New Brunswick,45.71690970438696,-64.98696726165139,,,,,NAD83,,3.0,-75.0,115.36680000000001,1953.0,0,,470527,
gov:nb:A-025,gov:nb,A-025,,Yes,New Brunswick,45.71690970438696,-64.98696726165139,,,,,NAD83,,3.0,-50.0,97.2312,1953.0,0,,470527,
gov:nb:A-026,gov:nb,A-026,,Yes,New Brunswick,45.71684973997574,-64.98651928928312,,,,,NAD83,,,-90.0,131.2164,1953.0,0,,470527,
gov:nb:A-027,gov:nb,A-027,,Yes,New Brunswick,45.71652942755859,-64.98611693318637,,,,,NAD83,,,-90.0,112.77600000000001,1953.0,0,,470527,
gov:nb:A-031,gov:nb,A-031,,Yes,New Brunswick,45.717269682841255,-64.9869703261548,,,,,NAD83,,,-90.0,126.24816,1953.0,0,,470527,
gov:nb:A-032,gov:nb,A-032,,Yes,New Brunswick,45.7144998585588,-64.9857482159499,,,,,NAD83,,200.0,-45.0,92.202,1953.0,0,,470527,
gov:nb:A-033,gov:nb,A-033,,Yes,New Brunswick,45.71448469394287,-64.985286200403,,,,,NAD83,,200.0,-45.0,103.0224,1953.0,0,,470527,
gov:nb:A-034,gov:nb,A-034,,Yes,New Brunswick,45.71484903928075,-64.98494231210829,,,,,NAD83,,200.0,-45.0,107.28960000000001,1953.0,0,,470527,
gov:nb:A-035,gov:nb,A-035,,Yes,New Brunswick,45.715511858063834,-64.98538671515904,,,,,NAD83,,200.0,-45.0,106.68,1953.0,0,,470527,
gov:nb:A-036,gov:nb,A-036,,Yes,New Brunswick,45.713594342778215,-64.98532326276211,,,,,NAD83,,200.0,-45.0,130.1496,1953.0,0,,470527,
gov:nb:UPD-001,gov:nb,UPD-001,,Yes,New Brunswick,45.485530254455355,-65.6345341114554,,,,,NAD83,,,-90.0,12.200000000000001,1988.0,0,,473523,
gov:nb:UPD-002,gov:nb,UPD-002,,Yes,New Brunswick,45.485767481844164,-65.63614222557246,,,,,NAD83,,,-90.0,18.3,1988.0,0,,473523,
gov:nb:UPD-003,gov:nb,UPD-003,,Yes,New Brunswick,45.48597925389815,-65.63795541588061,,,,,NAD83,,,-90.0,18.2,1988.0,0,,473523,
gov:nb:UPD-004,gov:nb,UPD-004,,Yes,New Brunswick,45.48393543949542,-65.64848865491565,,,,,NAD83,,,-90.0,12.200000000000001,1988.0,0,,473523,
gov:nb:T-75-001,gov:nb,T-75-001,,Yes,New Brunswick,45.48573793964113,-65.66093333304397,,,,,NAD83,,,-90.0,38.7,1976.0,0,,470506,
gov:nb:T-75-002,gov:nb,T-75-002,,Yes,New Brunswick,45.48642729443351,-65.66167773859114,,,,,NAD83,,,-90.0,36.0,1976.0,0,,470506,
gov:nb:T-75-003,gov:nb,T-75-003,,Yes,New Brunswick,45.48666774003465,-65.66012629980352,,,,,NAD83,,278.0,-75.0,20.7,1976.0,0,,470506,
gov:nb:T-75-004,gov:nb,T-75-004,,Yes,New Brunswick,45.48752236108038,-65.66131596193817,,,,,NAD83,,253.0,-57.0,74.10000000000001,1976.0,0,,470506,
gov:nb:T-75-005,gov:nb,T-75-005,,Yes,New Brunswick,45.486900592863165,-65.65876684350634,,,,,NAD83,,,-90.0,119.8,1976.0,0,,470506,
gov:nb:GX-016,gov:nb,GX-016,,Yes,New Brunswick,45.19718883851344,-65.91422993099252,,,,,NAD83,,,-90.0,39.9288,1984.0,0,,473030,
gov:nb:GX-017,gov:nb,GX-017,,Yes,New Brunswick,45.19757413752665,-65.91392050203085,,,,,NAD83,,,-90.0,41.148,1984.0,0,,473030,
gov:nb:GX-018,gov:nb,GX-018,,Yes,New Brunswick,45.19768978123195,-65.91366477503445,,,,,NAD83,,,-90.0,32.308800000000005,1984.0,0,,473030,
gov:nb:GX-019,gov:nb,GX-019,,Yes,New Brunswick,45.19797743026763,-65.91361088192521,,,,,NAD83,,,-90.0,26.0604,1984.0,0,,473030,
gov:nb:GX-020,gov:nb,GX-020,,Yes,New Brunswick,45.197848493378025,-65.91303953509563,,,,,NAD83,,,-90.0,32.6136,1984.0,0,,473030,
gov:nb:GX-021,gov:nb,GX-021,,Yes,New Brunswick,45.19791815594917,-65.91259338771154,,,,,NAD83,,,-90.0,29.8704,1984.0,0,,473030,
gov:nb:GX-023,gov:nb,GX-023,,Yes,New Brunswick,45.19675934371532,-65.914692527377,,,,,NAD83,,150.0,-60.0,48.1584,1984.0,0,,473030,
gov:nb:GX-024,gov:nb,GX-024,,Yes,New Brunswick,45.19848213744809,-65.91377108392882,,,,,NAD83,,155.0,-60.0,27.889200000000002,1984.0,0,,473030,
gov:nb:GX-025,gov:nb,GX-025,,Yes,New Brunswick,45.198855844799986,-65.91469624383546,,,,,NAD83,,130.0,-60.0,22.555200000000003,1984.0,0,,473030,
gov:nb:GX-026,gov:nb,GX-026,,Yes,New Brunswick,45.1988287869678,-65.9146837977959,,,,,NAD83,,130.0,-60.0,63.3984,1984.0,0,,473030,
gov:nb:GX-027,gov:nb,GX-027,,Yes,New Brunswick,45.1988540635447,-65.91435264453894,,,,,NAD83,,136.0,-60.0,48.3108,1984.0,0,,473030,
gov:nb:GX-028,gov:nb,GX-028,,Yes,New Brunswick,45.19932278053421,-65.91451322889003,,,,,NAD83,,117.0,-50.0,39.1668,1984.0,0,,473030,
gov:nb:GX-029,gov:nb,GX-029,,Yes,New Brunswick,45.19870005352635,-65.9141506174751,,,,,NAD83,,110.0,-50.0,42.976800000000004,1984.0,0,,473030,
gov:nb:GX-030,gov:nb,GX-030,,Yes,New Brunswick,45.198743983570985,-65.91394653663049,,,,,NAD83,,130.0,-50.0,32.766,1984.0,0,,473030,
gov:nb:GX-031,gov:nb,GX-031,,Yes,New Brunswick,45.197301047240664,-65.91331247785533,,,,,NAD83,,,-90.0,33.528,1984.0,0,,473030,
gov:nb:GX-014,gov:nb,GX-014,,Yes,New Brunswick,45.196889484744965,-65.91376216981521,,,,,NAD83,,,-90.0,26.2128,1984.0,0,,473030,
gov:nb:8601,gov:nb,8601,,Yes,New Brunswick,45.197008166540364,-65.91409181777603,,,,,NAD83,,,-90.0,16.46,1987.0,0,,473382,
gov:nb:8667,gov:nb,8667,,Yes,New Brunswick,45.19593317522925,-65.91500651482275,,,,,NAD83,,130.0,-60.0,56.4,1987.0,0,,473382,
gov:nb:8668,gov:nb,8668,,Yes,New Brunswick,45.19593973263001,-65.91453558758633,,,,,NAD83,,130.0,-62.0,57.9,1987.0,0,,473382,
gov:nb:8669,gov:nb,8669,,Yes,New Brunswick,45.19621759298059,-65.91432909027576,,,,,NAD83,,130.0,-62.0,58.5,1987.0,0,,473382,
gov:nb:8682,gov:nb,8682,,Yes,New Brunswick,45.19889650786709,-65.91908649647364,,,,,NAD83,,100.0,-45.0,1.2,1987.0,0,,473382,
gov:nb:CS-88-32,gov:nb,CS-88-32,,Yes,New Brunswick,45.19868649782461,-65.91327262643684,,,,,NAD83,,0.0,-90.0,441.05,1988.0,0,,474085,
gov:nb:M-001,gov:nb,M-001,,Yes,New Brunswick,45.21850729108573,-65.8892595173185,,,,,NAD83,,330.0,-70.0,16.8,1985.0,0,,473111,
gov:nb:M-002,gov:nb,M-002,,Yes,New Brunswick,45.21729905519512,-65.89045655587005,,,,,NAD83,,,-90.0,20.1,1985.0,0,,473111,
gov:nb:M-003,gov:nb,M-003,,Yes,New Brunswick,45.20571978713725,-65.90411162736979,,,,,NAD83,,,-90.0,20.7,1985.0,0,,473111,
gov:nb:Bl-001,gov:nb,Bl-001,,Yes,New Brunswick,45.216922162740026,-65.94110318555717,,,,,NAD83,,23.0,-45.0,75.60000000000001,1987.0,0,,473340,
gov:nb:MR-001,gov:nb,MR-001,,Yes,New Brunswick,45.20583750294346,-65.90767427046259,,,,,NAD83,,,-90.0,45.1,1987.0,0,,473454,
gov:nb:MR-002,gov:nb,MR-002,,Yes,New Brunswick,45.20433502312769,-65.90942102157443,,,,,NAD83,,,-90.0,16.8,1987.0,0,,473454,
gov:nb:MR-003,gov:nb,MR-003,,Yes,New Brunswick,45.20457901452002,-65.90962211470939,,,,,NAD83,,,-90.0,112.2,1987.0,0,,473454,
gov:nb:MR-004,gov:nb,MR-004,,Yes,New Brunswick,45.204662849493644,-65.91016853737898,,,,,NAD83,,,-90.0,31.1,1987.0,0,,473454,
gov:nb:MR-005,gov:nb,MR-005,,Yes,New Brunswick,45.2048811944564,-65.90890618903687,,,,,NAD83,,,-90.0,32.6,1987.0,0,,473454,
gov:nb:MR-006,gov:nb,MR-006,,Yes,New Brunswick,45.20475356677643,-65.90858932765114,,,,,NAD83,,,-90.0,20.400000000000002,1987.0,0,,473454,
gov:nb:MR-007,gov:nb,MR-007,,Yes,New Brunswick,45.205077402444616,-65.90857320651585,,,,,NAD83,,,-90.0,26.8,1987.0,0,,473454,
gov:nb:T-75-006,gov:nb,T-75-006,,Yes,New Brunswick,45.48679747397711,-65.65942078922615,,,,,NAD83,,,-90.0,147.6,1976.0,0,,470506,
gov:nb:T-75-007,gov:nb,T-75-007,,Yes,New Brunswick,45.48772407772368,-65.66060936494723,,,,,NAD83,,,-90.0,83.5,1976.0,0,,470506,
gov:nb:T-77-001,gov:nb,T-77-001,,Yes,New Brunswick,45.488448172692024,-65.66361754171909,,,,,NAD83,,,-90.0,98.1456,1978.0,0,,472160,
gov:nb:T-77-002,gov:nb,T-77-002,,Yes,New Brunswick,45.488095877215635,-65.65978508083879,,,,,NAD83,,,-90.0,140.5128,1978.0,0,,472160,
gov:nb:T-77-003,gov:nb,T-77-003,,Yes,New Brunswick,45.485883110937806,-65.65988222350833,,,,,NAD83,,,-90.0,46.9392,1978.0,0,,472160,
gov:nb:T-77-004,gov:nb,T-77-004,,Yes,New Brunswick,45.48602998241637,-65.65906133768321,,,,,NAD83,,,-90.0,48.1584,1978.0,0,,472160,
gov:nb:T-77-005,gov:nb,T-77-005,,Yes,New Brunswick,45.488410971287486,-65.66102122529018,,,,,NAD83,,,-90.0,92.3544,1978.0,0,,472160,
gov:nb:T-77-006,gov:nb,T-77-006,,Yes,New Brunswick,45.489134798162944,-65.66156046922457,,,,,NAD83,,,-90.0,136.5504,1978.0,0,,472160,
gov:nb:SJ- 72-001,gov:nb,SJ- 72-001,,Yes,New Brunswick,45.46243150582811,-65.87821717550847,,,,,NAD83,,295.0,,154.0,1971.0,0,,470498,
gov:nb:SJ- 72-002,gov:nb,SJ- 72-002,,Yes,New Brunswick,45.463434489895945,-65.8773493492661,,,,,NAD83,,295.0,-10.0,123.2,1971.0,0,,470498,
gov:nb:SJ- 72-003,gov:nb,SJ- 72-003,,Yes,New Brunswick,45.4639589227122,-65.87617993286494,,,,,NAD83,,295.0,-5.0,184.5,1971.0,0,,470498,
gov:nb:B3,gov:nb,B3,,Yes,New Brunswick,45.26966265204269,-65.82041752282716,,,,,NAD83,,338.0,-45.0,91.44,1970.0,0,,470515,
gov:nb:B2,gov:nb,B2,,Yes,New Brunswick,45.275824029884866,-65.80673257541764,,,,,NAD83,,338.0,-50.0,103.0224,1970.0,0,,470515,
gov:nb:GG-001,gov:nb,GG-001,,Yes,New Brunswick,45.34703584594831,-65.978103707925,,,,,NAD83,,68.0,-45.0,67.7,1987.0,0,,473383,
gov:nb:GG-002,gov:nb,GG-002,,Yes,New Brunswick,45.347189154662914,-65.97817884569007,,,,,NAD83,,68.0,-44.0,77.9,1987.0,0,,473383,
gov:nb:GG-003,gov:nb,GG-003,,Yes,New Brunswick,45.34718909578921,-65.97816608613968,,,,,NAD83,,68.0,-60.0,76.2,1987.0,0,,473383,
gov:nb:GG-004,gov:nb,GG-004,,Yes,New Brunswick,45.34746854436983,-65.97827833438872,,,,,NAD83,,68.0,-45.0,48.2,1987.0,0,,473383,
gov:nb:GG-005,gov:nb,GG-005,,Yes,New Brunswick,45.346711292510804,-65.97796636011115,,,,,NAD83,,68.0,-45.0,48.2,1987.0,0,,473383,
gov:nb:GG-006,gov:nb,GG-006,,Yes,New Brunswick,45.34690064972018,-65.97805392251021,,,,,NAD83,,68.0,-45.0,49.7,1987.0,0,,473383,
gov:nb:GG-007,gov:nb,GG-007,,Yes,New Brunswick,45.34653816214924,-65.97749584916177,,,,,NAD83,,68.0,-45.0,43.0,1987.0,0,,473383,
gov:nb:GG-008,gov:nb,GG-008,,Yes,New Brunswick,45.34653816214924,-65.97749584916177,,,,,NAD83,,68.0,-60.0,57.300000000000004,1987.0,0,,473383,
gov:nb:GG-009,gov:nb,GG-009,,Yes,New Brunswick,45.34637514800698,-65.97726768535848,,,,,NAD83,,68.0,-45.0,67.1,1987.0,0,,473383,
gov:nb:GG-010,gov:nb,GG-010,,Yes,New Brunswick,45.34645441351872,-65.97689691056588,,,,,NAD83,,68.0,-45.0,75.60000000000001,1987.0,0,,473383,
gov:nb:GG-011,gov:nb,GG-011,,Yes,New Brunswick,45.34644541614058,-65.97689699425955,,,,,NAD83,,68.0,-60.0,100.0,1987.0,0,,473383,
gov:nb:GG-012,gov:nb,GG-012,,Yes,New Brunswick,45.34608304104384,-65.97636445149152,,,,,NAD83,,68.0,-60.0,48.2,1987.0,0,,473383,
gov:nb:GG-013,gov:nb,GG-013,,Yes,New Brunswick,45.34667141267775,-65.97712457166588,,,,,NAD83,,68.0,-45.0,112.2,1987.0,0,,473383,
gov:nb:GG-014,gov:nb,GG-014,,Yes,New Brunswick,45.34630010031789,-65.97660486838127,,,,,NAD83,,68.0,-60.0,48.2,1987.0,0,,473383,
gov:nb:GG-015,gov:nb,GG-015,,Yes,New Brunswick,45.34794652362093,-65.97851634490004,,,,,NAD83,,68.0,-45.0,54.300000000000004,1987.0,0,,473383,
gov:nb:GG-016,gov:nb,GG-016,,Yes,New Brunswick,45.34689159345311,-65.97804124653707,,,,,NAD83,,68.0,-60.0,74.10000000000001,1987.0,0,,473383,
gov:nb:GG-017,gov:nb,GG-017,,Yes,New Brunswick,45.346702236234066,-65.9779536841947,,,,,NAD83,,68.0,-60.0,185.3,1987.0,0,,473383,
gov:nb:GG-018,gov:nb,GG-018,,Yes,New Brunswick,45.34693087846547,-65.97875544402889,,,,,NAD83,,68.0,-45.0,116.7,1987.0,0,,473383,
gov:nb:GG-019,gov:nb,GG-019,,Yes,New Brunswick,45.34679732873101,-65.97906292208472,,,,,NAD83,,68.0,-60.0,400.1,1987.0,0,,473383,
gov:nb:GG-020,gov:nb,GG-020,,Yes,New Brunswick,45.34583028725606,-65.97618816791483,,,,,NAD83,,68.0,-60.0,51.2,1987.0,0,,473383,
gov:nb:GG-021,gov:nb,GG-021,,Yes,New Brunswick,45.34536360526778,-65.9764477084311,,,,,NAD83,,68.0,-60.0,74.7,1987.0,0,,473383,
gov:nb:GG-022,gov:nb,GG-022,,Yes,New Brunswick,45.345999498110956,-65.97775605057477,,,,,NAD83,,68.0,-45.0,182.3,1987.0,0,,473383,
gov:nb:ER-95-001,gov:nb,ER-95-001,,Yes,New Brunswick,45.429962051547406,-65.90226922339652,,,,,NAD83,,90.0,-45.0,62.2,1995.0,0,,474684,
gov:nb:ER-95-002,gov:nb,ER-95-002,,Yes,New Brunswick,45.42957071124186,-65.90142998666379,,,,,NAD83,,90.0,-45.0,68.29,1995.0,0,,474684,
gov:nb:MGD-88-001,gov:nb,MGD-88-001,,Yes,New Brunswick,45.30978897341413,-65.76373623934454,,,,,NAD83,,,-45.0,114.8,1989.0,0,,473665,
gov:nb:MGD-88-002,gov:nb,MGD-88-002,,Yes,New Brunswick,45.31034778990692,-65.76388195245089,,,,,NAD83,,250.0,-45.0,121.0,1989.0,0,,473665,
gov:nb:MGD-88-003,gov:nb,MGD-88-003,,Yes,New Brunswick,45.31079880704768,-65.76405458191164,,,,,NAD83,,250.0,-45.0,87.5,1989.0,0,,473665,
gov:nb:MGD-88-004,gov:nb,MGD-88-004,,Yes,New Brunswick,45.3104530145123,-65.76345976328835,,,,,NAD83,,,-45.0,108.8,1989.0,0,,473665,
gov:nb:MGD-88-005,gov:nb,MGD-88-005,,Yes,New Brunswick,45.31094901778013,-65.76363180115881,,,,,NAD83,,,-45.0,105.8,1989.0,0,,473665,
gov:nb:MGD-88-006,gov:nb,MGD-88-006,,Yes,New Brunswick,45.310000999289755,-65.76313413099133,,,,,NAD83,,250.0,-45.0,108.8,1989.0,0,,473665,
gov:nb:BR-001,gov:nb,BR-001,,Yes,New Brunswick,45.255287462128855,-65.83764886900207,,,,,NAD83,,337.0,-45.0,109.72800000000001,1984.0,0,,473078,
gov:nb:BR-002,gov:nb,BR-002,,Yes,New Brunswick,45.25794451737968,-65.83504417116909,,,,,NAD83,,337.0,-45.0,91.44,1984.0,0,,473078,
gov:nb:BR-003,gov:nb,BR-003,,Yes,New Brunswick,45.25931269123484,-65.83512995216743,,,,,NAD83,,337.0,-45.0,64.00800000000001,1984.0,0,,473078,
gov:nb:BR-004,gov:nb,BR-004,,Yes,New Brunswick,45.25982499537391,-65.83656357402025,,,,,NAD83,,337.0,-45.0,60.96,1984.0,0,,473078,
gov:nb:BR-005,gov:nb,BR-005,,Yes,New Brunswick,45.25836935603997,-65.83844075788424,,,,,NAD83,,337.0,-45.0,85.34400000000001,1984.0,0,,473078,
gov:nb:BR-006,gov:nb,BR-006,,Yes,New Brunswick,45.258030661356585,-65.8359222145153,,,,,NAD83,,337.0,-45.0,66.47688,1984.0,0,,473078,
gov:nb:BR-007,gov:nb,BR-007,,Yes,New Brunswick,45.255251128159095,-65.83912706218172,,,,,NAD83,,337.0,-45.0,91.44,1984.0,0,,473078,
gov:nb:BR-008,gov:nb,BR-008,,Yes,New Brunswick,45.24831085396151,-65.82492934384155,,,,,NAD83,,337.0,-45.0,152.4,1984.0,0,,473078,
gov:nb:BR-009,gov:nb,BR-009,,Yes,New Brunswick,45.24958678282168,-65.82313073251822,,,,,NAD83,,337.0,-45.0,67.056,1984.0,0,,473078,
gov:nb:GX-022,gov:nb,GX-022,,Yes,New Brunswick,45.19675934371532,-65.914692527377,,,,,NAD83,,,-90.0,24.5364,1984.0,0,,473030,
gov:nb:GX-001,gov:nb,GX-001,,Yes,New Brunswick,45.19799529269761,-65.91358524360454,,,,,NAD83,,,-90.0,6.4008,1984.0,0,,473030,
gov:nb:GX-002,gov:nb,GX-002,,Yes,New Brunswick,45.19797947789962,-65.91400537865806,,,,,NAD83,,,-90.0,13.411200000000001,1984.0,0,,473030,
gov:nb:GX-003,gov:nb,GX-003,,Yes,New Brunswick,45.19806528804606,-65.91320272431972,,,,,NAD83,,,-90.0,11.43,1984.0,0,,473030,
gov:nb:GX-004(A),gov:nb,GX-004(A),,Yes,New Brunswick,45.19813488508656,-65.9127438496847,,,,,NAD83,,,-90.0,14.9352,1984.0,0,,473030,
gov:nb:GX-005,gov:nb,GX-005,,Yes,New Brunswick,45.197520219815864,-65.91393378806096,,,,,NAD83,,,-90.0,17.9832,1984.0,0,,473030,
gov:nb:GX-006,gov:nb,GX-006,,Yes,New Brunswick,45.19775177107888,-65.9134732361631,,,,,NAD83,,,-90.0,5.486400000000001,1984.0,0,,473030,
gov:nb:GX-007,gov:nb,GX-007,,Yes,New Brunswick,45.19769805168135,-65.9135246995747,,,,,NAD83,,,-90.0,3.7185599999999996,1984.0,0,,473030,
gov:nb:GX-008,gov:nb,GX-008,,Yes,New Brunswick,45.19818667972335,-65.91405413360437,,,,,NAD83,,,-90.0,25.908,1984.0,0,,473030,
gov:nb:GX-009,gov:nb,GX-009,,Yes,New Brunswick,45.197400678451125,-65.91343870503441,,,,,NAD83,,,-90.0,26.029919999999997,1984.0,0,,473030,
gov:nb:GX-010,gov:nb,GX-010,,Yes,New Brunswick,45.197366737508695,-65.91383357140344,,,,,NAD83,,,-90.0,30.1752,1984.0,0,,473030,
gov:nb:GX-011,gov:nb,GX-011,,Yes,New Brunswick,45.197506662474,-65.91305581543075,,,,,NAD83,,,-90.0,9.692639999999999,1984.0,0,,473030,
gov:nb:GX-012,gov:nb,GX-012,,Yes,New Brunswick,45.197595047671356,-65.9127494652798,,,,,NAD83,,,-90.0,29.8704,1984.0,0,,473030,
gov:nb:GX-013,gov:nb,GX-013,,Yes,New Brunswick,45.196914824739146,-65.91344375299941,,,,,NAD83,,,-90.0,47.8536,1984.0,0,,473030,
gov:nb:GX-015,gov:nb,GX-015,,Yes,New Brunswick,45.19686698144389,-65.91462778074883,,,,,NAD83,,,-90.0,42.062400000000004,1984.0,0,,473030,
gov:nb:FR96-2,gov:nb,FR96-2,,Yes,New Brunswick,45.66793177048109,-65.91025718601536,,,,,NAD83,,110.0,-60.0,120.0,1996.0,0,,474759,
gov:nb:FR96-3,gov:nb,FR96-3,,Yes,New Brunswick,45.66773309753412,-65.91011811986797,,,,,NAD83,,110.0,-40.0,101.75,1996.0,0,,474759,
gov:nb:FR96-4,gov:nb,FR96-4,,Yes,New Brunswick,45.66833330818943,-65.9096112629846,,,,,NAD83,,115.0,-52.0,95.7,1996.0,0,,474759,
gov:nb:FR96-5,gov:nb,FR96-5,,Yes,New Brunswick,45.66932353737486,-65.90970344866419,,,,,NAD83,,135.0,-45.0,101.57000000000001,1996.0,0,,474759,
gov:nb:FR96-6,gov:nb,FR96-6,,Yes,New Brunswick,45.66932353737486,-65.90970344866419,,,,,NAD83,,101.0,-45.0,71.22,1996.0,0,,474759,
gov:nb:FR96-7,gov:nb,FR96-7,,Yes,New Brunswick,45.66932353737486,-65.90970344866419,,,,,NAD83,,122.0,-60.0,89.9,1996.0,0,,474759,
gov:nb:FR96-8,gov:nb,FR96-8,,Yes,New Brunswick,45.669456157673714,-65.90925286219634,,,,,NAD83,,130.0,-50.0,50.0,1996.0,0,,474759,
gov:nb:FR96-9,gov:nb,FR96-9,,Yes,New Brunswick,45.669456157673714,-65.90925286219634,,,,,NAD83,,130.0,-45.0,53.44,1996.0,0,,474759,
gov:nb:FR96-10,gov:nb,FR96-10,,Yes,New Brunswick,45.66974386840602,-65.90921131251801,,,,,NAD83,,101.0,-45.0,61.5,1996.0,0,,474759,
gov:nb:FR96-11,gov:nb,FR96-11,,Yes,New Brunswick,45.670184130895365,-65.9090911422392,,,,,NAD83,,101.0,-60.0,98.5,1996.0,0,,474759,
gov:nb:FR96-12,gov:nb,FR96-12,,Yes,New Brunswick,45.67018399719869,-65.90906547574804,,,,,NAD83,,101.0,-44.0,55.96,1996.0,0,,474759,
gov:nb:FR96-13,gov:nb,FR96-13,,Yes,New Brunswick,45.67023978496812,-65.9094114016167,,,,,NAD83,,101.0,-45.0,160.0,1996.0,0,,474759,
gov:nb:FR96-14,gov:nb,FR96-14,,Yes,New Brunswick,45.67019326181158,-65.90911671338718,,,,,NAD83,,300.0,-45.0,49.95,1996.0,0,,474759,
gov:nb:FR96-15,gov:nb,FR96-15,,Yes,New Brunswick,45.6704925427477,-65.90784297337909,,,,,NAD83,,291.0,-50.0,77.9,1996.0,0,,474759,
gov:nb:FR96-16,gov:nb,FR96-16,,Yes,New Brunswick,45.671790888300286,-65.90835539198643,,,,,NAD83,,110.0,-45.0,77.5,1996.0,0,,474759,
gov:nb:FR96-17,gov:nb,FR96-17,,Yes,New Brunswick,45.67083222582036,-65.90741584051477,,,,,NAD83,,281.0,-45.0,132.25,1996.0,0,,474759,
gov:nb:FR96-18,gov:nb,FR96-18,,Yes,New Brunswick,45.6678344016829,-65.91056621767156,,,,,NAD83,,110.0,-45.0,129.24,1996.0,0,,474759,
gov:nb:FR96-19,gov:nb,FR96-19,,Yes,New Brunswick,45.66838429928378,-65.91076574162769,,,,,NAD83,,115.0,-60.0,199.62,1996.0,0,,474759,
gov:nb:FR96-20,gov:nb,FR96-20,,Yes,New Brunswick,45.67004348530553,-65.90800174934611,,,,,NAD83,,281.0,-60.0,113.60000000000001,1996.0,0,,474759,
gov:nb:T-001,gov:nb,T-001,,Yes,New Brunswick,45.71590728306489,-64.9880478333242,,,,,NAD83,,141.0,-45.0,75.5904,1968.0,0,,470548,
gov:nb:T-002,gov:nb,T-002,,Yes,New Brunswick,45.71610911181798,-64.98833780187016,,,,,NAD83,,141.0,-45.0,77.724,1968.0,0,,470548,
gov:nb:T-003,gov:nb,T-003,,Yes,New Brunswick,45.716108769702124,-64.98831211997829,,,,,NAD83,,,-90.0,35.052,1968.0,0,,470548,
gov:nb:T-004,gov:nb,T-004,,Yes,New Brunswick,45.71514009375467,-64.98922474637739,,,,,NAD83,,141.0,-45.0,67.9704,1968.0,0,,470548,
gov:nb:T-005,gov:nb,T-005,,Yes,New Brunswick,45.71495780669551,-64.99107941803973,,,,,NAD83,,,-90.0,48.4632,1968.0,0,,470548,
gov:nb:VMD-001,gov:nb,VMD-001,,Yes,New Brunswick,45.52564034409701,-65.13668660283615,,,,,NAD83,,110.0,-47.0,135.0,1985.0,0,,473121,
gov:nb:VMD-002,gov:nb,VMD-002,,Yes,New Brunswick,45.52275512029732,-65.13770415089091,,,,,NAD83,,135.0,-45.0,66.1,1985.0,0,,473121,
gov:nb:VMD-003,gov:nb,VMD-003,,Yes,New Brunswick,45.5231813725232,-65.13723293861223,,,,,NAD83,,157.0,-43.0,271.0,1985.0,0,,473121,
gov:nb:VMD-004,gov:nb,VMD-004,,Yes,New Brunswick,45.526510616807656,-65.13647337592337,,,,,NAD83,,110.0,-45.0,82.60000000000001,1985.0,0,,473121,
gov:nb:PIC-92-001,gov:nb,PIC-92-001,,Yes,New Brunswick,45.71560584763042,-65.31219245440458,,,,,NAD83,,68.0,-70.0,89.9,1992.0,0,,474245,
gov:nb:PIC-92-002,gov:nb,PIC-92-002,,Yes,New Brunswick,45.71774638823759,-65.31295606189411,,,,,NAD83,,68.0,-70.0,242.3,1992.0,0,,474245,
gov:nb:PMD-87-001,gov:nb,PMD-87-001,,Yes,New Brunswick,45.73178695758718,-65.35000785920933,,,,,NAD83,,,,7.0,1988.0,0,,473522,
gov:nb:PMD-87-002,gov:nb,PMD-87-002,,Yes,New Brunswick,45.73205047100229,-65.34759969987586,,,,,NAD83,,,,9.1,1988.0,0,,473522,
gov:nb:PMD-87-003,gov:nb,PMD-87-003,,Yes,New Brunswick,45.73282583186357,-65.34686410791944,,,,,NAD83,,,,15.200000000000001,1988.0,0,,473522,
gov:nb:PMD-87-004,gov:nb,PMD-87-004,,Yes,New Brunswick,45.73341161525857,-65.34606817985382,,,,,NAD83,,,,7.6000000000000005,1988.0,0,,473522,
gov:nb:HV-001,gov:nb,HV-001,,Yes,New Brunswick,45.57938770577573,-65.49599094696731,,,,,NAD83,,,-90.0,27.218639999999997,1976.0,0,,470564,
gov:nb:HV-002,gov:nb,HV-002,,Yes,New Brunswick,45.58322259255374,-65.49720348480461,,,,,NAD83,,,-90.0,141.1224,1976.0,0,,470564,
gov:nb:HV-003,gov:nb,HV-003,,Yes,New Brunswick,45.57830803288344,-65.50518459306284,,,,,NAD83,,,-90.0,169.16400000000002,1976.0,0,,470564,
gov:nb:HV-004,gov:nb,HV-004,,Yes,New Brunswick,45.59634601275453,-65.48958513899885,,,,,NAD83,,,-90.0,32.6136,1976.0,0,,470564,
gov:nb:HV-004A,gov:nb,HV-004A,,Yes,New Brunswick,45.59634601275453,-65.48958513899885,,,,,NAD83,,,-90.0,275.2344,1976.0,0,,470564,
gov:nb:HV-005,gov:nb,HV-005,,Yes,New Brunswick,45.59104203989339,-65.49519199410793,,,,,NAD83,,,-90.0,86.25840000000001,1976.0,0,,470564,
gov:nb:4-002,gov:nb,4-002,,Yes,New Brunswick,45.660380929394606,-65.37904428354214,,,,,NAD83,,,,12.192,1976.0,0,,472164,
gov:nb:4-003,gov:nb,4-003,,Yes,New Brunswick,45.66022087449978,-65.37741781691064,,,,,NAD83,,,,30.48,1976.0,0,,472164,
gov:nb:4-004,gov:nb,4-004,,Yes,New Brunswick,45.660450306307844,-65.37605298459837,,,,,NAD83,,,,15.24,1976.0,0,,472164,
gov:nb:4-005,gov:nb,4-005,,Yes,New Brunswick,45.66157735144903,-65.37537581463208,,,,,NAD83,,,,30.48,1976.0,0,,472164,
gov:nb:4-006,gov:nb,4-006,,Yes,New Brunswick,45.66257704429615,-65.37456002710306,,,,,NAD83,,,,30.48,1976.0,0,,472164,
gov:nb:4-007,gov:nb,4-007,,Yes,New Brunswick,45.66375428288039,-65.37440793891818,,,,,NAD83,,,,6.096,1976.0,0,,472164,
gov:nb:4-008,gov:nb,4-008,,Yes,New Brunswick,45.66101834205758,-65.38345862711122,,,,,NAD83,,,,33.528,1976.0,0,,472164,
gov:nb:4-009,gov:nb,4-009,,Yes,New Brunswick,45.66121149596169,-65.37841163500752,,,,,NAD83,,,,27.432000000000002,1976.0,0,,472164,
gov:nb:96-001,gov:nb,96-001,,Yes,New Brunswick,45.664682808577346,-65.3745816946381,,,,,NAD83,,,-90.0,50.200559999999996,1997.0,0,,474900,
gov:nb:96-002,gov:nb,96-002,,Yes,New Brunswick,45.66385540612361,-65.37462405873005,,,,,NAD83,,,-90.0,28.346400000000003,1997.0,0,,474900,
gov:nb:96-003,gov:nb,96-003,,Yes,New Brunswick,45.662956033431094,-65.37466787375725,,,,,NAD83,,,-90.0,18.8976,1997.0,0,,474900,
gov:nb:96-005,gov:nb,96-005,,Yes,New Brunswick,45.6638503902698,-65.37593312527746,,,,,NAD83,,,-90.0,44.074079999999995,1997.0,0,,474900,
gov:nb:96-006,gov:nb,96-006,,Yes,New Brunswick,45.66295063553995,-65.3759384285251,,,,,NAD83,,,-90.0,27.553919999999998,1997.0,0,,474900,
gov:nb:96-007,gov:nb,96-007,,Yes,New Brunswick,45.662059877046765,-65.37594355013755,,,,,NAD83,,,-90.0,19.2024,1997.0,0,,474900,
gov:nb:96-010,gov:nb,96-010,,Yes,New Brunswick,45.66386373285975,-65.3772803207875,,,,,NAD83,,,-90.0,50.4444,1997.0,0,,474900,
gov:nb:96-011,gov:nb,96-011,,Yes,New Brunswick,45.66296385097229,-65.37727277207348,,,,,NAD83,,,-90.0,39.624,1997.0,0,,474900,
gov:nb:96-012,gov:nb,96-012,,Yes,New Brunswick,45.662082215594765,-65.37729052129181,,,,,NAD83,,,-90.0,25.908,1997.0,0,,474900,
gov:nb:96-013,gov:nb,96-013,,Yes,New Brunswick,45.66119145690391,-65.37729562109983,,,,,NAD83,,,-90.0,12.192,1997.0,0,,474900,
gov:nb:96-017,gov:nb,96-017,,Yes,New Brunswick,45.66298566645133,-65.37856844477905,,,,,NAD83,,,-90.0,44.196000000000005,1997.0,0,,474900,
gov:nb:96-018,gov:nb,96-018,,Yes,New Brunswick,45.66209516134111,-65.37859918446355,,,,,NAD83,,,-90.0,32.004000000000005,1997.0,0,,474900,
gov:nb:96-019,gov:nb,96-019,,Yes,New Brunswick,45.66119540621288,-65.37860444426846,,,,,NAD83,,,-90.0,19.812,1997.0,0,,474900,
gov:nb:96-022,gov:nb,96-022,,Yes,New Brunswick,45.663889356470435,-65.37987207057247,,,,,NAD83,,,-90.0,54.864000000000004,1997.0,0,,474900,
gov:nb:96-023,gov:nb,96-023,,Yes,New Brunswick,45.66299872425291,-65.37988995983014,,,,,NAD83,,,-90.0,46.0248,1997.0,0,,474900,
gov:nb:96-024,gov:nb,96-024,,Yes,New Brunswick,45.662135080849005,-65.3799073063166,,,,,NAD83,,,-90.0,35.23488,1997.0,0,,474900,
gov:nb:96-025,gov:nb,96-025,,Yes,New Brunswick,45.661208336706736,-65.37991308707952,,,,,NAD83,,,-90.0,22.86,1997.0,0,,474900,
gov:nb:96-029,gov:nb,96-029,,Yes,New Brunswick,45.66302076294955,-65.38121129516054,,,,,NAD83,,,-90.0,41.148,1997.0,0,,474900,
gov:nb:96-030,gov:nb,96-030,,Yes,New Brunswick,45.66213025693141,-65.38124199267635,,,,,NAD83,,,-90.0,33.710879999999996,1997.0,0,,474900,
gov:nb:96-031,gov:nb,96-031,,Yes,New Brunswick,45.66122163174162,-65.38126022016576,,,,,NAD83,,,-90.0,19.812,1997.0,0,,474900,
gov:nb:MS-95-001,gov:nb,MS-95-001,,Yes,New Brunswick,45.70992106785932,-65.24548776384839,,,,,NAD83,,337.0,-45.0,211.2264,1995.0,0,,474661,
gov:nb:FRED-010,gov:nb,FRED-010,,Yes,New Brunswick,45.89716967324593,-66.73280262972746,,,,,NAD83,,,-90.0,304.2,1979.0,0,,472474,
gov:nb:FRED-012,gov:nb,FRED-012,,Yes,New Brunswick,45.9111387824029,-66.69152455201399,,,,,NAD83,,,-90.0,243.20000000000002,1979.0,0,,472474,
gov:nb:FRED-014,gov:nb,FRED-014,,Yes,New Brunswick,45.904726611352984,-66.71019006285432,,,,,NAD83,,,-90.0,257.9,1979.0,0,,472474,
gov:nb:FRED-015,gov:nb,FRED-015,,Yes,New Brunswick,45.94686027219961,-66.70099907713325,,,,,NAD83,,,-90.0,336.5,1979.0,0,,472474,
gov:nb:FRED-016,gov:nb,FRED-016,,Yes,New Brunswick,45.88360055427483,-66.77361101368497,,,,,NAD83,,,-90.0,118.3,1979.0,0,,472474,
gov:nb:FRED-017,gov:nb,FRED-017,,Yes,New Brunswick,45.92246844169625,-66.70087187754665,,,,,NAD83,,,-90.0,296.90000000000003,1979.0,0,,472474,
gov:nb:FRED-019,gov:nb,FRED-019,,Yes,New Brunswick,45.889314272075744,-66.76589563719584,,,,,NAD83,,,-90.0,209.70000000000002,1979.0,0,,472474,
gov:nb:RF-5,gov:nb,RF-5,,Yes,New Brunswick,45.77992876887969,-66.54257550508865,,,,,NAD83,,,-90.0,302.6,1980.0,0,,472594,
gov:nb:RF-6,gov:nb,RF-6,,Yes,New Brunswick,45.789132044366795,-66.49358132962789,,,,,NAD83,,,-90.0,300.8,1980.0,0,,472594,
gov:nb:RF-7,gov:nb,RF-7,,Yes,New Brunswick,45.7519723756892,-66.49778842229225,,,,,NAD83,,,-90.0,300.8,1980.0,0,,472594,
gov:nb:RF-8,gov:nb,RF-8,,Yes,New Brunswick,45.78568757453135,-66.58863307683306,,,,,NAD83,,,-90.0,305.7,1980.0,0,,472759,
gov:nb:RF-9,gov:nb,RF-9,,Yes,New Brunswick,45.8172929425915,-66.58047388868258,,,,,NAD83,,,-90.0,156.20000000000002,1980.0,0,,472759,
gov:nb:RF-10,gov:nb,RF-10,,Yes,New Brunswick,45.80841605367741,-66.57513463789508,,,,,NAD83,,,-90.0,132.0,1980.0,0,,472759,
gov:nb:RF-11,gov:nb,RF-11,,Yes,New Brunswick,45.83283085638965,-66.55063490802029,,,,,NAD83,,,-90.0,165.0,1980.0,0,,472759,
gov:nb:DDH-9,gov:nb,DDH-9,,Yes,New Brunswick,45.90125991608848,-66.67454368968347,,,,,NAD83,,,-90.0,151.0,1981.0,0,,472125,
gov:nb:DDH-10,gov:nb,DDH-10,,Yes,New Brunswick,45.88879440733772,-66.67127047159367,,,,,NAD83,,,-90.0,154.5,1981.0,0,,472125,
gov:nb:DDH-11,gov:nb,DDH-11,,Yes,New Brunswick,45.8859855117531,-66.68935049410526,,,,,NAD83,,,-90.0,213.20000000000002,1981.0,0,,472235,
gov:nb:DDH-12,gov:nb,DDH-12,,Yes,New Brunswick,45.86609822542779,-66.70648904669808,,,,,NAD83,,,-90.0,114.3,1981.0,0,,472235,
gov:nb:DDH-13,gov:nb,DDH-13,,Yes,New Brunswick,45.86283942252855,-66.68667006572552,,,,,NAD83,,,-90.0,167.0,1977.0,0,,472235,
gov:nb:DDH-14,gov:nb,DDH-14,,Yes,New Brunswick,45.88719863831873,-66.72017310877978,,,,,NAD83,,,-90.0,154.5,1977.0,0,,472235,
gov:nb:DDH-15,gov:nb,DDH-15,,Yes,New Brunswick,45.8974233779701,-66.71356436388625,,,,,NAD83,,,-90.0,145.5,1978.0,0,,472235,
gov:nb:NB-55-401,gov:nb,NB-55-401,,Yes,New Brunswick,45.9597579491885,-67.56326497195488,,,,,NAD83,,18.0,-45.0,92.6592,1957.0,0,,470181,
gov:nb:NB-55-402,gov:nb,NB-55-402,,Yes,New Brunswick,45.95991733751668,-67.56064902967384,,,,,NAD83,,18.0,-45.0,152.4,1957.0,0,,470181,
gov:nb:NB-55-403,gov:nb,NB-55-403,,Yes,New Brunswick,45.957430956978854,-67.54639746506764,,,,,NAD83,,18.0,-45.0,108.20400000000001,1957.0,0,,470181,
gov:nb:NB-55-404,gov:nb,NB-55-404,,Yes,New Brunswick,45.9561762250543,-67.54585771403586,,,,,NAD83,,18.0,-45.0,106.68,1957.0,0,,470181,
gov:nb:NB-56-51,gov:nb,NB-56-51,,No,New Brunswick,45.96542647587447,-67.56616091630734,,,,,NAD83,,162.0,-45.0,146.304,1956.0,0,,470181,
gov:nb:NB-56-52,gov:nb,NB-56-52,,No,New Brunswick,45.96551686759677,-67.56515623885161,,,,,NAD83,,162.0,-45.0,213.9696,1956.0,0,,470181,
gov:nb:ER-82-001,gov:nb,ER-82-001,,Yes,New Brunswick,45.970297831409454,-67.52963351407084,,,,,NAD83,,164.0,-45.0,77.3,1983.0,0,,472923,
gov:nb:ER-82-002,gov:nb,ER-82-002,,Yes,New Brunswick,45.96773196882538,-67.53376642320076,,,,,NAD83,,160.0,-45.0,77.4,1983.0,0,,472923,
gov:nb:BB-92-001,gov:nb,BB-92-001,,Yes,New Brunswick,45.96134168382582,-67.5832803700121,,,,,NAD83,,157.0,-45.0,128.01600000000002,1996.0,0,,474820,
gov:nb:BB-92-002,gov:nb,BB-92-002,,Yes,New Brunswick,45.96106280236174,-67.58327490987138,,,,,NAD83,,337.0,-45.0,96.9264,1996.0,0,,474820,
gov:nb:BB-92-003,gov:nb,BB-92-003,,Yes,New Brunswick,45.95856618101949,-67.59030880069672,,,,,NAD83,,337.0,-45.0,137.4648,1996.0,0,,474820,
gov:nb:BB-92-004,gov:nb,BB-92-004,,Yes,New Brunswick,45.959372550981456,-67.55634242989022,,,,,NAD83,,157.0,-45.0,68.58,1996.0,0,,474820,
gov:nb:BB-92-005,gov:nb,BB-92-005,,Yes,New Brunswick,45.959738641344124,-67.55664615240951,,,,,NAD83,,337.0,-45.0,78.3336,1996.0,0,,474820,
gov:nb:BB-92-006,gov:nb,BB-92-006,,Yes,New Brunswick,45.960044446520655,-67.5537491491911,,,,,NAD83,,157.0,-45.0,119.7864,1996.0,0,,474820,
gov:nb:BB-94-007,gov:nb,BB-94-007,,Yes,New Brunswick,45.96161443815665,-67.58109238337005,,,,,NAD83,,337.0,-60.0,222.80880000000002,1996.0,0,,474820,
gov:nb:BB-94-008,gov:nb,BB-94-008,,Yes,New Brunswick,45.95775389492623,-67.59150549246145,,,,,NAD83,,337.0,-60.0,196.2912,1996.0,0,,474820,
gov:nb:BB-94-009,gov:nb,BB-94-009,,Yes,New Brunswick,45.961649226220835,-67.59719468341068,,,,,NAD83,,157.0,-45.0,129.54,1996.0,0,,474820,
gov:nb:BB-95-010,gov:nb,BB-95-010,,Yes,New Brunswick,45.95604359100672,-67.59251670839461,,,,,NAD83,,334.0,-70.0,432.81600000000003,1996.0,0,,474820,
gov:nb:BB-95-011,gov:nb,BB-95-011,,Yes,New Brunswick,45.95839123552038,-67.58790573410542,,,,,NAD83,,339.0,-61.0,398.9832,1996.0,0,,474820,
gov:nb:BB-95-012,gov:nb,BB-95-012,,Yes,New Brunswick,45.96166554616143,-67.58328671090568,,,,,NAD83,,330.0,-61.0,328.8792,1996.0,0,,474820,
gov:nb:78-ER-001,gov:nb,78-ER-001,,Yes,New Brunswick,45.96670357616052,-67.55366953771146,,,,,NAD83,,337.0,-45.0,113.47704,1979.0,0,,472384,
gov:nb:29-001,gov:nb,29-001,,Yes,New Brunswick,45.9661183747726,-67.60769603701983,,,,,NAD83,,130.0,-45.0,93.5736,1955.0,0,,470188,
gov:nb:29-002,gov:nb,29-002,,Yes,New Brunswick,45.9661183747726,-67.60769603701983,,,,,NAD83,,355.0,-45.0,91.44,1955.0,0,,470188,
gov:nb:29-003,gov:nb,29-003,,Yes,New Brunswick,45.96983559456825,-67.58611779798392,,,,,NAD83,,130.0,-45.0,91.44,1955.0,0,,470188,
gov:nb:29-004,gov:nb,29-004,,Yes,New Brunswick,45.967284149028295,-67.60161613174849,,,,,NAD83,,310.0,-45.0,120.396,1955.0,0,,470188,
gov:nb:O-001,gov:nb,O-001,,Yes,New Brunswick,45.58103625908502,-66.81287433107245,,,,,NAD83,,,-90.0,82.9056,1979.0,0,,472444,
gov:nb:O-002,gov:nb,O-002,,Yes,New Brunswick,45.58898342293846,-66.82487537497188,,,,,NAD83,,,-90.0,64.00800000000001,1979.0,0,,472444,
gov:nb:O-003,gov:nb,O-003,,Yes,New Brunswick,45.5375757129869,-66.86463866162903,,,,,NAD83,,,-90.0,73.152,1979.0,0,,472444,
gov:nb:O-004,gov:nb,O-004,,Yes,New Brunswick,45.57071661877223,-66.8856470388613,,,,,NAD83,,,-90.0,65.8368,1979.0,0,,472444,
gov:nb:O-005,gov:nb,O-005,,Yes,New Brunswick,45.538670317408375,-66.92251836909364,,,,,NAD83,,,-90.0,67.056,1979.0,0,,472444,
gov:nb:O-006,gov:nb,O-006,,Yes,New Brunswick,45.544241255689904,-66.91238050559795,,,,,NAD83,,,-90.0,77.1144,1979.0,0,,472444,
gov:nb:O-007,gov:nb,O-007,,Yes,New Brunswick,45.561284114055944,-66.77930720100474,,,,,NAD83,,,-90.0,60.96,1979.0,0,,472444,
gov:nb:O-008,gov:nb,O-008,,Yes,New Brunswick,45.493907206677775,-67.08607805555525,,,,,NAD83,,,-90.0,78.3336,1979.0,0,,472444,
gov:nb:O-009,gov:nb,O-009,,Yes,New Brunswick,45.49914282840558,-67.10341852744575,,,,,NAD83,,,-90.0,75.2856,1979.0,0,,472444,
gov:nb:O-010,gov:nb,O-010,,Yes,New Brunswick,45.503028867401106,-67.08648060360744,,,,,NAD83,,,-90.0,15.24,1979.0,0,,472444,
gov:nb:O-011,gov:nb,O-011,,Yes,New Brunswick,45.53291682041268,-67.1057926458867,,,,,NAD83,,,-90.0,63.0936,1979.0,0,,472444,
gov:nb:O-012,gov:nb,O-012,,Yes,New Brunswick,45.524841043897354,-67.0879123884143,,,,,NAD83,,,-90.0,79.8576,1979.0,0,,472444,
gov:nb:O-013,gov:nb,O-013,,No,New Brunswick,45.52998700208061,-67.07402530914744,,,,,NAD83,,,-90.0,63.0936,1979.0,0,,472563,
gov:nb:O-014,gov:nb,O-014,,Yes,New Brunswick,45.56244710583921,-66.79266006203396,,,,,NAD83,,,-90.0,107.25912,1980.0,0,,472563,
gov:nb:O-015,gov:nb,O-015,,Yes,New Brunswick,45.57074366822977,-66.79927552234872,,,,,NAD83,,,-90.0,294.68064,1980.0,0,,472563,
gov:nb:O-016,gov:nb,O-016,,Yes,New Brunswick,45.57674200515352,-66.80716160887002,,,,,NAD83,,,-90.0,401.33016,1980.0,0,,472563,
gov:nb:O-017,gov:nb,O-017,,Yes,New Brunswick,45.5824191597,-66.8170977660445,,,,,NAD83,,,-90.0,454.73112,1980.0,0,,472563,
gov:nb:O-018,gov:nb,O-018,,Yes,New Brunswick,45.55464547228703,-66.93095100847854,,,,,NAD83,,,-90.0,523.21968,1980.0,0,,472563,
gov:nb:O-019,gov:nb,O-019,,Yes,New Brunswick,45.5520275843768,-66.94709294956125,,,,,NAD83,,,-90.0,256.09296,1980.0,0,,472563,
gov:nb:O-020,gov:nb,O-020,,Yes,New Brunswick,45.577679663894415,-66.86142802824158,,,,,NAD83,,,-90.0,254.69088,1980.0,0,,472563,
gov:nb:O-021,gov:nb,O-021,,Yes,New Brunswick,45.56543746410107,-66.86028567773359,,,,,NAD83,,,-90.0,127.07112000000001,1980.0,0,,472563,
gov:nb:0A-001,gov:nb,0A-001,,Yes,New Brunswick,45.56067301763314,-66.78622082708067,,,,,NAD83,,,-90.0,10.668000000000001,1980.0,0,,472563,
gov:nb:0A-002,gov:nb,0A-002,,Yes,New Brunswick,45.558705968330194,-66.78125398086377,,,,,NAD83,,,-90.0,4.54152,1980.0,0,,472444,
gov:nb:0A-003,gov:nb,0A-003,,Yes,New Brunswick,45.56066501560305,-66.78937171730014,,,,,NAD83,,,-90.0,11.5824,1980.0,0,,472563,
gov:nb:0A-004,gov:nb,0A-004,,Yes,New Brunswick,45.56435817051261,-66.79475801483042,,,,,NAD83,,,-90.0,14.325600000000001,1980.0,0,,472563,
gov:nb:0A-005,gov:nb,0A-005,,Yes,New Brunswick,45.5660337823235,-66.79741849664744,,,,,NAD83,,,-90.0,18.5928,1980.0,0,,472563,
gov:nb:0A-006,gov:nb,0A-006,,Yes,New Brunswick,45.54120823856451,-66.86262646231265,,,,,NAD83,,,-90.0,6.4008,1980.0,0,,472563,
gov:nb:0A-007,gov:nb,0A-007,,Yes,New Brunswick,45.54243333180289,-66.86218624480072,,,,,NAD83,,,-90.0,7.3152,1980.0,0,,472563,
gov:nb:0A-008,gov:nb,0A-008,,Yes,New Brunswick,45.5438352621475,-66.86272031907359,,,,,NAD83,,,-90.0,6.4008,1980.0,0,,472563,
gov:nb:0A-009,gov:nb,0A-009,,Yes,New Brunswick,45.54676166295548,-66.92667725107448,,,,,NAD83,,,-90.0,17.3736,1980.0,0,,472563,
gov:nb:0A-010,gov:nb,0A-010,,Yes,New Brunswick,45.54287360904896,-66.92456044141629,,,,,NAD83,,,-90.0,12.4968,1980.0,0,,472563,
gov:nb:0A-011,gov:nb,0A-011,,Yes,New Brunswick,45.55003054806191,-66.9283413897943,,,,,NAD83,,,-90.0,19.2024,1980.0,0,,472563,
gov:nb:0A-012,gov:nb,0A-012,,Yes,New Brunswick,45.54038615419187,-66.92324835454919,,,,,NAD83,,,-90.0,10.972800000000001,1980.0,0,,472563,
gov:nb:0A-013,gov:nb,0A-013,,Yes,New Brunswick,45.53892186399716,-66.92262269852179,,,,,NAD83,,,-90.0,11.5824,1980.0,0,,472563,
gov:nb:0A-014,gov:nb,0A-014,,Yes,New Brunswick,45.55127368780589,-66.92316425056829,,,,,NAD83,,,-90.0,13.1064,1980.0,0,,472563,
gov:nb:0A-015,gov:nb,0A-015,,Yes,New Brunswick,45.55192474246176,-66.92948288665359,,,,,NAD83,,,-90.0,13.624559999999999,1980.0,0,,472563,
gov:nb:R-78-001,gov:nb,R-78-001,,Yes,New Brunswick,45.57833332566736,-66.58325578420605,,,,,NAD83,,,-90.0,89.00160000000001,1978.0,0,,472224,
gov:nb:R-78-002,gov:nb,R-78-002,,Yes,New Brunswick,45.57507956561594,-66.59057935922972,,,,,NAD83,,,-90.0,153.0096,1978.0,0,,472224,
gov:nb:R-78-003,gov:nb,R-78-003,,Yes,New Brunswick,45.567076795433685,-66.60546453127695,,,,,NAD83,,,-90.0,142.6464,1978.0,0,,472224,
gov:nb:R-78-004,gov:nb,R-78-004,,Yes,New Brunswick,45.55773648864089,-66.63195938407647,,,,,NAD83,,,-90.0,108.20400000000001,1978.0,0,,472224,
gov:nb:M-004,gov:nb,M-004,,Yes,New Brunswick,45.58417127537983,-66.57234694580441,,,,,NAD83,,,-90.0,45.72,1976.0,0,,470336,
gov:nb:M-005,gov:nb,M-005,,Yes,New Brunswick,45.57798844869823,-66.58720154883095,,,,,NAD83,,,-90.0,134.112,1976.0,0,,470336,
gov:nb:M-006,gov:nb,M-006,,Yes,New Brunswick,45.58088184070148,-66.59206228710788,,,,,NAD83,,,-90.0,271.8816,1976.0,0,,470336,
gov:nb:M-007,gov:nb,M-007,,Yes,New Brunswick,45.57605583652771,-66.58472578904943,,,,,NAD83,,,-90.0,64.00800000000001,1976.0,0,,470336,
gov:nb:M-008,gov:nb,M-008,,Yes,New Brunswick,45.568210786344366,-66.59496218117535,,,,,NAD83,,,-90.0,128.01600000000002,1976.0,0,,470336,
gov:nb:M-009,gov:nb,M-009,,Yes,New Brunswick,45.58335080204788,-66.57494708917172,,,,,NAD83,,,-90.0,27.432000000000002,1976.0,0,,470336,
gov:nb:M-010,gov:nb,M-010,,Yes,New Brunswick,45.583998732038914,-66.5747941904869,,,,,NAD83,,,-90.0,42.672000000000004,1976.0,0,,470336,
gov:nb:MR-008,gov:nb,MR-008,,Yes,New Brunswick,45.205330059496724,-65.9087105676141,,,,,NAD83,,,-90.0,57.300000000000004,1987.0,0,,473454,
gov:nb:MR-009,gov:nb,MR-009,,Yes,New Brunswick,45.20554699368992,-65.90889921646651,,,,,NAD83,,,-90.0,17.7,1987.0,0,,473454,
gov:nb:MR-010,gov:nb,MR-010,,Yes,New Brunswick,45.20549860828381,-65.90825059081476,,,,,NAD83,,,-90.0,63.4,1987.0,0,,473454,
gov:nb:MR-011,gov:nb,MR-011,,Yes,New Brunswick,45.20567022348364,-65.90837607282101,,,,,NAD83,,,-90.0,17.1,1987.0,0,,473454,
gov:nb:MR-012,gov:nb,MR-012,,Yes,New Brunswick,45.20539770372892,-65.90788253487084,,,,,NAD83,,,-90.0,23.8,1987.0,0,,473454,
gov:nb:MR-013,gov:nb,MR-013,,Yes,New Brunswick,45.205684816069656,-65.90772678533025,,,,,NAD83,,,-90.0,18.6,1987.0,0,,473454,
gov:nb:MR-014,gov:nb,MR-014,,Yes,New Brunswick,45.20414752610953,-65.90626649353567,,,,,NAD83,,,-90.0,20.7,1987.0,0,,473454,
gov:nb:MR-015,gov:nb,MR-015,,Yes,New Brunswick,45.20405915859904,-65.90657288936283,,,,,NAD83,,,-90.0,20.7,1987.0,0,,473454,
gov:nb:MR-016,gov:nb,MR-016,,Yes,New Brunswick,45.20402109576597,-65.90617872916151,,,,,NAD83,,,-90.0,17.1,1987.0,0,,473454,
gov:nb:MR-017,gov:nb,MR-017,,Yes,New Brunswick,45.21033652912882,-65.89245386591352,,,,,NAD83,,,-90.0,29.900000000000002,1987.0,0,,473454,
gov:nb:MR-018,gov:nb,MR-018,,Yes,New Brunswick,45.21031613741056,-65.89200856404638,,,,,NAD83,,,-90.0,23.8,1987.0,0,,473454,
gov:nb:MR-019,gov:nb,MR-019,,Yes,New Brunswick,45.21031408128337,-65.8916267107253,,,,,NAD83,,,-90.0,36.0,1987.0,0,,473454,
gov:nb:MR-020,gov:nb,MR-020,,Yes,New Brunswick,45.209909478521986,-65.89168198867358,,,,,NAD83,,,-90.0,54.0,1987.0,0,,473454,
gov:nb:MR-021,gov:nb,MR-021,,Yes,New Brunswick,45.2105309753678,-65.89180258183329,,,,,NAD83,,,-90.0,42.1,1987.0,0,,473454,
gov:nb:MR-022,gov:nb,MR-022,,Yes,New Brunswick,45.21061943981649,-65.89152158492364,,,,,NAD83,,,-90.0,26.8,1987.0,0,,473454,
gov:nb:MR-023,gov:nb,MR-023,,Yes,New Brunswick,45.21025781231107,-65.89287477590959,,,,,NAD83,,,-90.0,20.7,1987.0,0,,473454,
gov:nb:MR-024,gov:nb,MR-024,,Yes,New Brunswick,45.21005473702932,-65.8919222762937,,,,,NAD83,,,-90.0,45.1,1987.0,0,,473454,
gov:nb:MR-025,gov:nb,MR-025,,Yes,New Brunswick,45.21016085350924,-65.89157744592478,,,,,NAD83,,,-90.0,26.8,1987.0,0,,473454,
gov:nb:MR-026,gov:nb,MR-026,,Yes,New Brunswick,45.21027356419861,-65.89078702203794,,,,,NAD83,,,-90.0,20.7,1987.0,0,,473454,
gov:nb:MR-027,gov:nb,MR-027,,Yes,New Brunswick,45.21054794512208,-65.88994393052945,,,,,NAD83,,,-90.0,17.1,1987.0,0,,473454,
gov:nb:MR-028,gov:nb,MR-028,,Yes,New Brunswick,45.20998667555649,-65.88931354222218,,,,,NAD83,,,-90.0,20.7,1987.0,0,,473454,
gov:nb:MR-029,gov:nb,MR-029,,Yes,New Brunswick,45.21093379608122,-65.88974881963372,,,,,NAD83,,,-90.0,17.1,1987.0,0,,473454,
gov:nb:MR-030,gov:nb,MR-030,,Yes,New Brunswick,45.210767096730685,-65.88887230147645,,,,,NAD83,,,-90.0,17.1,1987.0,0,,473454,
gov:nb:MR-031,gov:nb,MR-031,,Yes,New Brunswick,45.21076309987316,-65.88813404618072,,,,,NAD83,,,-90.0,17.7,1987.0,0,,473454,
gov:nb:MR-032,gov:nb,MR-032,,Yes,New Brunswick,45.211111509833856,-65.88767201154857,,,,,NAD83,,,-90.0,17.1,1987.0,0,,473454,
gov:nb:MR-033,gov:nb,MR-033,,Yes,New Brunswick,45.21072534922706,-65.89113856474549,,,,,NAD83,,,-90.0,17.7,1987.0,0,,473454,
gov:nb:MR-034,gov:nb,MR-034,,Yes,New Brunswick,45.210880634813215,-65.89156968595532,,,,,NAD83,,,-90.0,17.1,1987.0,0,,473454,
gov:nb:MR-035,gov:nb,MR-035,,Yes,New Brunswick,45.209560196197785,-65.89365875036177,,,,,NAD83,,,-90.0,17.7,1987.0,0,,473454,
gov:nb:MR-036,gov:nb,MR-036,,Yes,New Brunswick,45.208845398851984,-65.89459563590012,,,,,NAD83,,,-90.0,39.0,1987.0,0,,473454,
gov:nb:MR-037,gov:nb,MR-037,,Yes,New Brunswick,45.20864704955069,-65.89452139075375,,,,,NAD83,,,-90.0,56.7,1987.0,0,,473454,
gov:nb:MR-038,gov:nb,MR-038,,Yes,New Brunswick,45.20960062112624,-65.89616593288696,,,,,NAD83,,,-90.0,23.8,1987.0,0,,473454,
gov:nb:MR-039,gov:nb,MR-039,,Yes,New Brunswick,45.2092489789238,-65.89602967687587,,,,,NAD83,,,-90.0,17.1,1987.0,0,,473454,
gov:nb:MR-040,gov:nb,MR-040,,Yes,New Brunswick,45.20875324406341,-65.89586950725923,,,,,NAD83,,,-90.0,30.2,1987.0,0,,473454,
gov:nb:MR-041,gov:nb,MR-041,,Yes,New Brunswick,45.20832055798307,-65.89572139409353,,,,,NAD83,,,-90.0,36.0,1987.0,0,,473454,
gov:nb:MR-042,gov:nb,MR-042,,Yes,New Brunswick,45.207869672831066,-65.89553529219603,,,,,NAD83,,,-90.0,23.8,1987.0,0,,473454,
gov:nb:MR-043,gov:nb,MR-043,,Yes,New Brunswick,45.20553915971585,-65.90569181839096,,,,,NAD83,,,-90.0,23.8,1987.0,0,,473454,
gov:nb:MR-044,gov:nb,MR-044,,Yes,New Brunswick,45.20522311609822,-65.90547876970342,,,,,NAD83,,,-90.0,17.7,1987.0,0,,473454,
gov:nb:MR-045,gov:nb,MR-045,,Yes,New Brunswick,45.204897940763345,-65.90524036370537,,,,,NAD83,,,-90.0,17.1,1987.0,0,,473454,
gov:nb:MR-046,gov:nb,MR-046,,Yes,New Brunswick,45.20459989087475,-65.90502713027206,,,,,NAD83,,,-90.0,18.3,1987.0,0,,473454,
gov:nb:MR-047,gov:nb,MR-047,,Yes,New Brunswick,45.2042748487459,-65.90481418370493,,,,,NAD83,,,-90.0,16.8,1987.0,0,,473454,
gov:nb:MR-048,gov:nb,MR-048,,Yes,New Brunswick,45.20545987306089,-65.9043052925957,,,,,NAD83,,,-90.0,18.3,1987.0,0,,473454,
gov:nb:MR-049,gov:nb,MR-049,,Yes,New Brunswick,45.20583050644621,-65.9046323131396,,,,,NAD83,,,-90.0,17.400000000000002,1987.0,0,,473454,
gov:nb:MR-050,gov:nb,MR-050,,Yes,New Brunswick,45.205697424824315,-65.9032845347728,,,,,NAD83,,,-90.0,23.5,1987.0,0,,473454,
gov:nb:MR-051,gov:nb,MR-051,,Yes,New Brunswick,45.20651368830177,-65.90280495718135,,,,,NAD83,,,-90.0,17.400000000000002,1987.0,0,,473454,
gov:nb:MR-052,gov:nb,MR-052,,Yes,New Brunswick,45.20693857874214,-65.90318231384477,,,,,NAD83,,,-90.0,17.400000000000002,1987.0,0,,473454,
gov:nb:MR-053,gov:nb,MR-053,,Yes,New Brunswick,45.20787237877337,-65.90111040208005,,,,,NAD83,,,-90.0,45.1,1987.0,0,,473454,
gov:nb:MR-054,gov:nb,MR-054,,Yes,New Brunswick,45.20840485051891,-65.89971731845877,,,,,NAD83,,,-90.0,213.1,1987.0,0,,473454,
gov:nb:MR-055,gov:nb,MR-055,,Yes,New Brunswick,45.21223564106525,-65.89760164364678,,,,,NAD83,,,-90.0,18.400000000000002,1987.0,0,,473454,
gov:nb:MR-056,gov:nb,MR-056,,Yes,New Brunswick,45.21208066822442,-65.89554110631184,,,,,NAD83,,,-90.0,26.2,1987.0,0,,473454,
gov:nb:MR-057,gov:nb,MR-057,,Yes,New Brunswick,45.21152760858748,-65.89475780399046,,,,,NAD83,,,-90.0,23.8,1987.0,0,,473454,
gov:nb:MR-058,gov:nb,MR-058,,Yes,New Brunswick,45.209830250918706,-65.8936813070774,,,,,NAD83,,,-90.0,29.900000000000002,1987.0,0,,473454,
gov:nb:MR-059,gov:nb,MR-059,,Yes,New Brunswick,45.218636049473176,-65.88811232803202,,,,,NAD83,,,-90.0,23.5,1987.0,0,,473454,
gov:nb:MR-060,gov:nb,MR-060,,Yes,New Brunswick,45.218481923475764,-65.88789757199942,,,,,NAD83,,,-90.0,23.2,1987.0,0,,473454,
gov:nb:MR-061,gov:nb,MR-061,,Yes,New Brunswick,45.21839091592612,-65.88770759417721,,,,,NAD83,,,-90.0,50.9,1987.0,0,,473454,
gov:nb:MR-062,gov:nb,MR-062,,Yes,New Brunswick,45.218642425222626,-65.88762847846417,,,,,NAD83,,,-90.0,69.5,1987.0,0,,473454,
gov:nb:MR-063,gov:nb,MR-063,,Yes,New Brunswick,45.21826147280718,-65.88872747706775,,,,,NAD83,,,-90.0,60.4,1987.0,0,,473454,
gov:nb:MR-064,gov:nb,MR-064,,Yes,New Brunswick,45.217741490988516,-65.88907684351076,,,,,NAD83,,,-90.0,84.4,1987.0,0,,473454,
gov:nb:MR-065,gov:nb,MR-065,,Yes,New Brunswick,45.217565055205675,-65.88972802563167,,,,,NAD83,,,-90.0,65.4,1987.0,0,,473454,
gov:nb:MR-066,gov:nb,MR-066,,Yes,New Brunswick,45.21737714412927,-65.88992101966917,,,,,NAD83,,315.0,-50.0,96.60000000000001,1987.0,0,,473454,
gov:nb:MR-067,gov:nb,MR-067,,Yes,New Brunswick,45.218370266559255,-65.88887907045537,,,,,NAD83,,135.0,-45.0,41.800000000000004,1987.0,0,,473454,
gov:nb:MR-068,gov:nb,MR-068,,Yes,New Brunswick,45.21900307481067,-65.88776460682354,,,,,NAD83,,135.0,-45.0,47.9,1987.0,0,,473454,
gov:nb:MR-069,gov:nb,MR-069,,Yes,New Brunswick,45.20358784786647,-65.90763423984251,,,,,NAD83,,135.0,-45.0,99.10000000000001,1987.0,0,,473454,
gov:nb:MR-070,gov:nb,MR-070,,Yes,New Brunswick,45.202094498805245,-65.90768809325522,,,,,NAD83,,130.0,-50.0,96.7,1987.0,0,,473454,
gov:nb:MR-071,gov:nb,MR-071,,Yes,New Brunswick,45.20037036392052,-65.90491898632429,,,,,NAD83,,337.0,-45.0,51.800000000000004,1987.0,0,,473454,
gov:nb:MR-072,gov:nb,MR-072,,Yes,New Brunswick,45.200208345804555,-65.90490796737495,,,,,NAD83,,337.0,-45.0,20.1,1987.0,0,,473454,
gov:nb:MR-073,gov:nb,MR-073,,Yes,New Brunswick,45.20281973934227,-65.90700592650744,,,,,NAD83,,315.0,-50.0,96.60000000000001,1987.0,0,,473454,
gov:nb:MR-074,gov:nb,MR-074,,Yes,New Brunswick,45.20281973934227,-65.90700592650744,,,,,NAD83,,,-90.0,51.6,1987.0,0,,473454,
gov:nb:MR-075,gov:nb,MR-075,,Yes,New Brunswick,45.20322815671063,-65.9076761973188,,,,,NAD83,,,-90.0,72.5,1987.0,0,,473454,
gov:nb:MR-076,gov:nb,MR-076,,Yes,New Brunswick,45.203360845768245,-65.90724206637024,,,,,NAD83,,,-90.0,87.8,1987.0,0,,473454,
gov:nb:MR-077,gov:nb,MR-077,,Yes,New Brunswick,45.20608762420338,-65.90732798365114,,,,,NAD83,,133.0,-45.0,42.7,1987.0,0,,473454,
gov:nb:MR-078,gov:nb,MR-078,,Yes,New Brunswick,45.206232181796594,-65.90744101996918,,,,,NAD83,,133.0,-48.0,69.8,1987.0,0,,473454,
gov:nb:MR-079,gov:nb,MR-079,,Yes,New Brunswick,45.20599932058369,-65.90764711587619,,,,,NAD83,,135.0,-50.0,42.2,1987.0,0,,473454,
gov:nb:MR-080,gov:nb,MR-080,,Yes,New Brunswick,45.20586589619696,-65.90794126404221,,,,,NAD83,,133.0,-45.0,66.5,1987.0,0,,473454,
gov:nb:MR-081,gov:nb,MR-081,,Yes,New Brunswick,45.205813513301464,-65.90824728929202,,,,,NAD83,,133.0,-45.0,63.4,1987.0,0,,473454,
gov:nb:MR-082,gov:nb,MR-082,,Yes,New Brunswick,45.205464219118056,-65.90855642522915,,,,,NAD83,,133.0,-45.0,72.5,1987.0,0,,473454,
gov:nb:MR-083,gov:nb,MR-083,,Yes,New Brunswick,45.20541316654397,-65.90911699511102,,,,,NAD83,,133.0,-45.0,60.4,1987.0,0,,473454,
gov:nb:MR-084,gov:nb,MR-084,,Yes,New Brunswick,45.20490165257685,-65.90937690897191,,,,,NAD83,,133.0,-45.0,47.9,1987.0,0,,473454,
gov:nb:MR-085,gov:nb,MR-085,,Yes,New Brunswick,45.20490165257685,-65.90937690897191,,,,,NAD83,,133.0,-75.0,60.4,1987.0,0,,473454,
gov:nb:MR-086,gov:nb,MR-086,,Yes,New Brunswick,45.204841066640604,-65.90983574866823,,,,,NAD83,,135.0,-45.0,87.2,1987.0,0,,473454,
gov:nb:MR-087,gov:nb,MR-087,,Yes,New Brunswick,45.204555147886744,-65.91022057433575,,,,,NAD83,,133.0,-45.0,91.0,1987.0,0,,473454,
gov:nb:MR-088,gov:nb,MR-088,,Yes,New Brunswick,45.20454615059833,-65.91022066834796,,,,,NAD83,,,-90.0,112.2,1987.0,0,,473454,
gov:nb:MR-089,gov:nb,MR-089,,Yes,New Brunswick,45.20408562694862,-65.90990728613217,,,,,NAD83,,,-90.0,77.10000000000001,1987.0,0,,473454,
gov:nb:MR-090,gov:nb,MR-090,,Yes,New Brunswick,45.20431135699673,-65.9100576600598,,,,,NAD83,,,-90.0,63.7,1987.0,0,,473454,
gov:nb:MR-091,gov:nb,MR-091,,Yes,New Brunswick,45.20452463160056,-65.90954631633727,,,,,NAD83,,133.0,-64.0,78.9,1987.0,0,,473454,
gov:nb:MR-092,gov:nb,MR-092,,Yes,New Brunswick,45.20466639170839,-65.90912481277428,,,,,NAD83,,,-90.0,40.800000000000004,1987.0,0,,473454,
gov:nb:MR-093,gov:nb,MR-093,,Yes,New Brunswick,45.20450377463089,-65.90899923649717,,,,,NAD83,,,-90.0,47.2,1987.0,0,,473454,
gov:nb:MR-094,gov:nb,MR-094,,Yes,New Brunswick,45.20487992862953,-65.90866437131685,,,,,NAD83,,133.0,-60.0,37.1,1987.0,0,,473454,
gov:nb:MR-095,gov:nb,MR-095,,Yes,New Brunswick,45.20514211577663,-65.90890345656733,,,,,NAD83,,133.0,-45.0,53.9,1987.0,0,,473454,
gov:nb:MR-096,gov:nb,MR-096,,Yes,New Brunswick,45.20531959597831,-65.9084306602303,,,,,NAD83,,133.0,-45.0,41.800000000000004,1987.0,0,,473454,
gov:nb:MR-097,gov:nb,MR-097,,Yes,New Brunswick,45.205659959227305,-65.90813434608567,,,,,NAD83,,133.0,-45.0,44.7,1987.0,0,,473454,
gov:nb:MR-098,gov:nb,MR-098,,Yes,New Brunswick,45.20381364764664,-65.9077973303548,,,,,NAD83,,133.0,-60.0,62.5,1987.0,0,,473454,
gov:nb:MR-099,gov:nb,MR-099,,Yes,New Brunswick,45.20349034591171,-65.90791527101045,,,,,NAD83,,,-90.0,54.0,1987.0,0,,473454,
gov:nb:MR-100,gov:nb,MR-100,,Yes,New Brunswick,45.2036581569097,-65.90731531019671,,,,,NAD83,,,-90.0,41.800000000000004,1987.0,0,,473454,
gov:nb:MR-101,gov:nb,MR-101,,Yes,New Brunswick,45.20384790123849,-65.90746605040974,,,,,NAD83,,,-90.0,31.7,1987.0,0,,473454,
gov:nb:MR-102,gov:nb,MR-102,,Yes,New Brunswick,45.20391847701763,-65.90719802720045,,,,,NAD83,,,-90.0,26.5,1987.0,0,,473454,
gov:nb:MR-103,gov:nb,MR-103,,Yes,New Brunswick,45.203720069118525,-65.90711101713764,,,,,NAD83,,,-90.0,45.1,1987.0,0,,473454,
gov:nb:MR-104,gov:nb,MR-104,,Yes,New Brunswick,45.203611968081674,-65.90708669728605,,,,,NAD83,,,-90.0,79.4,1987.0,0,,473454,
gov:nb:MR-105,gov:nb,MR-105,,Yes,New Brunswick,45.20441012772363,-65.91001844421021,,,,,NAD83,,,-90.0,135.6,1987.0,0,,473454,
gov:nb:MR-106,gov:nb,MR-106,,Yes,New Brunswick,45.20441012772363,-65.91001844421021,,,,,NAD83,,313.0,-71.0,54.0,1987.0,0,,473454,
gov:nb:MR-107,gov:nb,MR-107,,Yes,New Brunswick,45.2043125533823,-65.910286748267,,,,,NAD83,,,-90.0,145.5,1987.0,0,,473454,
gov:nb:MR-108,gov:nb,MR-108,,Yes,New Brunswick,45.2043125533823,-65.910286748267,,,,,NAD83,,313.0,-70.0,69.2,1987.0,0,,473454,
gov:nb:MR-109,gov:nb,MR-109,,Yes,New Brunswick,45.204222314674986,-65.91023677986571,,,,,NAD83,,,-90.0,70.7,1987.0,0,,473454,
gov:nb:MR-110,gov:nb,MR-110,,Yes,New Brunswick,45.20532066239747,-65.90863429778386,,,,,NAD83,,,-90.0,60.1,1987.0,0,,473454,
gov:nb:MR-111,gov:nb,MR-111,,Yes,New Brunswick,45.20561883876283,-65.90887300783278,,,,,NAD83,,133.0,-70.0,68.3,1987.0,0,,473454,
gov:nb:MR-112,gov:nb,MR-112,,Yes,New Brunswick,45.20448711173253,-65.90925396811369,,,,,NAD83,,,-90.0,75.3,1987.0,0,,473454,
gov:nb:MR-113,gov:nb,MR-113,,Yes,New Brunswick,45.204447792322426,-65.90861798720397,,,,,NAD83,,,-90.0,47.9,1987.0,0,,473454,
gov:nb:MR-114,gov:nb,MR-114,,Yes,New Brunswick,45.2034044402833,-65.90869255655181,,,,,NAD83,,,-90.0,63.1,1987.0,0,,473454,
gov:nb:MR-115,gov:nb,MR-115,,Yes,New Brunswick,45.20388316162138,-65.90904391774912,,,,,NAD83,,,-90.0,50.1,1987.0,0,,473454,
gov:nb:MR-116,gov:nb,MR-116,,Yes,New Brunswick,45.20408682363692,-65.91013637341854,,,,,NAD83,,,-90.0,130.2,1987.0,0,,473454,
gov:nb:MR-117,gov:nb,MR-117,,Yes,New Brunswick,45.202582353906536,-65.9080647969222,,,,,NAD83,,133.0,-45.0,99.7,1987.0,0,,473454,
gov:nb:MR-118,gov:nb,MR-118,,Yes,New Brunswick,45.20397839085583,-65.91004841237871,,,,,NAD83,,,-90.0,97.2,1987.0,0,,473454,
gov:nb:MR-119,gov:nb,MR-119,,Yes,New Brunswick,45.20354678693208,-65.91010383397241,,,,,NAD83,,,-90.0,90.5,1987.0,0,,473454,
gov:nb:MR-120,gov:nb,MR-120,,Yes,New Brunswick,45.20337990888246,-65.90744550792103,,,,,NAD83,,,-90.0,75.3,1987.0,0,,473454,
gov:nb:MR-121,gov:nb,MR-121,,Yes,New Brunswick,45.20443578963542,-65.90976361907362,,,,,NAD83,,,-90.0,54.0,1987.0,0,,473454,
gov:nb:MR-122,gov:nb,MR-122,,Yes,New Brunswick,45.21170077357132,-65.88517063602913,,,,,NAD83,,,-90.0,66.1,1987.0,0,,473454,
gov:nb:BH-001,gov:nb,BH-001,,Yes,New Brunswick,45.20310166070363,-65.90757570435568,,,,,NAD83,,305.0,-45.0,185.0,1987.0,0,,473454,
gov:nb:BL-001,gov:nb,BL-001,,Yes,New Brunswick,45.24237814317094,-65.91470307998915,,,,,NAD83,,,,86.9,1989.0,0,,473651,
gov:nb:BL-002,gov:nb,BL-002,,Yes,New Brunswick,45.24762510143215,-65.90290454951567,,,,,NAD83,,145.0,-45.0,71.5,1989.0,0,,473651,
gov:nb:BL-003,gov:nb,BL-003,,Yes,New Brunswick,45.24643417830792,-65.90399983454947,,,,,NAD83,,270.0,-70.0,68.60000000000001,1989.0,0,,473651,
gov:nb:BL-004,gov:nb,BL-004,,Yes,New Brunswick,45.24743474461979,-65.90263907681629,,,,,NAD83,,145.0,-80.0,16.8,1989.0,0,,473651,
gov:nb:BL-005,gov:nb,BL-005,,Yes,New Brunswick,45.2482610979408,-65.90406968613128,,,,,NAD83,,145.0,-70.0,35.1,1989.0,0,,473651,
gov:nb:BL-006,gov:nb,BL-006,,Yes,New Brunswick,45.24788032189573,-65.90352599171821,,,,,NAD83,,145.0,-60.0,62.5,1989.0,0,,473651,
gov:nb:BL-007,gov:nb,BL-007,,Yes,New Brunswick,45.24793151401449,-65.9012963583009,,,,,NAD83,,25.0,-45.0,25.900000000000002,1989.0,0,,473651,
gov:nb:BL-008,gov:nb,BL-008,,Yes,New Brunswick,45.248632357154584,-65.90111058630794,,,,,NAD83,,170.0,-45.0,27.400000000000002,1989.0,0,,473651,
gov:nb:MR-123,gov:nb,MR-123,,Yes,New Brunswick,45.20352035112491,-65.90506396469397,,,,,NAD83,,,-90.0,200.6,1989.0,0,,473752,
gov:nb:MR-124,gov:nb,MR-124,,Yes,New Brunswick,45.204662065142344,-65.90316820150557,,,,,NAD83,,315.0,-63.0,132.3,1989.0,0,,473752,
gov:nb:MR-125,gov:nb,MR-125,,Yes,New Brunswick,45.20795578838426,-65.89818192852641,,,,,NAD83,,,-90.0,118.3,1989.0,0,,473752,
gov:nb:MR-126,gov:nb,MR-126,,Yes,New Brunswick,45.21107517574443,-65.88760875900071,,,,,NAD83,,337.0,-63.0,84.7,1989.0,0,,473752,
gov:nb:MR-127,gov:nb,MR-127,,Yes,New Brunswick,45.2175334180354,-65.87897082839783,,,,,NAD83,,337.0,-63.0,29.900000000000002,1989.0,0,,473752,
gov:nb:MR-128,gov:nb,MR-128,,Yes,New Brunswick,45.21660432073318,-65.87854821342275,,,,,NAD83,,337.0,-48.0,124.3,1989.0,0,,473752,
gov:nb:MR-129,gov:nb,MR-129,,Yes,New Brunswick,45.21773313825073,-65.87765735111657,,,,,NAD83,,337.0,-50.0,84.7,1989.0,0,,473752,
gov:nb:MR-130,gov:nb,MR-130,,Yes,New Brunswick,45.21582904984364,-65.86855062720056,,,,,NAD83,,337.0,-45.0,106.10000000000001,1989.0,0,,473752,
gov:nb:MR-131,gov:nb,MR-131,,Yes,New Brunswick,45.213000929474475,-65.86483971078151,,,,,NAD83,,283.0,-63.0,103.3,1989.0,0,,473752,
gov:nb:MR-132,gov:nb,MR-132,,Yes,New Brunswick,45.21238103834041,-65.87468671738804,,,,,NAD83,,337.0,-50.0,87.8,1989.0,0,,473752,
gov:nb:MR-133,gov:nb,MR-133,,Yes,New Brunswick,45.21332518726777,-65.87783326344598,,,,,NAD83,,337.0,-45.0,32.9,1989.0,0,,473752,
gov:nb:MR-134,gov:nb,MR-134,,Yes,New Brunswick,45.21271176132028,-65.8775472427153,,,,,NAD83,,337.0,-50.0,109.10000000000001,1989.0,0,,473752,
gov:nb:MR-135,gov:nb,MR-135,,Yes,New Brunswick,45.20978109394682,-65.8929053624572,,,,,NAD83,,,-90.0,77.4,1989.0,0,,473752,
gov:nb:MR-136,gov:nb,MR-136,,Yes,New Brunswick,45.21003660544193,-65.8918970134165,,,,,NAD83,,,-90.0,93.9,1989.0,0,,473752,
gov:nb:MR-137,gov:nb,MR-137,,Yes,New Brunswick,45.20999415367739,-65.89236844791152,,,,,NAD83,,,-90.0,81.7,1989.0,0,,473752,
gov:nb:MR-138,gov:nb,MR-138,,Yes,New Brunswick,45.20999415367739,-65.89236844791152,,,,,NAD83,,67.0,-77.0,77.10000000000001,1989.0,0,,473752,
gov:nb:MR-139,gov:nb,MR-139,,Yes,New Brunswick,45.21007101797282,-65.89160387268092,,,,,NAD83,,,-90.0,100.0,1989.0,0,,473752,
gov:nb:MR-140,gov:nb,MR-140,,Yes,New Brunswick,45.20935500532037,-65.89231168455404,,,,,NAD83,,,-90.0,115.2,1989.0,0,,473752,
gov:nb:MR-141,gov:nb,MR-141,,Yes,New Brunswick,45.20968509523611,-65.89178623959522,,,,,NAD83,,,-90.0,96.3,1989.0,0,,473752,
gov:nb:MR-142,gov:nb,MR-142,,Yes,New Brunswick,45.209002879022194,-65.89208635612552,,,,,NAD83,,,-90.0,96.3,1989.0,0,,473752,
gov:nb:MR-143,gov:nb,MR-143,,Yes,New Brunswick,45.2106243732186,-65.89243803789702,,,,,NAD83,,337.0,-60.0,66.4,1989.0,0,,473752,
gov:nb:MR-144,gov:nb,MR-144,,Yes,New Brunswick,45.20306294316643,-65.90877249916872,,,,,NAD83,,,-90.0,148.70000000000002,1989.0,0,,473752,
gov:nb:MR-145,gov:nb,MR-145,,Yes,New Brunswick,45.20306294316643,-65.90877249916872,,,,,NAD83,,313.0,-70.0,100.0,1989.0,0,,473752,
gov:nb:MR-146,gov:nb,MR-146,,Yes,New Brunswick,45.20294337906825,-65.90827737862968,,,,,NAD83,,,-90.0,145.70000000000002,1989.0,0,,473752,
gov:nb:MR-147,gov:nb,MR-147,,Yes,New Brunswick,45.20351300735198,-65.90880596797297,,,,,NAD83,,336.0,-60.0,112.2,1989.0,0,,473752,
gov:nb:MR-148,gov:nb,MR-148,,Yes,New Brunswick,45.202045638790054,-65.90695042209052,,,,,NAD83,,313.0,-50.0,176.20000000000002,1989.0,0,,473752,
gov:nb:MR-149,gov:nb,MR-149,,Yes,New Brunswick,45.201899901734,-65.90490286180362,,,,,NAD83,,313.0,-70.0,236.8,1989.0,0,,473752,
gov:nb:MR-150,gov:nb,MR-150,,Yes,New Brunswick,45.20164650223628,-65.90462553440821,,,,,NAD83,,313.0,-60.0,53.9,1989.0,0,,473752,
gov:nb:MR-151,gov:nb,MR-151,,Yes,New Brunswick,45.202207351275575,-65.90519234946706,,,,,NAD83,,,-90.0,53.9,1989.0,0,,473752,
gov:nb:MR-152,gov:nb,MR-152,,Yes,New Brunswick,45.20194079491333,-65.90412606624096,,,,,NAD83,,313.0,-60.0,59.4,1989.0,0,,473752,
gov:nb:MR-153,gov:nb,MR-153,,Yes,New Brunswick,45.21027084050814,-65.87709045618686,,,,,NAD83,,337.0,-45.0,48.78,1992.0,0,,474143,
gov:nb:MR-154,gov:nb,MR-154,,Yes,New Brunswick,45.20772845520043,-65.88108984194905,,,,,NAD83,,337.0,-45.0,129.57,1992.0,0,,474143,
gov:nb:MR-155,gov:nb,MR-155,,Yes,New Brunswick,45.20569717700971,-65.88479055037173,,,,,NAD83,,337.0,-45.0,129.57,1992.0,0,,474143,
gov:nb:MR-156,gov:nb,MR-156,,Yes,New Brunswick,45.20339255529461,-65.89288498230566,,,,,NAD83,,320.0,-45.0,159.45000000000002,1992.0,0,,474143,
gov:nb:MR-157,gov:nb,MR-157,,Yes,New Brunswick,45.20124538588669,-65.89182626904591,,,,,NAD83,,325.0,-45.0,135.67000000000002,1992.0,0,,474143,
gov:nb:MR-158,gov:nb,MR-158,,Yes,New Brunswick,45.2052325015475,-65.88703575027196,,,,,NAD83,,337.0,-45.0,51.83,1992.0,0,,474143,
gov:nb:MR-159,gov:nb,MR-159,,Yes,New Brunswick,45.22127637352068,-65.87568305415766,,,,,NAD83,,325.0,-45.0,66.16,1992.0,0,,474143,
gov:nb:MR-160,gov:nb,MR-160,,Yes,New Brunswick,45.2219020105205,-65.87167834303914,,,,,NAD83,,315.0,-45.0,88.41,1992.0,0,,474143,
gov:nb:MR-161,gov:nb,MR-161,,Yes,New Brunswick,45.22024602218279,-65.87160766483896,,,,,NAD83,,315.0,-45.0,102.13,1992.0,0,,474143,
gov:nb:MR-162,gov:nb,MR-162,,Yes,New Brunswick,45.22766395428158,-65.84688644824597,,,,,NAD83,,315.0,-60.0,156.73,1992.0,0,,474143,
gov:nb:MR-163,gov:nb,MR-163,,Yes,New Brunswick,45.222913031732475,-65.84843109936544,,,,,NAD83,,320.0,-45.0,72.56,1992.0,0,,474143,
gov:nb:MR-164,gov:nb,MR-164,,Yes,New Brunswick,45.221384043564065,-65.85166987947181,,,,,NAD83,,335.0,-45.0,105.18,1992.0,0,,474143,
gov:nb:MR-165,gov:nb,MR-165,,Yes,New Brunswick,45.220636321455295,-65.84994698246857,,,,,NAD83,,320.0,-45.0,117.38,1992.0,0,,474143,
gov:nb:FRED-003,gov:nb,FRED-003,,Yes,New Brunswick,45.88169435827208,-66.76548549762536,,,,,NAD83,,,-90.0,365.0,1979.0,0,,472474,
gov:nb:FRED-004,gov:nb,FRED-004,,Yes,New Brunswick,45.88326159497938,-66.75692575614376,,,,,NAD83,,,-90.0,273.5,1979.0,0,,472474,
gov:nb:FRED-005,gov:nb,FRED-005,,Yes,New Brunswick,45.89119564641945,-66.75368975760686,,,,,NAD83,,,-90.0,307.2,1979.0,0,,472474,
gov:nb:FRED-008,gov:nb,FRED-008,,Yes,New Brunswick,45.89668892670443,-66.7432513108611,,,,,NAD83,,,-90.0,350.5,1979.0,0,,472474,
gov:nb:12,gov:nb,12,,Yes,New Brunswick,45.3950790056514,-66.30168073185018,,,,,NAD83,,,,79.5528,1958.0,0,,470154,
gov:nb:13,gov:nb,13,,Yes,New Brunswick,45.39520604509381,-66.30229328549568,,,,,NAD83,,,,61.5696,1958.0,0,,470154,
gov:nb:15,gov:nb,15,,Yes,New Brunswick,45.39451342911296,-66.30241066002384,,,,,NAD83,,,,33.8328,1958.0,0,,470154,
gov:nb:16,gov:nb,16,,Yes,New Brunswick,45.39451342911296,-66.30241066002384,,,,,NAD83,,,,21.336000000000002,1958.0,0,,470154,
gov:nb:17,gov:nb,17,,Yes,New Brunswick,45.39449543387253,-66.30241072332983,,,,,NAD83,,,,54.864000000000004,1958.0,0,,470154,
gov:nb:19,gov:nb,19,,Yes,New Brunswick,45.39456636508033,-66.30181024929513,,,,,NAD83,,,,176.78400000000002,1958.0,0,,470154,
gov:nb:JD-001,gov:nb,JD-001,,Yes,New Brunswick,45.39385794554406,-66.32509349945806,,,,,NAD83,,360.0,-45.0,117.348,1969.0,0,,470158,
gov:nb:JD-004,gov:nb,JD-004,,Yes,New Brunswick,45.39259126222084,-66.33235096275078,,,,,NAD83,,20.0,-45.0,124.23648,1969.0,0,,470158,
gov:nb:JD-005,gov:nb,JD-005,,Yes,New Brunswick,45.3929406073049,-66.33744529294174,,,,,NAD83,,180.0,-45.0,136.5504,1969.0,0,,470158,
gov:nb:JD-002,gov:nb,JD-002,,Yes,New Brunswick,45.39251034637608,-66.32642580302415,,,,,NAD83,,338.0,-45.0,133.5024,1969.0,0,,470158,
gov:nb:JD-006,gov:nb,JD-006,,Yes,New Brunswick,45.39243949915598,-66.32716669620275,,,,,NAD83,,340.0,-50.0,163.3728,1969.0,0,,470158,
gov:nb:JD-003,gov:nb,JD-003,,Yes,New Brunswick,45.39243647936748,-66.3311254813001,,,,,NAD83,,20.0,-45.0,120.7008,1969.0,0,,470158,
gov:nb:JD-007,gov:nb,JD-007,,Yes,New Brunswick,45.39167872676108,-66.32982521210778,,,,,NAD83,,360.0,-60.0,288.3408,1970.0,0,,470159,
gov:nb:JD-008,gov:nb,JD-008,,Yes,New Brunswick,45.39321903490577,-66.3250444073163,,,,,NAD83,,340.0,-50.0,175.26,1970.0,0,,470159,
gov:nb:JD-009,gov:nb,JD-009,,Yes,New Brunswick,45.3942556513122,-66.32626716159298,,,,,NAD83,,340.0,-45.0,140.72616,1970.0,0,,470159,
gov:nb:JD-010,gov:nb,JD-010,,Yes,New Brunswick,45.39545145040912,-66.3143737252849,,,,,NAD83,,160.0,-45.0,234.3912,1970.0,0,,470159,
gov:nb:C-79-003,gov:nb,C-79-003,,Yes,New Brunswick,45.38314039013475,-67.03988825676447,,,,,NAD83,,,-90.0,148.1328,1980.0,0,,472577,
gov:nb:C-80-001,gov:nb,C-80-001,,Yes,New Brunswick,45.277095362379455,-67.23277588346212,,,,,NAD83,,70.0,-45.0,134.112,1981.0,0,,472721,
gov:nb:C-80-002,gov:nb,C-80-002,,Yes,New Brunswick,45.28266283274195,-67.23311596783486,,,,,NAD83,,70.0,-45.0,185.0136,1981.0,0,,472721,
gov:nb:C-80-003,gov:nb,C-80-003,,No,New Brunswick,45.26382583638458,-67.22684424197458,,,,,NAD83,,70.0,-45.0,154.5336,1981.0,0,,UNFILED,
gov:nb:C-80-004,gov:nb,C-80-004,,No,New Brunswick,45.253393830145484,-67.21895168143435,,,,,NAD83,,325.0,-45.0,153.0096,1981.0,0,,UNFILED,
gov:nb:C-82-005,gov:nb,C-82-005,,Yes,New Brunswick,45.38955234842301,-67.00153857194337,,,,,NAD83,,350.0,-45.0,77.10000000000001,1982.0,0,,472856,
gov:nb:89-001,gov:nb,89-001,,Yes,New Brunswick,45.30335557268528,-67.16204762852588,,,,,NAD83,,,-90.0,30.0,1989.0,0,,473768,
gov:nb:TH-91-004,gov:nb,TH-91-004,,Yes,New Brunswick,45.303421911672444,-67.16147464683984,,,,,NAD83,,80.0,-45.0,6.1000000000000005,1992.0,0,,474163,
gov:nb:TH-91-005,gov:nb,TH-91-005,,Yes,New Brunswick,45.303410974328514,-67.16180602509267,,,,,NAD83,,,-90.0,6.4,1992.0,0,,474163,
gov:nb:TH-91-006,gov:nb,TH-91-006,,Yes,New Brunswick,45.3034171342009,-67.16229060745273,,,,,NAD83,,,-90.0,5.9,1992.0,0,,474163,
gov:nb:C-82-004,gov:nb,C-82-004,,Yes,New Brunswick,45.38956553068903,-67.00059373109586,,,,,NAD83,,340.0,-45.0,78.0,1982.0,0,,472856,
gov:nb:C-81-007,gov:nb,C-81-007,,No,New Brunswick,45.35088497960349,-67.05809464647966,,,,,NAD83,,160.0,-45.0,103.632,1981.0,0,,472728,
gov:nb:C-81-008,gov:nb,C-81-008,,No,New Brunswick,45.35106177887442,-67.05690962868765,,,,,NAD83,,160.0,-45.0,93.5736,1981.0,0,,472728,
gov:nb:C-81-009,gov:nb,C-81-009,,No,New Brunswick,45.35101407107731,-67.05563305772078,,,,,NAD83,,,,88.08720000000001,1981.0,0,,472728,
gov:nb:C-81-010,gov:nb,C-81-010,,No,New Brunswick,45.36212890613637,-67.04586396672873,,,,,NAD83,,160.0,-45.0,93.5736,1981.0,0,,472728,
gov:nb:C-81-011,gov:nb,C-81-011,,No,New Brunswick,45.384813311881764,-67.0419090122385,,,,,NAD83,,,-90.0,182.88,1981.0,0,,472728,
gov:nb:TH-96-02,gov:nb,TH-96-02,,Yes,New Brunswick,45.303207882277846,-67.16268340245391,,,,,NAD83,,13.0,-45.0,68.8848,1996.0,0,,474775,
gov:nb:TH-96-03,gov:nb,TH-96-03,,Yes,New Brunswick,45.3030472776339,-67.16245200876651,,,,,NAD83,,12.0,-45.0,76.29144,1996.0,0,,474775,
gov:nb:TH-96-04,gov:nb,TH-96-04,,Yes,New Brunswick,45.30314975677759,-67.16185395516781,,,,,NAD83,,21.0,-45.0,106.86288,1996.0,0,,474775,
gov:nb:67-3,gov:nb,67-3,,No,New Brunswick,45.08340174640201,-66.75554486981471,,,,,NAD83,,337.0,-60.0,70.104,1967.0,0,,470028,
gov:nb:PN-6,gov:nb,PN-6,,2,New Brunswick,47.47637771728911,-66.14240531518364,,,,,NAD83,,,90.0,12.34,1956.0,0,,471416,
gov:nb:PN-1,gov:nb,PN-1,,Yes,New Brunswick,45.21631213173358,-66.64586333283495,,,,,NAD83,,82.0,-45.0,121.92,1969.0,0,,470030,
gov:nb:PN-7,gov:nb,PN-7,,2,New Brunswick,47.477995305202576,-66.14779420642958,,,,,NAD83,,,90.0,15.540000000000001,1956.0,0,,471416,
gov:nb:PN-2,gov:nb,PN-2,,Yes,New Brunswick,45.22040713546379,-66.64503365532357,,,,,NAD83,,322.0,-45.0,107.59440000000001,1969.0,0,,470030,
gov:nb:PN-4,gov:nb,PN-4,,2,New Brunswick,47.47543193186998,-66.12495278500431,,,,,NAD83,,,45.0,21.18,1956.0,0,,471416,
gov:nb:PN-3,gov:nb,PN-3,,Yes,New Brunswick,45.22091104302648,-66.63781625326763,,,,,NAD83,,322.0,-45.0,82.9056,1969.0,0,,470030,
gov:nb:PN-8,gov:nb,PN-8,,2,New Brunswick,47.4786850090375,-66.14980628494098,,,,,NAD83,,,90.0,5.49,1956.0,0,,471416,
gov:nb:PN-5,gov:nb,PN-5,,Yes,New Brunswick,45.21843934794436,-66.6429152791184,,,,,NAD83,,82.0,-45.0,143.256,1969.0,0,,470030,
gov:nb:D-98-01,gov:nb,D-98-01,,Yes,New Brunswick,45.86626220472356,-64.66541361078177,,,,,NAD83,,,,53.6,1998.0,0,,475147,
gov:nb:SB-97-50,gov:nb,SB-97-50,,1,New Brunswick,47.076668287718014,-67.04365878094234,,,,,NAD83,,295.0,-45.0,215.5,1997.0,0,,477988,
gov:nb:34,gov:nb,34,,No,New Brunswick,45.20618594718691,-66.16597614560288,,,,,NAD83,,,-90.0,24.01824,1974.0,0,,470006,
gov:nb:H-1,gov:nb,H-1,,No,New Brunswick,45.18245915084057,-66.35121964421434,,,,,NAD83,,180.0,-45.0,106.0704,1962.0,0,,470024,
gov:nb:H-2,gov:nb,H-2,,No,New Brunswick,45.18223444481447,-66.35139835352693,,,,,NAD83,,90.0,-45.0,72.2376,1962.0,0,,470024,
gov:nb:G-1,gov:nb,G-1,,Yes,New Brunswick,45.11087061786111,-66.37045515278632,,,,,NAD83,,65.0,-50.0,66.45,1984.0,0,,473094,
gov:nb:G-2,gov:nb,G-2,,Yes,New Brunswick,45.11127619425526,-66.37105143947409,,,,,NAD83,,65.0,-50.0,75.62,1984.0,0,,473094,
gov:nb:G-3,gov:nb,G-3,,Yes,New Brunswick,45.11047459173806,-66.37034170070427,,,,,NAD83,,65.0,-50.0,93.7,1984.0,0,,473094,
gov:nb:G-4,gov:nb,G-4,,Yes,New Brunswick,45.110675473304845,-66.37292067451753,,,,,NAD83,,65.0,-45.0,91.75,1984.0,0,,473094,
gov:nb:G-5,gov:nb,G-5,,Yes,New Brunswick,45.10953885504386,-66.37035655112375,,,,,NAD83,,135.0,-45.0,130.15,1984.0,0,,473094,
gov:nb:CGD#1,gov:nb,CGD#1,,Yes,New Brunswick,45.14067180849043,-66.29273392813352,,,,,NAD83,,157.0,-45.0,96.3,1986.0,0,,473305,
gov:nb:CGD#2,gov:nb,CGD#2,,Yes,New Brunswick,45.14054441559341,-66.29195888396488,,,,,NAD83,,157.0,-45.0,38.7,1986.0,0,,473305,
gov:nb:CGD#3,gov:nb,CGD#3,,Yes,New Brunswick,45.143495226716595,-66.29173188825983,,,,,NAD83,,140.0,-45.0,105.5,1986.0,0,,473305,
gov:nb:CGD#4,gov:nb,CGD#4,,Yes,New Brunswick,45.14809992737587,-66.28580244951488,,,,,NAD83,,140.0,-45.0,90.5,1986.0,0,,473305,
gov:nb:PLD-1,gov:nb,PLD-1,,Yes,New Brunswick,45.13322585511909,-66.29999414925028,,,,,NAD83,,140.0,-45.0,87.5,1986.0,0,,473307,
gov:nb:PLD-2,gov:nb,PLD-2,,Yes,New Brunswick,45.13414593533663,-66.30648665402188,,,,,NAD83,,140.0,-45.0,47.9,1986.0,0,,473307,
gov:nb:PLD-3,gov:nb,PLD-3,,Yes,New Brunswick,45.13368629438089,-66.30604331555232,,,,,NAD83,,140.0,-45.0,93.60000000000001,1986.0,0,,473307,
gov:nb:PLD-4,gov:nb,PLD-4,,Yes,New Brunswick,45.13039008694102,-66.30952472639284,,,,,NAD83,,140.0,-45.0,99.7,1986.0,0,,473307,
gov:nb:PLD-5,gov:nb,PLD-5,,Yes,New Brunswick,45.12765254823214,-66.3135631412815,,,,,NAD83,,320.0,-45.0,96.60000000000001,1986.0,0,,473307,
gov:nb:PLD-6,gov:nb,PLD-6,,Yes,New Brunswick,45.1277155104031,-66.3135502233276,,,,,NAD83,,140.0,-45.0,102.7,1986.0,0,,473307,
gov:nb:NRG-97-1,gov:nb,NRG-97-1,,Yes,New Brunswick,45.210749572390625,-66.66681378066478,,,,,NAD83,,337.0,-45.0,151.83,1999.0,0,,475193,
gov:nb:NRG-97-2,gov:nb,NRG-97-2,,Yes,New Brunswick,45.209925281528626,-66.66443103722148,,,,,NAD83,,157.0,-45.0,136.58,1999.0,0,,475193,
gov:nb:NRG-97-3,gov:nb,NRG-97-3,,Yes,New Brunswick,45.21045586314485,-66.66462351865218,,,,,NAD83,,157.0,-40.0,136.58,1999.0,0,,475193,
gov:nb:NRG-97-4,gov:nb,NRG-97-4,,Yes,New Brunswick,45.210177085213935,-66.66452087367863,,,,,NAD83,,337.0,-45.0,151.83,1999.0,0,,475193,
gov:nb:NRG-97-5,gov:nb,NRG-97-5,,Yes,New Brunswick,45.21236824032086,-66.66742957978651,,,,,NAD83,,337.0,-45.0,122.0,1999.0,0,,475193,
gov:nb:NRG-97-6,gov:nb,NRG-97-6,,Yes,New Brunswick,45.212074933804836,-66.66497193551518,,,,,NAD83,,337.0,-45.0,125.0,1999.0,0,,475193,
gov:nb:G-98-01,gov:nb,G-98-01,,Yes,New Brunswick,45.65798091228982,-65.39211662458492,,,,,NAD83,,,,18.288,1999.0,0,,475185,
gov:nb:G-98-02,gov:nb,G-98-02,,Yes,New Brunswick,45.65742887845989,-65.39179397101208,,,,,NAD83,,,,3.048,1999.0,0,,475185,
gov:nb:G-98-03,gov:nb,G-98-03,,Yes,New Brunswick,45.656613442645146,-65.39121993260105,,,,,NAD83,,,,15.24,1999.0,0,,475185,
gov:nb:G-98-04,gov:nb,G-98-04,,Yes,New Brunswick,45.65816964196321,-65.39025228399312,,,,,NAD83,,,,15.24,1999.0,0,,475185,
gov:nb:G-98-05,gov:nb,G-98-05,,Yes,New Brunswick,45.65791945882206,-65.38951302848915,,,,,NAD83,,,,9.144,1999.0,0,,475185,
gov:nb:G-98-06,gov:nb,G-98-06,,Yes,New Brunswick,45.65731285830199,-65.39005119630193,,,,,NAD83,,,,12.192,1999.0,0,,475185,
gov:nb:G-98-07,gov:nb,G-98-07,,Yes,New Brunswick,45.65688551115697,-65.3895977711724,,,,,NAD83,,,,9.144,1999.0,0,,475185,
gov:nb:G-98-08,gov:nb,G-98-08,,Yes,New Brunswick,45.656841952727504,-65.39066364145194,,,,,NAD83,,,,13.716000000000001,1999.0,0,,475185,
gov:nb:G-98-09,gov:nb,G-98-09,,Yes,New Brunswick,45.655919848522224,-65.39114390236038,,,,,NAD83,,,,3.048,1999.0,0,,475185,
gov:nb:NO-1,gov:nb,NO-1,,Yes,New Brunswick,45.012596197985225,-66.9067438691542,,,,,NAD83,,180.0,-45.0,60.96,1951.0,0,,470031,
gov:nb:NO-3,gov:nb,NO-3,,Yes,New Brunswick,45.01262364778474,-66.90661721920323,,,,,NAD83,,180.0,-45.0,62.1792,1951.0,0,,470031,
gov:nb:NO-4,gov:nb,NO-4,,Yes,New Brunswick,45.012677632287506,-66.90661760616807,,,,,NAD83,,112.0,-45.0,65.8368,1951.0,0,,470031,
gov:nb:NO-8,gov:nb,NO-8,,Yes,New Brunswick,45.01337064810272,-66.90406023537078,,,,,NAD83,,,-60.0,67.056,1951.0,0,,470031,
gov:nb:NO-9,gov:nb,NO-9,,Yes,New Brunswick,45.01227160439185,-66.90693181072128,,,,,NAD83,,,,91.7448,1951.0,0,,470031,
gov:nb:NO-11,gov:nb,NO-11,,Yes,New Brunswick,45.01237181159902,-66.90659004479303,,,,,NAD83,,,,84.42960000000001,1951.0,0,,470031,
gov:nb:NO-14,gov:nb,NO-14,,Yes,New Brunswick,45.01351565203084,-66.9037695161138,,,,,NAD83,,,,138.684,1951.0,0,,470031,
gov:nb:NO-16,gov:nb,NO-16,,Yes,New Brunswick,45.01329712227296,-66.90449099575584,,,,,NAD83,,,,92.0496,1951.0,0,,470031,
gov:nb:NO-18,gov:nb,NO-18,,Yes,New Brunswick,45.013171112895115,-66.90450278202137,,,,,NAD83,,,-45.0,106.68,1951.0,0,,470031,
gov:nb:NO-19,gov:nb,NO-19,,Yes,New Brunswick,45.013063553397075,-66.90438785205457,,,,,NAD83,,,-45.0,92.6592,1951.0,0,,470031,
gov:nb:B-R-1,gov:nb,B-R-1,,No,New Brunswick,45.07838839006572,-66.86424154072256,,,,,NAD83,,,,64.61760000000001,1971.0,0,,470033,
gov:nb:B-R-2,gov:nb,B-R-2,,No,New Brunswick,45.08007869356804,-66.85902010987834,,,,,NAD83,,,,20.1168,1971.0,0,,470033,
gov:nb:H-3,gov:nb,H-3,,No,New Brunswick,45.07831678427945,-66.80991321233651,,,,,NAD83,,360.0,-45.0,77.4192,1968.0,0,,470043,
gov:nb:H-4,gov:nb,H-4,,No,New Brunswick,45.071910787244526,-66.81627790956108,,,,,NAD83,,360.0,-45.0,75.8952,1968.0,0,,470043,
gov:nb:47-1,gov:nb,47-1,,Yes,New Brunswick,45.06678790226969,-66.82687650352193,,,,,NAD83,,155.0,-45.0,188.976,1956.0,0,,470044,
gov:nb:47-2,gov:nb,47-2,,Yes,New Brunswick,45.067277622741464,-66.82554615680097,,,,,NAD83,,155.0,-45.0,138.684,1956.0,0,,470044,
gov:nb:1-75,gov:nb,1-75,,No,New Brunswick,45.012659225665615,-66.90673163639626,,,,,NAD83,,298.0,-45.0,102.108,1976.0,0,,470047,
gov:nb:4-75,gov:nb,4-75,,No,New Brunswick,45.012731708283255,-66.90659262438655,,,,,NAD83,,134.0,-45.0,91.53143999999999,1976.0,0,,470047,
gov:nb:7-76,gov:nb,7-76,,Yes,New Brunswick,45.0135426442906,-66.90376970824556,,,,,NAD83,,314.0,-60.0,116.22024,1976.0,0,,470263,
gov:nb:HL 8401,gov:nb,HL 8401,,Yes,New Brunswick,45.07834578936623,-66.86069814053269,,,,,NAD83,,213.0,-50.0,61.5696,1984.0,0,,473091,
gov:nb:HL 8402,gov:nb,HL 8402,,Yes,New Brunswick,45.07804984659807,-66.86039147211832,,,,,NAD83,,213.0,-48.0,76.2,1984.0,0,,473091,
gov:nb:HL 8403,gov:nb,HL 8403,,Yes,New Brunswick,45.0778435129279,-66.86019967006926,,,,,NAD83,,213.0,-45.0,10.972800000000001,1984.0,0,,473091,
gov:nb:HL 8403A,gov:nb,HL 8403A,,Yes,New Brunswick,45.0778435129279,-66.86019967006926,,,,,NAD83,,213.0,-60.0,70.104,1984.0,0,,473091,
gov:nb:HL 8404,gov:nb,HL 8404,,Yes,New Brunswick,45.06023917946813,-66.87549985850127,,,,,NAD83,,337.0,-47.0,74.676,1984.0,0,,473091,
gov:nb:HL 8407,gov:nb,HL 8407,,Yes,New Brunswick,45.06768030769095,-66.87276854318506,,,,,NAD83,,337.0,-45.0,55.47,1984.0,0,,473091,
gov:nb:HL 8405,gov:nb,HL 8405,,Yes,New Brunswick,45.06221811526623,-66.87835682670192,,,,,NAD83,,337.0,-45.0,76.5048,1984.0,0,,473091,
gov:nb:HL 8406,gov:nb,HL 8406,,Yes,New Brunswick,45.06761857824764,-66.87510438060873,,,,,NAD83,,337.0,-37.0,76.2,1984.0,0,,473091,
gov:nb:7601-76-1,gov:nb,7601-76-1,,No,New Brunswick,45.89562268074225,-65.68906820362064,,,,,NAD83,,157.0,-62.0,106.4,1996.0,0,,474825,
gov:nb:7601-76-2,gov:nb,7601-76-2,,No,New Brunswick,45.85930313368352,-65.68966353430183,,,,,NAD83,,157.0,-60.0,107.3,1996.0,0,,474825,
gov:nb:7601-77-1,gov:nb,7601-77-1,,No,New Brunswick,45.7218391408295,-65.85918925839421,,,,,NAD83,,337.0,-60.0,94.2,1996.0,0,,474825,
gov:nb:7601-77-2,gov:nb,7601-77-2,,Yes,New Brunswick,45.40678872444286,-66.28406301644044,,,,,NAD83,,337.0,-55.0,107.0,1996.0,0,,474825,
gov:nb:7601-77-3,gov:nb,7601-77-3,,Yes,New Brunswick,45.08841615601048,-66.89503132683554,,,,,NAD83,,337.0,-65.0,91.45,1996.0,0,,474825,
gov:nb:18,gov:nb,18,,No,New Brunswick,45.20816661741367,-66.1633423397467,,,,,NAD83,,,-90.0,2.4384,1974.0,0,,470006,
gov:nb:20,gov:nb,20,,No,New Brunswick,45.2077578017231,-66.16505039330887,,,,,NAD83,,,-90.0,3.6576,1974.0,0,,470006,
gov:nb:21,gov:nb,21,,No,New Brunswick,45.20833398355396,-66.16516153126702,,,,,NAD83,,,-90.0,3.6576,1974.0,0,,470006,
gov:nb:22,gov:nb,22,,No,New Brunswick,45.20848493973738,-66.16448601807436,,,,,NAD83,,,-90.0,4.572,1974.0,0,,470006,
gov:nb:23,gov:nb,23,,No,New Brunswick,45.208671313559854,-66.16361936013318,,,,,NAD83,,,-90.0,1.8288,1974.0,0,,470006,
gov:nb:24,gov:nb,24,,No,New Brunswick,45.20890251635543,-66.16270151365484,,,,,NAD83,,,-90.0,3.048,1974.0,0,,470006,
gov:nb:25,gov:nb,25,,No,New Brunswick,45.20884841712189,-66.16266365082129,,,,,NAD83,,270.0,-70.0,0.6096,1974.0,0,,470006,
gov:nb:26,gov:nb,26,,No,New Brunswick,45.209177898623004,-66.16151609025309,,,,,NAD83,,,-90.0,4.2672,1974.0,0,,470006,
gov:nb:27,gov:nb,27,,No,New Brunswick,45.20992331959696,-66.16105337701774,,,,,NAD83,,,-90.0,2.4384,1974.0,0,,470006,
gov:nb:28,gov:nb,28,,No,New Brunswick,45.20974577251597,-66.16185636525925,,,,,NAD83,,,-90.0,3.048,1974.0,0,,470006,
gov:nb:29,gov:nb,29,,No,New Brunswick,45.20955022465482,-66.16265945602362,,,,,NAD83,,,-90.0,2.80416,1974.0,0,,470006,
gov:nb:30,gov:nb,30,,No,New Brunswick,45.20937285575098,-66.1635260769768,,,,,NAD83,,360.0,-60.0,4.2672,1974.0,0,,470006,
gov:nb:31,gov:nb,31,,No,New Brunswick,45.20642716824294,-66.16237264585867,,,,,NAD83,,,-90.0,4.572,1974.0,0,,470006,
gov:nb:32,gov:nb,32,,No,New Brunswick,45.20703922866738,-66.16244535442775,,,,,NAD83,,,-90.0,2.4384,1974.0,0,,470006,
gov:nb:33,gov:nb,33,,No,New Brunswick,45.20621411490467,-66.1633412576292,,,,,NAD83,,,-90.0,3.5052000000000003,1974.0,0,,470006,
gov:nb:M-011,gov:nb,M-011,,Yes,New Brunswick,45.58458433228432,-66.57364170496169,,,,,NAD83,,,-90.0,52.4256,1976.0,0,,470336,
gov:nb:M-012,gov:nb,M-012,,Yes,New Brunswick,45.58496379594096,-66.5711946947113,,,,,NAD83,,,-90.0,64.00800000000001,1976.0,0,,470336,
gov:nb:MS-001,gov:nb,MS-001,,Yes,New Brunswick,45.55258236967771,-66.63064093245886,,,,,NAD83,,,-90.0,53.34,1979.0,0,,472432,
gov:nb:MS-002,gov:nb,MS-002,,Yes,New Brunswick,45.5529322395292,-66.63153822966011,,,,,NAD83,,325.0,-45.0,61.5696,1979.0,0,,472432,
gov:nb:MS-003,gov:nb,MS-003,,Yes,New Brunswick,45.552034852798506,-66.62947424834262,,,,,NAD83,,270.0,-80.0,56.388000000000005,1979.0,0,,472432,
gov:nb:MS-004,gov:nb,MS-004,,Yes,New Brunswick,45.55084859464689,-66.6282164772145,,,,,NAD83,,,-90.0,44.805600000000005,1979.0,0,,472432,
gov:nb:MS-005,gov:nb,MS-005,,Yes,New Brunswick,45.5505161891539,-66.6277674946337,,,,,NAD83,,325.0,-40.0,123.7488,1979.0,0,,472432,
gov:nb:MS-006,gov:nb,MS-006,,Yes,New Brunswick,45.55012049606671,-66.62758730380827,,,,,NAD83,,180.0,-80.0,8.2296,1979.0,0,,472432,
gov:nb:MS-009,gov:nb,MS-009,,Yes,New Brunswick,45.552833814844426,-66.63106414530759,,,,,NAD83,,270.0,-45.0,57.912000000000006,1979.0,0,,472432,
gov:nb:MS-010,gov:nb,MS-010,,Yes,New Brunswick,45.55410026918129,-66.62506057188082,,,,,NAD83,,,-90.0,54.559200000000004,1979.0,0,,472432,
gov:nb:SO-001,gov:nb,SO-001,,Yes,New Brunswick,45.583747387111785,-66.5738968803039,,,,,NAD83,,,-90.0,38.7096,1979.0,0,,472432,
gov:nb:SO-002,gov:nb,SO-002,,Yes,New Brunswick,45.58432366706602,-66.57323131207855,,,,,NAD83,,,-90.0,28.041600000000003,1979.0,0,,472432,
gov:nb:SC-81-001,gov:nb,SC-81-001,,Yes,New Brunswick,45.553864882924934,-66.63419148675735,,,,,NAD83,,250.0,-50.0,232.9,1981.0,0,,472765,
gov:nb:SC-81-002,gov:nb,SC-81-002,,Yes,New Brunswick,45.55389187576473,-66.63419155152093,,,,,NAD83,,340.0,-60.0,86.3,1981.0,0,,472765,
gov:nb:SC-81-003,gov:nb,SC-81-003,,Yes,New Brunswick,45.55462423594551,-66.63871426627395,,,,,NAD83,,70.0,-60.0,191.1,1981.0,0,,472765,
gov:nb:SC-81-004,gov:nb,SC-81-004,,Yes,New Brunswick,45.554597274463,-66.63868858492529,,,,,NAD83,,250.0,-70.0,209.4,1981.0,0,,472765,
gov:nb:SC-81-005,gov:nb,SC-81-005,,Yes,New Brunswick,45.55353302933836,-66.63329420090088,,,,,NAD83,,,-90.0,224.6,1981.0,0,,472765,
gov:nb:88-SC-001,gov:nb,88-SC-001,,Yes,New Brunswick,45.55390090370826,-66.63416595902295,,,,,NAD83,,,-90.0,379.7808,1989.0,0,,473756,
gov:nb:H-78-001,gov:nb,H-78-001,,Yes,New Brunswick,45.720474555084046,-66.99858032169249,,,,,NAD83,,320.0,-75.0,143.256,1978.0,0,,472213,
gov:nb:H-78-002,gov:nb,H-78-002,,Yes,New Brunswick,45.68040054354556,-67.03952893038128,,,,,NAD83,,320.0,-75.0,335.28000000000003,1978.0,0,,472213,
gov:nb:H-78-003,gov:nb,H-78-003,,Yes,New Brunswick,45.667204973885596,-67.09452007572222,,,,,NAD83,,330.0,-60.0,128.01600000000002,1978.0,0,,472213,
gov:nb:90-12-001,gov:nb,90-12-001,,Yes,New Brunswick,45.59456700029745,-66.09556414502207,,,,,NAD83,,270.0,-50.0,124.0536,1991.0,0,,473996,
gov:nb:90-12-002,gov:nb,90-12-002,,Yes,New Brunswick,45.593412633469484,-66.10244199037221,,,,,NAD83,,270.0,-50.0,417.0,1991.0,0,,473996,
gov:nb:90-12-003,gov:nb,90-12-003,,Yes,New Brunswick,45.600470587470795,-66.10351973162184,,,,,NAD83,,305.0,-50.0,99.3648,1991.0,0,,473996,
gov:nb:90-12-004,gov:nb,90-12-004,,Yes,New Brunswick,45.60242677733929,-66.1020061086353,,,,,NAD83,,305.0,-50.0,92.3544,1991.0,0,,473996,
gov:nb:131-001,gov:nb,131-001,,Yes,New Brunswick,45.599205259596665,-66.10447720973877,,,,,NAD83,,248.0,-45.0,78.10000000000001,1980.0,0,,472550,
gov:nb:131-002,gov:nb,131-002,,Yes,New Brunswick,45.59937639009276,-66.10452726843822,,,,,NAD83,,248.0,-48.0,62.800000000000004,1980.0,0,,472550,
gov:nb:131-003,gov:nb,131-003,,Yes,New Brunswick,45.59920369358965,-66.10402860699675,,,,,NAD83,,248.0,-46.0,142.1,1980.0,0,,472550,
gov:nb:131-004A,gov:nb,131-004A,,Yes,New Brunswick,45.59893511235323,-66.10441503499173,,,,,NAD83,,248.0,-47.0,271.0,1980.0,0,,472550,
gov:nb:131-005,gov:nb,131-005,,Yes,New Brunswick,45.598644731776545,-66.10371213364532,,,,,NAD83,,248.0,-46.0,122.0,1980.0,0,,472550,
gov:nb:131-006,gov:nb,131-006,,Yes,New Brunswick,45.59844951811796,-66.10449537767315,,,,,NAD83,,248.0,-44.0,120.7,1980.0,0,,472550,
gov:nb:131-007,gov:nb,131-007,,Yes,New Brunswick,45.598209891784265,-66.10544555502473,,,,,NAD83,,248.0,-46.0,120.10000000000001,1980.0,0,,472550,
gov:nb:131-008,gov:nb,131-008,,Yes,New Brunswick,45.597943042581825,-66.10633182974941,,,,,NAD83,,248.0,-45.0,213.4,1980.0,0,,472550,
gov:nb:131-009,gov:nb,131-009,,Yes,New Brunswick,45.59690530527802,-66.10546758540256,,,,,NAD83,,248.0,-45.0,122.0,1980.0,0,,472550,
gov:nb:131-010,gov:nb,131-010,,Yes,New Brunswick,45.59679190208959,-66.10649374495017,,,,,NAD83,,224.0,-45.0,120.7,1980.0,0,,472550,
gov:nb:131-011,gov:nb,131-011,,Yes,New Brunswick,45.571808726550486,-66.09218008294637,,,,,NAD83,,248.0,-45.0,168.0,1980.0,0,,472550,
gov:nb:131-012,gov:nb,131-012,,Yes,New Brunswick,45.57165959093175,-66.09324450271426,,,,,NAD83,,248.0,-45.0,56.7,1980.0,0,,472550,
gov:nb:131-004,gov:nb,131-004,,Yes,New Brunswick,45.59895306253708,-66.10440209040469,,,,,NAD83,,248.0,-45.0,21.640800000000002,1980.0,0,,472550,
gov:nb:85-008,gov:nb,85-008,,Yes,New Brunswick,45.68179190760997,-66.01979924372856,,,,,NAD83,,157.0,-45.0,139.5984,1985.0,0,,473173,
gov:nb:83-3,gov:nb,83-3,,Yes,New Brunswick,45.65137751115686,-66.03000398228247,,,,,NAD83,,157.0,-82.0,85.64880000000001,1985.0,0,,473198,
gov:nb:84-6,gov:nb,84-6,,Yes,New Brunswick,45.64534599478602,-66.04469172773318,,,,,NAD83,,157.0,-45.0,149.352,1985.0,0,,473198,
gov:nb:84-7,gov:nb,84-7,,Yes,New Brunswick,45.6456228038774,-66.04640845127149,,,,,NAD83,,157.0,-45.0,152.4,1985.0,0,,473198,
gov:nb:85-8,gov:nb,85-8,,Yes,New Brunswick,45.644679106638584,-66.04442778133452,,,,,NAD83,,157.0,-40.0,156.0576,1985.0,0,,473198,
gov:nb:W-001,gov:nb,W-001,,Yes,New Brunswick,45.64771021628751,-66.00191662727376,,,,,NAD83,,331.0,-45.0,146.9136,1969.0,0,,470173,
gov:nb:W-002,gov:nb,W-002,,Yes,New Brunswick,45.64805687338724,-65.99876585581944,,,,,NAD83,,330.0,-45.0,101.8,1969.0,0,,470173,
gov:nb:W-003,gov:nb,W-003,,Yes,New Brunswick,45.65055730318813,-65.99395687510636,,,,,NAD83,,308.0,-45.0,93.9,1969.0,0,,470173,
gov:nb:CL-001,gov:nb,CL-001,,Yes,New Brunswick,45.27307412018429,-66.23343731967043,,,,,NAD83,,337.0,-45.0,45.110400000000006,1969.0,0,,470142,
gov:nb:CL-002,gov:nb,CL-002,,Yes,New Brunswick,45.27651771653071,-66.23619921427174,,,,,NAD83,,157.0,-45.0,46.9392,1969.0,0,,470142,
gov:nb:CL-003,gov:nb,CL-003,,Yes,New Brunswick,45.27366942443455,-66.23790741348022,,,,,NAD83,,,-90.0,46.6344,1969.0,0,,470142,
gov:nb:CL-004,gov:nb,CL-004,,Yes,New Brunswick,45.27320081061752,-66.23759101261535,,,,,NAD83,,337.0,-45.0,44.805600000000005,1969.0,0,,470142,
gov:nb:CL-005,gov:nb,CL-005,,Yes,New Brunswick,45.27218179398434,-66.24050116151349,,,,,NAD83,,157.0,-52.0,76.2,1969.0,0,,470142,
gov:nb:CL-006,gov:nb,CL-006,,Yes,New Brunswick,45.277276143041504,-66.23348115906062,,,,,NAD83,,,-90.0,46.9392,1969.0,0,,470142,
gov:nb:CL-007,gov:nb,CL-007,,Yes,New Brunswick,45.27769990049273,-66.23384873751742,,,,,NAD83,,,-90.0,304.8,1970.0,0,,470143,
gov:nb:SQ-82-003,gov:nb,SQ-82-003,,Yes,New Brunswick,45.41486956153833,-66.3823765549668,,,,,NAD83,,180.0,-45.0,99.4,1983.0,0,,472936,
gov:nb:SQ-82-004,gov:nb,SQ-82-004,,Yes,New Brunswick,45.41502403892533,-66.3838453993277,,,,,NAD83,,180.0,-60.0,124.10000000000001,1983.0,0,,472936,
gov:nb:SQ-82-005,gov:nb,SQ-82-005,,Yes,New Brunswick,45.414997045990255,-66.38384545517947,,,,,NAD83,,180.0,-45.0,71.9,1983.0,0,,472936,
gov:nb:SQ-82-006,gov:nb,SQ-82-006,,Yes,New Brunswick,45.41501626744552,-66.38504630040336,,,,,NAD83,,180.0,-60.0,114.3,1983.0,0,,472936,
gov:nb:SQ-82-007,gov:nb,SQ-82-007,,Yes,New Brunswick,45.413890702207745,-66.38420544754015,,,,,NAD83,,360.0,-60.0,228.3,1983.0,0,,472936,
gov:nb:SQ-82-008,gov:nb,SQ-82-008,,Yes,New Brunswick,45.413825861301376,-66.382404291969,,,,,NAD83,,360.0,-45.0,151.5,1983.0,0,,472936,
gov:nb:SQ-82-009,gov:nb,SQ-82-009,,Yes,New Brunswick,45.413945819828385,-66.38531677004366,,,,,NAD83,,360.0,-45.0,188.1,1983.0,0,,472936,
gov:nb:SQ-82-001,gov:nb,SQ-82-001,,Yes,New Brunswick,45.4414037205386,-66.39143405038817,,,,,NAD83,,350.0,-45.0,120.7008,1982.0,0,,472845,
gov:nb:SQ-82-002,gov:nb,SQ-82-002,,Yes,New Brunswick,45.44117112145669,-66.392840446519,,,,,NAD83,,350.0,-45.0,104.48544,1982.0,0,,472845,
gov:nb:E-001,gov:nb,E-001,,Yes,New Brunswick,45.25624157103732,-66.36693643619601,,,,,NAD83,,45.0,-46.0,183.1848,1970.0,0,,470151,
gov:nb:E-002,gov:nb,E-002,,Yes,New Brunswick,45.25837771715789,-66.37011635568932,,,,,NAD83,,7.0,-49.0,152.4,1970.0,0,,470151,
gov:nb:CS02-72,gov:nb,CS02-72,,Yes,New Brunswick,45.3688854333098,-67.00132859678986,,,,,NAD83,,,-45.0,66.0,2002.0,0,,475558,
gov:nb:CS02-73,gov:nb,CS02-73,,Yes,New Brunswick,45.36925607980272,-67.0009361850895,,,,,NAD83,,,-45.0,79.0,2002.0,0,,475558,
gov:nb:CS02-74,gov:nb,CS02-74,,Yes,New Brunswick,45.36872030981274,-67.00204196239888,,,,,NAD83,,,-90.0,62.0,2002.0,0,,475558,
gov:nb:CS02-75,gov:nb,CS02-75,,Yes,New Brunswick,45.368635591017075,-67.0028836926488,,,,,NAD83,,,-90.0,61.0,2002.0,0,,475558,
gov:nb:CS02-76,gov:nb,CS02-76,,Yes,New Brunswick,45.36899713207085,-67.00251674157987,,,,,NAD83,,,-90.0,62.0,2002.0,0,,475558,
gov:nb:CS02-77,gov:nb,CS02-77,,Yes,New Brunswick,45.36893911790726,-67.00342253957103,,,,,NAD83,,,-90.0,74.0,2002.0,0,,475558,
gov:nb:CS02-78,gov:nb,CS02-78,,Yes,New Brunswick,45.36844789372297,-67.00260118511132,,,,,NAD83,,,-90.0,65.0,2002.0,0,,475558,
gov:nb:CS02-79,gov:nb,CS02-79,,Yes,New Brunswick,45.36821044222875,-67.00339048290311,,,,,NAD83,,,-90.0,71.0,2002.0,0,,475558,
gov:nb:CS02-80,gov:nb,CS02-80,,Yes,New Brunswick,45.368224829550954,-67.00217794989463,,,,,NAD83,,,-90.0,65.0,2002.0,0,,475558,
gov:nb:CS02-81,gov:nb,CS02-81,,Yes,New Brunswick,45.369412713007556,-67.00213750351392,,,,,NAD83,,,-90.0,62.7,2002.0,0,,475558,
gov:nb:CS02-82,gov:nb,CS02-82,,Yes,New Brunswick,45.367813136139674,-67.00370604360843,,,,,NAD83,,,-90.0,71.9,2002.0,0,,475558,
gov:nb:CS02-83,gov:nb,CS02-83,,Yes,New Brunswick,45.36991644855616,-67.00013786078542,,,,,NAD83,,,-90.0,59.0,2002.0,0,,475558,
gov:nb:CS02-84,gov:nb,CS02-84,,Yes,New Brunswick,45.369581681452,-67.00055613221356,,,,,NAD83,,,-90.0,59.0,2002.0,0,,475558,
gov:nb:CS02-85,gov:nb,CS02-85,,Yes,New Brunswick,45.371464409770056,-66.99801978239843,,,,,NAD83,,,-90.0,59.0,2002.0,0,,475558,
gov:nb:CS02-86,gov:nb,CS02-86,,Yes,New Brunswick,45.368296030607816,-66.99828529871843,,,,,NAD83,,315.0,-45.0,152.0,2002.0,0,,475558,
gov:nb:CS02-87,gov:nb,CS02-87,,Yes,New Brunswick,45.369233929148685,-67.00389748872072,,,,,NAD83,,167.0,-87.0,102.25,2002.0,0,,475558,
gov:nb:CS02-88,gov:nb,CS02-88,,Yes,New Brunswick,45.36859528445821,-67.00385346791091,,,,,NAD83,,138.0,-89.0,82.25,2002.0,0,,475558,
gov:nb:CS02-89,gov:nb,CS02-89,,Yes,New Brunswick,45.36925584400532,-67.00301689356108,,,,,NAD83,,72.0,-89.0,80.0,2002.0,0,,475558,
gov:nb:CS02-90,gov:nb,CS02-90,,Yes,New Brunswick,45.36954160273266,-67.00350452732006,,,,,NAD83,,,-90.0,85.0,2002.0,0,,475558,
gov:nb:CS02-91,gov:nb,CS02-91,,Yes,New Brunswick,45.36652004959344,-67.00715362804227,,,,,NAD83,,341.0,-45.0,96.10000000000001,2002.0,0,,475558,
gov:nb:CS02-92,gov:nb,CS02-92,,Yes,New Brunswick,45.36807115548139,-67.00838028332893,,,,,NAD83,,152.0,-45.0,77.5,2002.0,0,,475558,
gov:nb:CS02-93,gov:nb,CS02-93,,Yes,New Brunswick,45.3676765892255,-67.00808312531301,,,,,NAD83,,,-90.0,38.0,2002.0,0,,475558,
gov:nb:CS02-94,gov:nb,CS02-94,,Yes,New Brunswick,45.36784953163797,-67.00964199186723,,,,,NAD83,,158.0,-45.0,98.0,2002.0,0,,475558,
gov:nb:CS02-95,gov:nb,CS02-95,,Yes,New Brunswick,45.37225224818166,-67.01300102192526,,,,,NAD83,,157.0,-45.0,101.0,2002.0,0,,475558,
gov:nb:CS02-96,gov:nb,CS02-96,,Yes,New Brunswick,45.37166955887937,-67.01252337379223,,,,,NAD83,,151.0,-45.0,104.0,2002.0,0,,475558,
gov:nb:CS02-97,gov:nb,CS02-97,,Yes,New Brunswick,45.3697680616609,-67.01119121547411,,,,,NAD83,,,-45.0,101.0,2002.0,0,,475558,
gov:nb:CS01-01,gov:nb,CS01-01,,Yes,New Brunswick,45.35319857578847,-66.96863428044345,,,,,NAD83,,151.0,-42.0,61.870000000000005,2001.0,0,,475433,
gov:nb:CS01-02,gov:nb,CS01-02,,Yes,New Brunswick,45.35399989715283,-66.96633110746663,,,,,NAD83,,162.0,-46.0,62.18,2001.0,0,,475433,
gov:nb:CS01-03,gov:nb,CS01-03,,Yes,New Brunswick,45.353634941932995,-66.96755318742689,,,,,NAD83,,152.0,-47.0,62.480000000000004,2001.0,0,,475433,
gov:nb:CS01-04,gov:nb,CS01-04,,Yes,New Brunswick,45.352833807788436,-66.96980528433028,,,,,NAD83,,144.0,-41.0,77.42,2001.0,0,,475433,
gov:nb:CS01-05,gov:nb,CS01-05,,Yes,New Brunswick,45.353485488774204,-66.96887914033,,,,,NAD83,,148.0,-42.0,101.8,2001.0,0,,475433,
gov:nb:CS01-06,gov:nb,CS01-06,,Yes,New Brunswick,45.354798027736265,-66.96479355035936,,,,,NAD83,,145.0,-42.0,77.42,2001.0,0,,475433,
gov:nb:CS01-07,gov:nb,CS01-07,,Yes,New Brunswick,45.35341694499216,-66.96804907238885,,,,,NAD83,,149.0,-42.0,77.72,2001.0,0,,475433,
gov:nb:CS01-08,gov:nb,CS01-08,,Yes,New Brunswick,45.353730745873946,-66.96831967729567,,,,,NAD83,,146.0,-42.0,101.8,2001.0,0,,475433,
gov:nb:CS01-09,gov:nb,CS01-09,,Yes,New Brunswick,45.35295352888951,-66.96914269307166,,,,,NAD83,,145.0,-44.0,77.42,2001.0,0,,475433,
gov:nb:CS01-10,gov:nb,CS01-10,,Yes,New Brunswick,45.35270550999304,-66.97036571044822,,,,,NAD83,,148.0,-42.0,77.72,2001.0,0,,475433,
gov:nb:CS01-11,gov:nb,CS01-11,,Yes,New Brunswick,45.35499832987232,-66.96422092351588,,,,,NAD83,,148.0,-43.0,77.72,2001.0,0,,475433,
gov:nb:CS01-12,gov:nb,CS01-12,,Yes,New Brunswick,45.355153903474665,-66.96358411437448,,,,,NAD83,,148.0,-43.0,77.72,2001.0,0,,475433,
gov:nb:CS01-13,gov:nb,CS01-13,,Yes,New Brunswick,45.34939802189712,-66.97807095016988,,,,,NAD83,,147.0,-41.0,102.11,2001.0,0,,475433,
gov:nb:CS01-14,gov:nb,CS01-14,,Yes,New Brunswick,45.34918897642175,-66.97856683344472,,,,,NAD83,,146.0,-43.0,77.72,2001.0,0,,475433,
gov:nb:CS01-15,gov:nb,CS01-15,,Yes,New Brunswick,45.34881248795532,-66.97823185777858,,,,,NAD83,,149.0,-44.0,77.72,2001.0,0,,475433,
gov:nb:CS01-16,gov:nb,CS01-16,,Yes,New Brunswick,45.34843599848775,-66.97789688660404,,,,,NAD83,,150.0,-41.0,83.82000000000001,2001.0,0,,475433,
gov:nb:CS01-17,gov:nb,CS01-17,,Yes,New Brunswick,45.348149697786596,-66.9775116447065,,,,,NAD83,,148.0,-44.0,77.72,2001.0,0,,475433,
gov:nb:CS01-18,gov:nb,CS01-18,,Yes,New Brunswick,45.34869293917393,-66.98096156996199,,,,,NAD83,,143.0,-42.0,77.72,2001.0,0,,475433,
gov:nb:CS01-19,gov:nb,CS01-19,,Yes,New Brunswick,45.347561957201435,-66.9824320751974,,,,,NAD83,,144.0,-41.0,77.72,2001.0,0,,475433,
gov:nb:CS01-20,gov:nb,CS01-20,,Yes,New Brunswick,45.347453062636504,-66.98264806328437,,,,,NAD83,,146.0,-42.0,146.0,2001.0,0,,475433,
gov:nb:CS01-21,gov:nb,CS01-21,,Yes,New Brunswick,45.347252831043456,-66.98318226851033,,,,,NAD83,,147.0,-39.0,99.06,2001.0,0,,475433,
gov:nb:CS01-22,gov:nb,CS01-22,,Yes,New Brunswick,45.34753321170304,-66.98494557900123,,,,,NAD83,,144.0,-42.0,77.72,2001.0,0,,475433,
gov:nb:CS01-23,gov:nb,CS01-23,,Yes,New Brunswick,45.34851862099009,-66.98175122234551,,,,,NAD83,,140.0,-41.0,106.68,2001.0,0,,475433,
gov:nb:CS01-24,gov:nb,CS01-24,,Yes,New Brunswick,45.34905402954506,-66.98068392751979,,,,,NAD83,,144.0,-41.0,101.5,2001.0,0,,475433,
gov:nb:CS01-25,gov:nb,CS01-25,,Yes,New Brunswick,45.347642110647406,-66.9847295950739,,,,,NAD83,,144.0,-40.0,102.11,2001.0,0,,475433,
gov:nb:CS01-26,gov:nb,CS01-26,,Yes,New Brunswick,45.34763311322906,-66.9847295175161,,,,,NAD83,,151.0,-60.0,83.82000000000001,2001.0,0,,475433,
gov:nb:CS01-27,gov:nb,CS01-27,,Yes,New Brunswick,45.34752426899784,-66.98493274172793,,,,,NAD83,,135.0,-67.0,83.82000000000001,2001.0,0,,475433,
gov:nb:CS01-28,gov:nb,CS01-28,,Yes,New Brunswick,45.34736061870833,-66.9853268940746,,,,,NAD83,,143.0,-42.0,101.5,2001.0,0,,475433,
gov:nb:CS01-29,gov:nb,CS01-29,,Yes,New Brunswick,45.3477512824881,-66.98444981164269,,,,,NAD83,,147.0,-42.0,107.9,2001.0,0,,475433,
gov:nb:CS01-30,gov:nb,CS01-30,,Yes,New Brunswick,45.3478603443833,-66.98419554664024,,,,,NAD83,,133.0,-42.0,109.12,2001.0,0,,475433,
gov:nb:CS01-31,gov:nb,CS01-31,,Yes,New Brunswick,45.34796951490706,-66.98391576108278,,,,,NAD83,,,,102.11,2001.0,0,,475433,
gov:nb:CS01-32,gov:nb,CS01-32,,Yes,New Brunswick,45.34767101456643,-66.982177807118,,,,,NAD83,,145.0,-41.0,77.72,2001.0,0,,475433,
gov:nb:CS01-33,gov:nb,CS01-33,,Yes,New Brunswick,45.34778023447369,-66.98188525882024,,,,,NAD83,,148.0,-42.0,86.87,2001.0,0,,475433,
gov:nb:CS01-34,gov:nb,CS01-34,,Yes,New Brunswick,45.34816570950353,-66.98222032988318,,,,,NAD83,,152.0,-38.0,102.11,2001.0,0,,475433,
gov:nb:CS01-35,gov:nb,CS01-35,,Yes,New Brunswick,45.34809662501284,-66.98364888901745,,,,,NAD83,,147.0,-42.0,105.16,2001.0,0,,475433,
gov:nb:CS01-36,gov:nb,CS01-36,,Yes,New Brunswick,45.348305856242526,-66.98311475475892,,,,,NAD83,,146.0,-41.0,102.11,2001.0,0,,475433,
gov:nb:CS01-37,gov:nb,CS01-37,,Yes,New Brunswick,45.34896166366048,-66.97912635979782,,,,,NAD83,,,-40.0,102.11,2001.0,0,,475433,
gov:nb:CS01-38,gov:nb,CS01-38,,Yes,New Brunswick,45.349137716230025,-66.98004661706695,,,,,NAD83,,,-45.0,114.3,2001.0,0,,475433,
gov:nb:CS01-39,gov:nb,CS01-39,,Yes,New Brunswick,45.34929337871682,-66.9794099183822,,,,,NAD83,,145.0,-39.0,117.35000000000001,2001.0,0,,475433,
gov:nb:CS01-40,gov:nb,CS01-40,,Yes,New Brunswick,45.349660920376174,-66.97973206786176,,,,,NAD83,,145.0,-41.0,153.92000000000002,2001.0,0,,475464,
gov:nb:CS01-41,gov:nb,CS01-41,,Yes,New Brunswick,45.34918421930968,-66.97968971930854,,,,,NAD83,,136.0,-45.0,141.73,2001.0,0,,475464,
gov:nb:CS01-42,gov:nb,CS01-42,,Yes,New Brunswick,45.3488435616219,-66.97939332293255,,,,,NAD83,,141.0,-44.0,102.11,2001.0,0,,475464,
gov:nb:CS01-43,gov:nb,CS01-43,,Yes,New Brunswick,45.34941148079875,-66.97914295315071,,,,,NAD83,,141.0,-44.0,132.59,2001.0,0,,475464,
gov:nb:CS01-44,gov:nb,CS01-44,,Yes,New Brunswick,45.34907971104272,-66.9788721555829,,,,,NAD83,,143.0,-43.0,102.11,2001.0,0,,475464,
gov:nb:CS01-45,gov:nb,CS01-45,,Yes,New Brunswick,45.349538579676896,-66.97887606342131,,,,,NAD83,,144.0,-43.0,126.49000000000001,2001.0,0,,475464,
gov:nb:CS01-46,gov:nb,CS01-46,,Yes,New Brunswick,45.349779023220584,-66.97946510156808,,,,,NAD83,,142.0,-42.0,153.92000000000002,2001.0,0,,475464,
gov:nb:CS01-47,gov:nb,CS01-47,,Yes,New Brunswick,45.34954276274658,-66.98001179317873,,,,,NAD83,,142.0,-43.0,153.92000000000002,2001.0,0,,475464,
gov:nb:CS01-48,gov:nb,CS01-48,,Yes,New Brunswick,45.34872545895536,-66.97966028494439,,,,,NAD83,,146.0,-40.0,102.11,2001.0,0,,475464,
gov:nb:CS01-49,gov:nb,CS01-49,,Yes,New Brunswick,45.34947831799861,-66.98035577908257,,,,,NAD83,,141.0,-42.0,184.4,2001.0,0,,475464,
gov:nb:CS01-50,gov:nb,CS01-50,,Yes,New Brunswick,45.34862524220832,-66.97995291929237,,,,,NAD83,,147.0,-41.0,102.11,2001.0,0,,475464,
gov:nb:CS01-51,gov:nb,CS01-51,,Yes,New Brunswick,45.34896584423996,-66.98026207791142,,,,,NAD83,,145.0,-44.0,126.49000000000001,2001.0,0,,475464,
gov:nb:CS01-52,gov:nb,CS01-52,,Yes,New Brunswick,45.3493154970616,-66.98055855708262,,,,,NAD83,,144.0,-44.0,156.97,2001.0,0,,475464,
gov:nb:CS01-53,gov:nb,CS01-53,,Yes,New Brunswick,45.349911927866266,-66.97995114113253,,,,,NAD83,,144.0,-44.0,202.69,2001.0,0,,475464,
gov:nb:CS01-54,gov:nb,CS01-54,,Yes,New Brunswick,45.3500210879263,-66.9796713371009,,,,,NAD83,,145.0,-44.0,193.55,2001.0,0,,475464,
gov:nb:CS01-55,gov:nb,CS01-55,,Yes,New Brunswick,45.35014824214362,-66.97939168539847,,,,,NAD83,,142.0,-43.0,193.55,2001.0,0,,475464,
gov:nb:CS01-56,gov:nb,CS01-56,,Yes,New Brunswick,45.349793715509826,-66.98024362743637,,,,,NAD83,,142.0,-44.0,190.5,2001.0,0,,475464,
gov:nb:CS01-57,gov:nb,CS01-57,,Yes,New Brunswick,45.34921207458502,-66.9816040370052,,,,,NAD83,,141.0,-41.0,193.55,2001.0,0,,475464,
gov:nb:CS01-58,gov:nb,CS01-58,,Yes,New Brunswick,45.3492120202469,-66.98161679707408,,,,,NAD83,,136.0,-62.0,184.4,2001.0,0,,475464,
gov:nb:CS01-59,gov:nb,CS01-59,,Yes,New Brunswick,45.3500210879263,-66.9796713371009,,,,,NAD83,,137.0,-65.0,241.71,2001.0,0,,475464,
gov:nb:CS01-60,gov:nb,CS01-60,,Yes,New Brunswick,45.354334695575524,-66.96587446356301,,,,,NAD83,,145.0,-43.0,92.96000000000001,2001.0,0,,475464,
gov:nb:CS01-61,gov:nb,CS01-61,,Yes,New Brunswick,45.35473205407021,-66.96552042634762,,,,,NAD83,,149.0,-44.0,99.06,2001.0,0,,475464,
gov:nb:CS01-62,gov:nb,CS01-62,,Yes,New Brunswick,45.35515650874693,-66.96514108457971,,,,,NAD83,,142.0,-43.0,129.54,2001.0,0,,475464,
gov:nb:CS01-63,gov:nb,CS01-63,,Yes,New Brunswick,45.352630449996624,-66.97110523818796,,,,,NAD83,,146.0,-43.0,92.96000000000001,2001.0,0,,475464,
gov:nb:CS01-64,gov:nb,CS01-64,,Yes,New Brunswick,45.35241227788887,-66.97163938290039,,,,,NAD83,,147.0,-43.0,89.92,2001.0,0,,475464,
gov:nb:CZ02-01,gov:nb,CZ02-01,,Yes,New Brunswick,45.35042451020578,-66.98001932038953,,,,,NAD83,,143.0,-45.0,233.17000000000002,2002.0,0,,475587,
gov:nb:CZ02-02,gov:nb,CZ02-02,,Yes,New Brunswick,45.35019724446757,-66.98056609282233,,,,,NAD83,,143.0,-46.0,236.22,2002.0,0,,475587,
gov:nb:CZ02-03,gov:nb,CZ02-03,,Yes,New Brunswick,45.350542721989505,-66.97972683033598,,,,,NAD83,,143.0,-47.0,245.36,2002.0,0,,475587,
gov:nb:CZ02-04,gov:nb,CZ02-04,,Yes,New Brunswick,45.35032440089499,-66.9802864422776,,,,,NAD83,,142.0,-72.0,321.56,2002.0,0,,475587,
gov:nb:B02-01,gov:nb,B02-01,,Yes,New Brunswick,45.34738282883433,-67.01291448328095,,,,,NAD83,,7.0,-89.0,68.15,2002.0,0,,475587,
gov:nb:B02-02,gov:nb,B02-02,,Yes,New Brunswick,45.34738288670265,-67.01290172367301,,,,,NAD83,,,-90.0,120.7,2002.0,0,,475587,
gov:nb:B02-03,gov:nb,B02-03,,Yes,New Brunswick,45.348649685931164,-67.01133098597536,,,,,NAD83,,,-90.0,78.33,2002.0,0,,475587,
gov:nb:AD02-01,gov:nb,AD02-01,,Yes,New Brunswick,45.370567557359145,-67.01741523757102,,,,,NAD83,,148.0,-45.0,100.28,2002.0,0,,475587,
gov:nb:AD02-02,gov:nb,AD02-02,,Yes,New Brunswick,45.370567557359145,-67.01741523757102,,,,,NAD83,,38.0,-86.0,90.0,2002.0,0,,475587,
gov:nb:G-98-13,gov:nb,G-98-13,,Yes,New Brunswick,45.66115770590321,-65.38390496968067,,,,,NAD83,,,,16.764,1999.0,0,,475185,
gov:nb:G-98-14,gov:nb,G-98-14,,Yes,New Brunswick,45.66212535821517,-65.38439890740646,,,,,NAD83,,,,3.048,1999.0,0,,475185,
gov:nb:G-98-15,gov:nb,G-98-15,,Yes,New Brunswick,45.66236952003639,-65.38452234950834,,,,,NAD83,,,,3.048,1999.0,0,,475185,
gov:nb:G-98-16,gov:nb,G-98-16,,Yes,New Brunswick,45.66264104909389,-65.38468374344225,,,,,NAD83,,,,3.048,1999.0,0,,475185,
gov:nb:GL-98-0-1,gov:nb,GL-98-0-1,,Yes,New Brunswick,45.94098270790693,-65.21719607760507,,,,,NAD83,,318.0,-45.0,52.0,1998.0,0,,475080,
gov:nb:GR99-1,gov:nb,GR99-1,,Yes,New Brunswick,45.89170133040143,-67.77950939032416,,,,,NAD83,,320.0,-45.0,107.60000000000001,2000.0,0,,475287,
gov:nb:GR99-2,gov:nb,GR99-2,,Yes,New Brunswick,45.891236856560305,-67.78014012355891,,,,,NAD83,,295.0,-45.0,108.2,2000.0,0,,475287,
gov:nb:GR99-3,gov:nb,GR99-3,,Yes,New Brunswick,45.892119685176574,-67.77851471283886,,,,,NAD83,,295.0,-45.0,82.3,2000.0,0,,475287,
gov:nb:GR99-4,gov:nb,GR99-4,,Yes,New Brunswick,45.89284887053703,-67.78068274929716,,,,,NAD83,,115.0,-45.0,92.7,2000.0,0,,475287,
gov:nb:GR99-5,gov:nb,GR99-5,,Yes,New Brunswick,45.891734497769534,-67.78138183442015,,,,,NAD83,,115.0,-45.0,101.8,2000.0,0,,475287,
gov:nb:GR99-6,gov:nb,GR99-6,,Yes,New Brunswick,45.89099496548473,-67.78390000833227,,,,,NAD83,,115.0,-45.0,123.2,2000.0,0,,475287,
gov:nb:GR99-7,gov:nb,GR99-7,,Yes,New Brunswick,45.89006534877238,-67.78414907278058,,,,,NAD83,,115.0,-45.0,132.6,2000.0,0,,475287,
gov:nb:GR99-8,gov:nb,GR99-8,,Yes,New Brunswick,45.892630087426014,-67.78571616812657,,,,,NAD83,,295.0,-45.0,71.3,2000.0,0,,475287,
gov:nb:GR99-9,gov:nb,GR99-9,,Yes,New Brunswick,45.88983412375753,-67.78629559056675,,,,,NAD83,,295.0,-45.0,92.7,2000.0,0,,475287,
gov:nb:GR99-10,gov:nb,GR99-10,,Yes,New Brunswick,45.891954364901316,-67.78180893247539,,,,,NAD83,,110.0,-60.0,175.3,2000.0,0,,475287,
gov:nb:HILL-98-01,gov:nb,HILL-98-01,,Yes,New Brunswick,45.89720946250317,-64.67326912403207,,,,,NAD83,,,,56.7,1998.0,0,,475146,
gov:nb:HILL-98-02,gov:nb,HILL-98-02,,Yes,New Brunswick,45.89605471962761,-64.6775730651971,,,,,NAD83,,,,56.800000000000004,1998.0,0,,475146,
gov:nb:HILL-98-03,gov:nb,HILL-98-03,,Yes,New Brunswick,45.893483940172345,-64.67943604102715,,,,,NAD83,,,,56.4,1998.0,0,,475146,
gov:nb:HILL-98-04,gov:nb,HILL-98-04,,Yes,New Brunswick,45.89463379216454,-64.67482320109514,,,,,NAD83,,,,54.0,1998.0,0,,475146,
gov:nb:HILL-98-05,gov:nb,HILL-98-05,,Yes,New Brunswick,45.898279555262036,-64.67658482322274,,,,,NAD83,,,,54.0,1998.0,0,,475146,
gov:nb:HILL-98-06,gov:nb,HILL-98-06,,Yes,New Brunswick,45.898619800980505,-64.67984729025949,,,,,NAD83,,,,24.0,1998.0,0,,475146,
gov:nb:HILL-98-06A,gov:nb,HILL-98-06A,,Yes,New Brunswick,45.897029552888704,-64.67888136562055,,,,,NAD83,,,,54.0,1998.0,0,,475146,
gov:nb:HILL-98-07,gov:nb,HILL-98-07,,Yes,New Brunswick,45.89588908009103,-64.68127731072602,,,,,NAD83,,,,63.0,1998.0,0,,475146,
gov:nb:HILL-98-08,gov:nb,HILL-98-08,,Yes,New Brunswick,45.89325363340206,-64.6830391304676,,,,,NAD83,,,,39.0,1998.0,0,,475146,
gov:nb:HILL-98-09,gov:nb,HILL-98-09,,Yes,New Brunswick,45.8945002322969,-64.68221212470716,,,,,NAD83,,,,52.5,1998.0,0,,475146,
gov:nb:HILL-98-10,gov:nb,HILL-98-10,,Yes,New Brunswick,45.89405947502514,-64.67212287694905,,,,,NAD83,,,,54.0,1998.0,0,,475146,
gov:nb:HILL-98-11,gov:nb,HILL-98-11,,Yes,New Brunswick,45.894530191854344,-64.67733967359993,,,,,NAD83,,,,54.0,1998.0,0,,475146,
gov:nb:HILL-98-12,gov:nb,HILL-98-12,,Yes,New Brunswick,45.896645387524096,-64.67176693534967,,,,,NAD83,,,,54.0,1998.0,0,,475146,
gov:nb:D-98-02,gov:nb,D-98-02,,Yes,New Brunswick,45.8643299513262,-64.67059107822044,,,,,NAD83,,,,17.1,1998.0,0,,475147,
gov:nb:D-98-03,gov:nb,D-98-03,,Yes,New Brunswick,45.86610769168781,-64.67145986356024,,,,,NAD83,,,,21.6,1998.0,0,,475147,
gov:nb:D-98-04,gov:nb,D-98-04,,Yes,New Brunswick,45.86353451107311,-64.68214516990321,,,,,NAD83,,,,51.0,1998.0,0,,475147,
gov:nb:D-98-05,gov:nb,D-98-05,,Yes,New Brunswick,45.86542929411883,-64.68302335831915,,,,,NAD83,,,,27.0,1998.0,0,,475147,
gov:nb:A-1,gov:nb,A-1,,Yes,New Brunswick,45.97031310805716,-64.35464496471644,,,,,NAD83,,110.0,-45.0,92.0,1998.0,0,,475066,
gov:nb:A-2,gov:nb,A-2,,Yes,New Brunswick,45.96570112397265,-64.35488837873014,,,,,NAD83,,108.0,-45.0,78.0,1998.0,0,,475066,
gov:nb:A-3,gov:nb,A-3,,Yes,New Brunswick,45.96387902556375,-64.3546622421664,,,,,NAD83,,110.0,-45.0,124.0,1998.0,0,,475066,
gov:nb:LC-95-01,gov:nb,LC-95-01,,Yes,New Brunswick,46.048411650805726,-64.71565804032296,,,,,NAD83,,61.0,-65.0,499.1,1997.0,0,,474861,
gov:nb:LC-95-02,gov:nb,LC-95-02,,Yes,New Brunswick,46.059251272633205,-64.7472860365339,,,,,NAD83,,20.0,-89.0,557.6,1997.0,0,,474861,
gov:nb:LC-95-03,gov:nb,LC-95-03,,Yes,New Brunswick,46.04316557533071,-64.74810692862152,,,,,NAD83,,161.0,-89.0,437.39,1997.0,0,,474861,
gov:nb:BR2-97-01,gov:nb,BR2-97-01,,Yes,New Brunswick,46.08728421906055,-65.20951439082297,,,,,NAD83,,,-90.0,32.0,1998.0,0,,475067,
gov:nb:BR2-97-02,gov:nb,BR2-97-02,,Yes,New Brunswick,46.08753697316022,-65.20958606560457,,,,,NAD83,,,-90.0,26.0,1998.0,0,,475067,
gov:nb:BR2-97-03,gov:nb,BR2-97-03,,Yes,New Brunswick,46.08645481464671,-65.2117579997255,,,,,NAD83,,,-90.0,20.0,1998.0,0,,475067,
gov:nb:BR2-97-04,gov:nb,BR2-97-04,,Yes,New Brunswick,46.08689793608099,-65.2119545516492,,,,,NAD83,,,-90.0,10.0,1998.0,0,,475067,
gov:nb:BR2-97-05,gov:nb,BR2-97-05,,Yes,New Brunswick,46.08728013469901,-65.21233357166363,,,,,NAD83,,,-90.0,22.0,1998.0,0,,475067,
gov:nb:BR2-97-06,gov:nb,BR2-97-06,,Yes,New Brunswick,46.08783003260311,-65.2124241843632,,,,,NAD83,,,-90.0,17.0,1998.0,0,,475067,
gov:nb:BR2-97-07,gov:nb,BR2-97-07,,Yes,New Brunswick,46.08779031305785,-65.2097094541431,,,,,NAD83,,,-90.0,20.0,1998.0,0,,475067,
gov:nb:BR2-97-08,gov:nb,BR2-97-08,,Yes,New Brunswick,46.08705425236958,-65.21464065810282,,,,,NAD83,,,-90.0,20.0,1998.0,0,,475067,
gov:nb:BR2-97-09,gov:nb,BR2-97-09,,Yes,New Brunswick,46.08737157698612,-65.21485309862845,,,,,NAD83,,,-90.0,9.0,1998.0,0,,475067,
gov:nb:BR2-97-10,gov:nb,BR2-97-10,,Yes,New Brunswick,46.0868333976051,-65.21420613593477,,,,,NAD83,,,-90.0,20.0,1998.0,0,,475067,
gov:nb:BR2-97-11,gov:nb,BR2-97-11,,Yes,New Brunswick,46.08833336932593,-65.20602410571207,,,,,NAD83,,,-90.0,14.0,1998.0,0,,475067,
gov:nb:BR2-97-12,gov:nb,BR2-97-12,,Yes,New Brunswick,46.08820243717852,-65.20558749675605,,,,,NAD83,,,-90.0,15.0,1998.0,0,,475067,
gov:nb:BR2-97-13,gov:nb,BR2-97-13,,Yes,New Brunswick,46.08777479778693,-65.20517078881144,,,,,NAD83,,,-90.0,23.0,1998.0,0,,475067,
gov:nb:SH-97-01,gov:nb,SH-97-01,,Yes,New Brunswick,46.007494335974165,-65.36890154833117,,,,,NAD83,,,-90.0,19.0,1997.0,0,,474921,
gov:nb:SH-97-02,gov:nb,SH-97-02,,Yes,New Brunswick,46.00827493035244,-65.36506335893297,,,,,NAD83,,,-90.0,15.0,1997.0,0,,474921,
gov:nb:SH-97-03,gov:nb,SH-97-03,,Yes,New Brunswick,46.011368831142306,-65.36222338691798,,,,,NAD83,,,-90.0,15.0,1997.0,0,,474921,
gov:nb:SH-97-04,gov:nb,SH-97-04,,Yes,New Brunswick,46.011599406507905,-65.35829288547475,,,,,NAD83,,,-90.0,15.0,1997.0,0,,474921,
gov:nb:SH-97-05,gov:nb,SH-97-05,,Yes,New Brunswick,46.01117736671309,-65.36017407278332,,,,,NAD83,,,-90.0,15.0,1997.0,0,,474921,
gov:nb:SH-97-06,gov:nb,SH-97-06,,Yes,New Brunswick,46.010095230542895,-65.36173307861851,,,,,NAD83,,,-90.0,14.0,1997.0,0,,474921,
gov:nb:SH-98-01,gov:nb,SH-98-01,,Yes,New Brunswick,46.01217393736849,-65.36535777411027,,,,,NAD83,,,-90.0,15.0,1998.0,0,,475088,
gov:nb:SH-98-02,gov:nb,SH-98-02,,Yes,New Brunswick,46.00665047351095,-65.36367634565802,,,,,NAD83,,,-90.0,15.0,1998.0,0,,475088,
gov:nb:SH-98-03,gov:nb,SH-98-03,,Yes,New Brunswick,46.00567276698927,-65.36128185353546,,,,,NAD83,,,-90.0,8.5,1998.0,0,,475088,
gov:nb:SH-98-04,gov:nb,SH-98-04,,Yes,New Brunswick,46.00810434957872,-65.3570092467603,,,,,NAD83,,,-90.0,14.0,1998.0,0,,475088,
gov:nb:SH-99-01,gov:nb,SH-99-01,,Yes,New Brunswick,46.006788480817185,-65.36038081105833,,,,,NAD83,,,-90.0,17.0,1999.0,0,,475217,
gov:nb:SH-99-02,gov:nb,SH-99-02,,Yes,New Brunswick,46.008318447961585,-65.36041382357553,,,,,NAD83,,,-90.0,15.0,1999.0,0,,475217,
gov:nb:SH-99-03,gov:nb,SH-99-03,,Yes,New Brunswick,46.008993604514046,-65.3577527237457,,,,,NAD83,,,-90.0,14.0,1999.0,0,,475217,
gov:nb:MN99-01,gov:nb,MN99-01,,Yes,New Brunswick,46.02747979608206,-65.27679150153195,,,,,NAD83,,,,10.0,1999.0,0,,475206,
gov:nb:MN99-02,gov:nb,MN99-02,,Yes,New Brunswick,46.02748060147361,-65.27602935199522,,,,,NAD83,,,,20.0,1999.0,0,,475206,
gov:nb:MN99-03,gov:nb,MN99-03,,Yes,New Brunswick,46.02745469233079,-65.27529362972183,,,,,NAD83,,,,40.0,1999.0,0,,475206,
gov:nb:MN99-04,gov:nb,MN99-04,,Yes,New Brunswick,46.02745632186841,-65.27460896700299,,,,,NAD83,,,,30.0,1999.0,0,,475206,
gov:nb:MN99-05,gov:nb,MN99-05,,Yes,New Brunswick,46.0274586427802,-65.27398887626981,,,,,NAD83,,,,60.0,1999.0,0,,475206,
gov:nb:MN99-06,gov:nb,MN99-06,,Yes,New Brunswick,46.027451686209595,-65.27334315651926,,,,,NAD83,,,,60.0,1999.0,0,,475206,
gov:nb:HV99029,gov:nb,HV99029,,Yes,New Brunswick,46.02679094336879,-65.31891714323557,,,,,NAD83,,,,68.0,2000.0,0,,475299,
gov:nb:HV99030,gov:nb,HV99030,,Yes,New Brunswick,46.02715387733156,-65.31834101873669,,,,,NAD83,,,,65.0,2000.0,0,,475299,
gov:nb:HV99031,gov:nb,HV99031,,Yes,New Brunswick,46.02738187008683,-65.3177677750155,,,,,NAD83,,,,74.0,2000.0,0,,475299,
gov:nb:HV99032,gov:nb,HV99032,,Yes,New Brunswick,46.022847576947186,-65.32390966991368,,,,,NAD83,,,,58.0,2000.0,0,,475299,
gov:nb:HV99033,gov:nb,HV99033,,Yes,New Brunswick,46.02335668343306,-65.32441548869471,,,,,NAD83,,,,50.0,2000.0,0,,475299,
gov:nb:HV99034,gov:nb,HV99034,,Yes,New Brunswick,46.02760905473809,-65.31711703905245,,,,,NAD83,,,,79.0,2000.0,0,,475299,
gov:nb:HV99035,gov:nb,HV99035,,Yes,New Brunswick,46.027799444385685,-65.3172550540735,,,,,NAD83,,,,50.0,2000.0,0,,475299,
gov:nb:HV99036,gov:nb,HV99036,,Yes,New Brunswick,46.02689004695095,-65.31806248275055,,,,,NAD83,,,,86.0,2000.0,0,,475299,
gov:nb:HV99037,gov:nb,HV99037,,Yes,New Brunswick,46.027399045088366,-65.31855536949188,,,,,NAD83,,,,34.0,2000.0,0,,475299,
gov:nb:HV99038,gov:nb,HV99038,,Yes,New Brunswick,46.02394734506635,-65.32410583622752,,,,,NAD83,,,,44.0,2000.0,0,,475299,
gov:nb:HV99039,gov:nb,HV99039,,Yes,New Brunswick,46.023656540947016,-65.32382786323866,,,,,NAD83,,,,53.0,2000.0,0,,475299,
gov:nb:HV99040,gov:nb,HV99040,,Yes,New Brunswick,46.02343783682867,-65.32356127405153,,,,,NAD83,,,,59.0,2000.0,0,,475299,
gov:nb:HV99041,gov:nb,HV99041,,Yes,New Brunswick,46.02293812305022,-65.3230940113233,,,,,NAD83,,,,82.9,2000.0,0,,475299,
gov:nb:HV99042,gov:nb,HV99042,,Yes,New Brunswick,46.023282637370905,-65.32334499992277,,,,,NAD83,,,,65.0,2000.0,0,,475299,
gov:nb:HV99043,gov:nb,HV99043,,Yes,New Brunswick,46.026691967253974,-65.31978471509771,,,,,NAD83,,,,41.0,2000.0,0,,475299,
gov:nb:HV99044,gov:nb,HV99044,,Yes,New Brunswick,46.02645539589357,-65.3195314263385,,,,,NAD83,,,,65.0,2000.0,0,,475299,
gov:nb:HV99045,gov:nb,HV99045,,Yes,New Brunswick,46.02595405791567,-65.31890920447813,,,,,NAD83,,,,61.0,2000.0,0,,475299,
gov:nb:HV99046,gov:nb,HV99046,,Yes,New Brunswick,46.02425659723769,-65.32355675266845,,,,,NAD83,,,,50.0,2000.0,0,,475299,
gov:nb:HV99047,gov:nb,HV99047,,Yes,New Brunswick,46.0241931690014,-65.32438476944557,,,,,NAD83,,,,32.0,2000.0,0,,475299,
gov:nb:HV99048,gov:nb,HV99048,,Yes,New Brunswick,46.024319752313716,-65.32270290637061,,,,,NAD83,,,,59.0,2000.0,0,,475299,
gov:nb:HV99049,gov:nb,HV99049,,Yes,New Brunswick,46.02453859196128,-65.32298241025241,,,,,NAD83,,,,50.0,2000.0,0,,475299,
gov:nb:HV99050,gov:nb,HV99050,,Yes,New Brunswick,46.024873891114964,-65.32234234142753,,,,,NAD83,,,,59.0,2000.0,0,,475299,
gov:nb:HV99051,gov:nb,HV99051,,Yes,New Brunswick,46.02544735690964,-65.32211052648543,,,,,NAD83,,,,41.0,2000.0,0,,475299,
gov:nb:HV99052,gov:nb,HV99052,,Yes,New Brunswick,46.02521012234422,-65.3217926631505,,,,,NAD83,,,,56.0,2000.0,0,,475299,
gov:nb:HV99053,gov:nb,HV99053,,Yes,New Brunswick,46.024928843327714,-65.32156616007978,,,,,NAD83,,,,68.0,2000.0,0,,475299,
gov:nb:HV99054,gov:nb,HV99054,,Yes,New Brunswick,46.02480281092357,-65.32329969996862,,,,,NAD83,,,,34.0,2000.0,0,,475299,
gov:nb:HV99055,gov:nb,HV99055,,Yes,New Brunswick,46.026163887467035,-65.32005434135486,,,,,NAD83,,,,68.0,2000.0,0,,475299,
gov:nb:HV99056,gov:nb,HV99056,,Yes,New Brunswick,46.02600260020614,-65.32098781677858,,,,,NAD83,,,,41.0,2000.0,0,,475299,
gov:nb:HV99057,gov:nb,HV99057,,Yes,New Brunswick,46.02580147989005,-65.32068210100242,,,,,NAD83,,,,62.0,2000.0,0,,475299,
gov:nb:HV99058,gov:nb,HV99058,,Yes,New Brunswick,46.02557390639705,-65.32042862031305,,,,,NAD83,,,,80.0,2000.0,0,,475299,
gov:nb:HV99059,gov:nb,HV99059,,Yes,New Brunswick,46.02552835908936,-65.32124336214828,,,,,NAD83,,,,56.0,2000.0,0,,475299,
gov:nb:HV99060,gov:nb,HV99060,,Yes,New Brunswick,46.023801061794025,-65.32301104246136,,,,,NAD83,,,,63.0,2000.0,0,,475299,
gov:nb:HV99061,gov:nb,HV99061,,Yes,New Brunswick,46.02317536914331,-65.32515558310884,,,,,NAD83,,,,31.0,2000.0,0,,475299,
gov:nb:HV99062,gov:nb,HV99062,,Yes,New Brunswick,46.02291155527039,-65.324877034288,,,,,NAD83,,,,35.0,2000.0,0,,475299,
gov:nb:HV99063,gov:nb,HV99063,,Yes,New Brunswick,46.022619019355716,-65.32443118755964,,,,,NAD83,,,,41.0,2000.0,0,,475299,
gov:nb:HV99064,gov:nb,HV99064,,Yes,New Brunswick,46.022420175867865,-65.3243450055577,,,,,NAD83,,,,59.0,2000.0,0,,475299,
gov:nb:HV99065,gov:nb,HV99065,,Yes,New Brunswick,46.02779823780821,-65.31627334939753,,,,,NAD83,,,,42.0,2000.0,0,,475299,
gov:nb:HV99066,gov:nb,HV99066,,Yes,New Brunswick,46.026201100107684,-65.31930435288471,,,,,NAD83,,,,86.0,2000.0,0,,475299,
gov:nb:HV99067,gov:nb,HV99067,,Yes,New Brunswick,46.02528336110893,-65.32017648677984,,,,,NAD83,,,,92.0,2000.0,0,,475299,
gov:nb:HV99068,gov:nb,HV99068,,Yes,New Brunswick,46.02529125588728,-65.32093841615826,,,,,NAD83,,,,74.0,2000.0,0,,475299,
gov:nb:HV99069,gov:nb,HV99069,,Yes,New Brunswick,46.0258824080986,-65.32154581563438,,,,,NAD83,,,,35.0,2000.0,0,,475299,
gov:nb:HV99070,gov:nb,HV99070,,Yes,New Brunswick,46.02640112685378,-65.3203722026246,,,,,NAD83,,,,38.0,2000.0,0,,475299,
gov:nb:HV99071T,gov:nb,HV99071T,,Yes,New Brunswick,46.02546324793676,-65.32103808039697,,,,,NAD83,,,,53.0,2000.0,0,,475299,
gov:nb:HV99072,gov:nb,HV99072,,Yes,New Brunswick,46.02571910451031,-65.32228556958445,,,,,NAD83,,,,27.0,2000.0,0,,475299,
gov:nb:HV99073T,gov:nb,HV99073T,,Yes,New Brunswick,46.02466872224933,-65.3225146337087,,,,,NAD83,,,,53.0,2000.0,0,,475299,
gov:nb:HV99074,gov:nb,HV99074,,Yes,New Brunswick,46.02512831449658,-65.32258233755765,,,,,NAD83,,,,44.0,2000.0,0,,475299,
gov:nb:HV99075,gov:nb,HV99075,,Yes,New Brunswick,46.024949414986324,-65.3235549134529,,,,,NAD83,,,,26.0,2000.0,0,,475299,
gov:nb:HV99076,gov:nb,HV99076,,Yes,New Brunswick,46.0253915997195,-65.32280923008005,,,,,NAD83,,,,25.0,2000.0,0,,475299,
gov:nb:HV99077T,gov:nb,HV99077T,,Yes,New Brunswick,46.02383832695487,-65.32400482444739,,,,,NAD83,,,,47.0,2000.0,0,,475299,
gov:nb:HV99078,gov:nb,HV99078,,Yes,New Brunswick,46.02441107111389,-65.32457388232709,,,,,NAD83,,,,14.0,2000.0,0,,475299,
gov:nb:HV99080,gov:nb,HV99080,,Yes,New Brunswick,46.02233061705218,-65.3261293495725,,,,,NAD83,,,,23.0,2000.0,0,,475299,
gov:nb:HV99081,gov:nb,HV99081,,Yes,New Brunswick,46.02254931520377,-65.32639594368493,,,,,NAD83,,,,23.0,2000.0,0,,475299,
gov:nb:HV99082,gov:nb,HV99082,,Yes,New Brunswick,46.022949261994015,-65.32678785353676,,,,,NAD83,,,,14.0,2000.0,0,,475299,
gov:nb:HV99083,gov:nb,HV99083,,Yes,New Brunswick,46.02256815979845,-65.3273513473229,,,,,NAD83,,,,17.0,2000.0,0,,475299,
gov:nb:HV99084,gov:nb,HV99084,,Yes,New Brunswick,46.02234879851748,-65.32702018234933,,,,,NAD83,,,,20.0,2000.0,0,,475299,
gov:nb:HV99085,gov:nb,HV99085,,Yes,New Brunswick,46.022058800034685,-65.32681968185757,,,,,NAD83,,,,18.0,2000.0,0,,475299,
gov:nb:HV99086,gov:nb,HV99086,,Yes,New Brunswick,46.02167711144253,-65.32645322226374,,,,,NAD83,,,,14.0,2000.0,0,,475299,
gov:nb:HV99087,gov:nb,HV99087,,Yes,New Brunswick,46.02166683910581,-65.32720257195463,,,,,NAD83,,,,11.0,2000.0,0,,475299,
gov:nb:HV99088,gov:nb,HV99088,,Yes,New Brunswick,46.022003944775726,-65.32760873128767,,,,,NAD83,,,,14.0,2000.0,0,,475299,
gov:nb:HV99089,gov:nb,HV99089,,Yes,New Brunswick,46.02165829028242,-65.32811979347142,,,,,NAD83,,,,11.0,2000.0,0,,475299,
gov:nb:HV99090,gov:nb,HV99090,,Yes,New Brunswick,46.023249131848715,-65.32620024519474,,,,,NAD83,,,,8.0,2000.0,0,,475299,
gov:nb:HV99091,gov:nb,HV99091,,Yes,New Brunswick,46.02279227661291,-65.32552538801676,,,,,NAD83,,,,26.0,2000.0,0,,475299,
gov:nb:HV99092,gov:nb,HV99092,,Yes,New Brunswick,46.022256987064225,-65.32509761831044,,,,,NAD83,,,,29.0,2000.0,0,,475299,
gov:nb:HV99093,gov:nb,HV99093,,Yes,New Brunswick,46.023782958029784,-65.32474224703603,,,,,NAD83,,,,36.0,2000.0,0,,475299,
gov:nb:HV99094,gov:nb,HV99094,,Yes,New Brunswick,46.02310186366905,-65.32413675102353,,,,,NAD83,,,,50.0,2000.0,0,,475299,
gov:nb:HV99095,gov:nb,HV99095,,Yes,New Brunswick,46.02451115152962,-65.32380966565022,,,,,NAD83,,,,35.0,2000.0,0,,475299,
gov:nb:HV99096,gov:nb,HV99096,,Yes,New Brunswick,46.023529582363246,-65.32286182907691,,,,,NAD83,,,,65.0,2000.0,0,,475299,
gov:nb:HV99097,gov:nb,HV99097,,Yes,New Brunswick,46.02434771933899,-65.32192730873842,,,,,NAD83,,,,74.0,2000.0,0,,475299,
gov:nb:HV99098,gov:nb,HV99098,,Yes,New Brunswick,46.024793493410414,-65.32413949013012,,,,,NAD83,,,,14.0,2000.0,0,,475299,
gov:nb:HV99099,gov:nb,HV99099,,Yes,New Brunswick,46.02594571016081,-65.31983941202543,,,,,NAD83,,,,4.0,2000.0,0,,475299,
gov:nb:WK-98-1,gov:nb,WK-98-1,,Yes,New Brunswick,46.127248749239726,-67.51923633415176,,,,,NAD83,,280.0,-60.0,434.0,1998.0,0,,475165,
gov:nb:WK-98-2,gov:nb,WK-98-2,,Yes,New Brunswick,46.11588510814022,-67.53713927483615,,,,,NAD83,,280.0,-71.0,320.0,1998.0,0,,475165,
gov:nb:WK-98-3,gov:nb,WK-98-3,,Yes,New Brunswick,46.11320865056678,-67.54350582498172,,,,,NAD83,,100.0,-50.0,296.0,1998.0,0,,475165,
gov:nb:CI-96-1,gov:nb,CI-96-1,,Yes,New Brunswick,46.369321235843834,-67.02090317973887,,,,,NAD83,,283.0,-45.0,246.88,1998.0,0,,475048,
gov:nb:CI-96-2,gov:nb,CI-96-2,,Yes,New Brunswick,46.37685113589016,-67.0190639778881,,,,,NAD83,,283.0,-45.0,245.36,1998.0,0,,475048,
gov:nb:TM-95-1,gov:nb,TM-95-1,,Yes,New Brunswick,46.46224580647875,-66.90435402748852,,,,,NAD83,,295.0,-45.0,141.12,1997.0,0,,474978,
gov:nb:SH-02-01,gov:nb,SH-02-01,,Yes,New Brunswick,46.00954963832376,-65.36386207895889,,,,,NAD83,,,-90.0,11.5,2002.0,0,,475553,
gov:nb:SH-02-02,gov:nb,SH-02-02,,Yes,New Brunswick,46.01027135335629,-65.36314991911152,,,,,NAD83,,,-90.0,10.0,2002.0,0,,475553,
gov:nb:SH-02-03,gov:nb,SH-02-03,,Yes,New Brunswick,46.009941940316516,-65.35990255120467,,,,,NAD83,,,-90.0,10.0,2002.0,0,,475553,
gov:nb:SH01-01,gov:nb,SH01-01,,Yes,New Brunswick,46.00302117249158,-65.3742223123716,,,,,NAD83,,,-90.0,18.3,2001.0,0,,475441,
gov:nb:SH01-02,gov:nb,SH01-02,,Yes,New Brunswick,46.003007834400506,-65.37105923226319,,,,,NAD83,,,-90.0,15.5,2001.0,0,,475441,
gov:nb:SH01-03,gov:nb,SH01-03,,Yes,New Brunswick,46.002387222458154,-65.35666266837727,,,,,NAD83,,,-90.0,17.0,2001.0,0,,475441,
gov:nb:SH01-04,gov:nb,SH01-04,,Yes,New Brunswick,46.00159128502633,-65.35267662067274,,,,,NAD83,,,-90.0,12.200000000000001,2001.0,0,,475440,
gov:nb:SH01-05,gov:nb,SH01-05,,Yes,New Brunswick,45.99864288991496,-65.35475188142979,,,,,NAD83,,,-90.0,21.0,2001.0,0,,475440,
gov:nb:LC-95-02A,gov:nb,LC-95-02A,,Yes,New Brunswick,46.05938459304448,-64.74717839507699,,,,,NAD83,,,,968.65,2001.0,0,,475430,
gov:nb:LC-95-03A,gov:nb,LC-95-03A,,Yes,New Brunswick,46.04337740891846,-64.74842325792409,,,,,NAD83,,,,890.32,2001.0,0,,475430,
gov:nb:LC-01-04,gov:nb,LC-01-04,,Yes,New Brunswick,46.0519276508914,-64.7322294175984,,,,,NAD83,,,,827.53,2001.0,0,,475430,
gov:nb:DH-02-01,gov:nb,DH-02-01,,Yes,New Brunswick,45.94099664750908,-65.21763426546423,,,,,NAD83,,295.0,-45.0,21.7,2002.0,0,,475554,
gov:nb:MKL-2002-01,gov:nb,MKL-2002-01,,Yes,New Brunswick,45.48268492010362,-66.1782846889114,,,,,NAD83,,280.0,-45.0,280.08,2002.0,0,,475539,
gov:nb:MKL-2002-02,gov:nb,MKL-2002-02,,Yes,New Brunswick,45.48253963302398,-66.18099717477985,,,,,NAD83,,43.0,-45.0,272.0,2002.0,0,,475539,
gov:nb:CS02-65,gov:nb,CS02-65,,Yes,New Brunswick,45.36964872647495,-66.99963763612355,,,,,NAD83,,123.0,-43.0,75.0,2002.0,0,,475558,
gov:nb:CS02-66,gov:nb,CS02-66,,Yes,New Brunswick,45.3692960228417,-67.00004298384107,,,,,NAD83,,127.0,-45.0,74.0,2002.0,0,,475558,
gov:nb:CS02-67,gov:nb,CS02-67,,Yes,New Brunswick,45.36895237163982,-67.0004356420686,,,,,NAD83,,127.0,-44.0,72.0,2002.0,0,,475558,
gov:nb:CS02-68,gov:nb,CS02-68,,Yes,New Brunswick,45.36869795827286,-67.00099503531312,,,,,NAD83,,126.0,-46.0,90.0,2002.0,0,,475558,
gov:nb:CS02-69,gov:nb,CS02-69,,Yes,New Brunswick,45.36842571713426,-67.00151596969465,,,,,NAD83,,126.0,-43.0,98.5,2002.0,0,,475558,
gov:nb:CS02-70,gov:nb,CS02-70,,Yes,New Brunswick,45.36913990483519,-67.00075643863472,,,,,NAD83,,,-45.0,110.8,2002.0,0,,475558,
gov:nb:CS02-71,gov:nb,CS02-71,,Yes,New Brunswick,45.369130907433764,-67.00075635846764,,,,,NAD83,,,-90.0,60.6,2002.0,0,,475558,
gov:nb:67-2,gov:nb,67-2,,Yes,New Brunswick,45.141055682289156,-66.59543847686855,,,,,NAD83,,360.0,-45.0,117.348,1967.0,0,,470027,
gov:nb:70-067,gov:nb,70-067,,Yes,New Brunswick,45.85107586411915,-67.04165063019099,,,,,NAD83,,,-90.0,172.21200000000002,1971.0,0,,470191,
gov:nb:70-070,gov:nb,70-070,,Yes,New Brunswick,45.84473406777878,-67.04697017882873,,,,,NAD83,,,-90.0,46.0248,1971.0,0,,470191,
gov:nb:70-044,gov:nb,70-044,,Yes,New Brunswick,45.85003179120675,-67.03412115806522,,,,,NAD83,,,-90.0,38.4048,1970.0,0,,470192,
gov:nb:70-043,gov:nb,70-043,,Yes,New Brunswick,45.84999477350959,-67.03433968479963,,,,,NAD83,,,-90.0,35.052,1970.0,0,,470192,
gov:nb:70-041,gov:nb,70-041,,Yes,New Brunswick,45.84996687370452,-67.03453254814228,,,,,NAD83,,,-90.0,28.651200000000003,1970.0,0,,470192,
gov:nb:70-040,gov:nb,70-040,,Yes,New Brunswick,45.84992997638423,-67.03472532459737,,,,,NAD83,,,-90.0,24.9936,1970.0,0,,470192,
gov:nb:70-039,gov:nb,70-039,,Yes,New Brunswick,45.849911073113525,-67.03491827424163,,,,,NAD83,,,-90.0,55.168800000000005,1970.0,0,,470192,
gov:nb:70-045,gov:nb,70-045,,Yes,New Brunswick,45.84985618076398,-67.03511087673458,,,,,NAD83,,,-90.0,21.336000000000002,1970.0,0,,470192,
gov:nb:70-046,gov:nb,70-046,,Yes,New Brunswick,45.84983727683934,-67.0353038259881,,,,,NAD83,,,-90.0,20.1168,1970.0,0,,470192,
gov:nb:70-047,gov:nb,70-047,,Yes,New Brunswick,45.84980043888109,-67.03548372663306,,,,,NAD83,,,-90.0,20.4216,1970.0,0,,470192,
gov:nb:70-048,gov:nb,70-048,,Yes,New Brunswick,45.84976347925898,-67.0356893767038,,,,,NAD83,,,-90.0,12.8016,1970.0,0,,470192,
gov:nb:70-005,gov:nb,70-005,,Yes,New Brunswick,45.85045363012201,-67.03434410296572,,,,,NAD83,,166.0,-55.0,81.9912,1970.0,0,,470192,
gov:nb:70-004,gov:nb,70-004,,Yes,New Brunswick,45.850443664121485,-67.03455001621786,,,,,NAD83,,166.0,-55.0,75.8952,1970.0,0,,470192,
gov:nb:70-002,gov:nb,70-002,,Yes,New Brunswick,45.85039770899644,-67.03475558260143,,,,,NAD83,,166.0,-55.0,76.5048,1970.0,0,,470192,
gov:nb:70-020,gov:nb,70-020,,Yes,New Brunswick,45.85035169289046,-67.03497402361354,,,,,NAD83,,166.0,-55.0,48.1584,1970.0,0,,470192,
gov:nb:70-003,gov:nb,70-003,,Yes,New Brunswick,45.850305009290416,-67.03533408881319,,,,,NAD83,,166.0,-55.0,74.9808,1970.0,0,,470192,
gov:nb:70-007,gov:nb,70-007,,Yes,New Brunswick,45.85025899207396,-67.03555252897608,,,,,NAD83,,166.0,-55.0,73.7616,1970.0,0,,470192,
gov:nb:70-017,gov:nb,70-017,,Yes,New Brunswick,45.85024002669883,-67.03575835441902,,,,,NAD83,,166.0,-55.0,72.5424,1970.0,0,,470192,
gov:nb:70-052,gov:nb,70-052,,Yes,New Brunswick,45.8502993624219,-67.03653145985369,,,,,NAD83,,166.0,-55.0,89.61120000000001,1970.0,0,,470192,
gov:nb:70-053,gov:nb,70-053,,Yes,New Brunswick,45.85021650265888,-67.03692980001358,,,,,NAD83,,166.0,-55.0,91.44,1970.0,0,,470192,
gov:nb:75-059,gov:nb,75-059,,Yes,New Brunswick,45.850186041315155,-67.0376634097988,,,,,NAD83,,182.0,-80.0,96.999552,1976.0,0,,470196,
gov:nb:75-067,gov:nb,75-067,,Yes,New Brunswick,45.850518108021355,-67.03973959792845,,,,,NAD83,,182.0,-70.0,100.59924,1976.0,0,,470196,
gov:nb:75-068,gov:nb,75-068,,Yes,New Brunswick,45.850163423815914,-67.04053443017631,,,,,NAD83,,182.0,-75.0,93.29928,1976.0,0,,470196,
gov:nb:87-013,gov:nb,87-013,,Yes,New Brunswick,45.84901935189098,-67.04459186598383,,,,,NAD83,,180.0,-45.0,121.92,1987.0,0,,473848,
gov:nb:87-002,gov:nb,87-002,,Yes,New Brunswick,45.847832812324526,-67.0462282197314,,,,,NAD83,,270.0,-55.0,198.12,1987.0,0,,473848,
gov:nb:73-017,gov:nb,73-017,,Yes,New Brunswick,45.8442346335142,-67.04791794365833,,,,,NAD83,,,-90.0,93.8784,1976.0,0,,470194,
gov:nb:87-019,gov:nb,87-019,,Yes,New Brunswick,45.844592369476686,-67.0446256734644,,,,,NAD83,,180.0,-45.0,121.92,1987.0,0,,473848,
gov:nb:87-018,gov:nb,87-018,,Yes,New Brunswick,45.845303270141805,-67.04460690050712,,,,,NAD83,,180.0,-45.0,121.92,1987.0,0,,473848,
gov:nb:87-017,gov:nb,87-017,,Yes,New Brunswick,45.84603204172835,-67.04461405158017,,,,,NAD83,,180.0,-45.0,121.92,1987.0,0,,473848,
gov:nb:87-016,gov:nb,87-016,,Yes,New Brunswick,45.84693188308003,-67.04459713206111,,,,,NAD83,,180.0,-45.0,152.4,1987.0,0,,473848,
gov:nb:87-005,gov:nb,87-005,,Yes,New Brunswick,45.84683025971394,-67.04514974885143,,,,,NAD83,,270.0,-78.0,192.024,1987.0,0,,473848,
gov:nb:87-015,gov:nb,87-015,,Yes,New Brunswick,45.847606548101005,-67.04462950221864,,,,,NAD83,,180.0,-45.0,121.92,1987.0,0,,473848,
gov:nb:87-007,gov:nb,87-007,,Yes,New Brunswick,45.846895705204254,-67.04275568665363,,,,,NAD83,,275.0,-71.0,268.224,1987.0,0,,473848,
gov:nb:87-006,gov:nb,87-006,,Yes,New Brunswick,45.84660724193096,-67.04286873788999,,,,,NAD83,,270.0,-60.0,295.656,1987.0,0,,473848,
gov:nb:87-009,gov:nb,87-009,,Yes,New Brunswick,45.846271022959044,-67.04356067833243,,,,,NAD83,,315.0,-45.0,259.08,1987.0,0,,473848,
gov:nb:87-008,gov:nb,87-008,,Yes,New Brunswick,45.846262025778174,-67.04356059021636,,,,,NAD83,,135.0,-45.0,128.01600000000002,1987.0,0,,473848,
gov:nb:87-014,gov:nb,87-014,,Yes,New Brunswick,45.848326260673474,-67.0446494402121,,,,,NAD83,,180.0,-45.0,121.92,1987.0,0,,473848,
gov:nb:87-011,gov:nb,87-011,,Yes,New Brunswick,45.847846261380326,-67.04530135354935,,,,,NAD83,,270.0,-45.0,121.92,1987.0,0,,473848,
gov:nb:87-001,gov:nb,87-001,,Yes,New Brunswick,45.84659908493643,-67.04644782189109,,,,,NAD83,,270.0,-50.0,146.304,1987.0,0,,473848,
gov:nb:87-003,gov:nb,87-003,,Yes,New Brunswick,45.84659008775907,-67.04644773330625,,,,,NAD83,,90.0,-45.0,213.0552,1987.0,0,,473848,
gov:nb:87-023,gov:nb,87-023,,Yes,New Brunswick,45.84494988747857,-67.04135910782936,,,,,NAD83,,180.0,-45.0,121.92,1987.0,0,,473848,
gov:nb:87-022,gov:nb,87-022,,Yes,New Brunswick,45.84565172916296,-67.04135307904527,,,,,NAD83,,180.0,-45.0,121.92,1987.0,0,,473848,
gov:nb:87-021,gov:nb,87-021,,Yes,New Brunswick,45.84635357080978,-67.04134705014869,,,,,NAD83,,180.0,-45.0,221.89440000000002,1987.0,0,,473848,
gov:nb:87-025,gov:nb,87-025,,Yes,New Brunswick,45.845854188566236,-67.03850978614955,,,,,NAD83,,180.0,-45.0,118.872,1987.0,0,,473848,
gov:nb:87-024,gov:nb,87-024,,Yes,New Brunswick,45.84506225307073,-67.03854072541853,,,,,NAD83,,180.0,-45.0,121.92,1987.0,0,,473848,
gov:nb:88-002,gov:nb,88-002,,Yes,New Brunswick,45.84832261192143,-67.03975687086789,,,,,NAD83,,180.0,-76.0,457.80960000000005,1988.0,0,,473849,
gov:nb:88-003,gov:nb,88-003,,Yes,New Brunswick,45.84831827883761,-67.03687280969915,,,,,NAD83,,180.0,-77.0,457.2,1988.0,0,,473849,
gov:nb:87-012,gov:nb,87-012,,Yes,New Brunswick,45.84780670640261,-67.04416796753493,,,,,NAD83,,270.0,-45.0,121.92,1987.0,0,,473848,
gov:nb:73-006,gov:nb,73-006,,Yes,New Brunswick,45.85111767916833,-67.03280540921966,,,,,NAD83,,166.0,-57.0,97.6884,1974.0,0,,470194,
gov:nb:73-007,gov:nb,73-007,,Yes,New Brunswick,45.85111767916833,-67.03280540921966,,,,,NAD83,,,-90.0,24.6888,1974.0,0,,470194,
gov:nb:73-002,gov:nb,73-002,,Yes,New Brunswick,45.85108881558142,-67.03320427955796,,,,,NAD83,,166.0,-57.0,167.499792,1974.0,0,,470194,
gov:nb:73-003,gov:nb,73-003,,Yes,New Brunswick,45.85108881558142,-67.03320427955796,,,,,NAD83,,,-90.0,137.501376,1974.0,0,,470194,
gov:nb:73-004,gov:nb,73-004,,Yes,New Brunswick,45.85105095340667,-67.0336030629624,,,,,NAD83,,166.0,-57.0,105.799128,1974.0,0,,470194,
gov:nb:73-005,gov:nb,73-005,,Yes,New Brunswick,45.85105095340667,-67.0336030629624,,,,,NAD83,,,-90.0,125.900688,1974.0,0,,470194,
gov:nb:70-024,gov:nb,70-024,,Yes,New Brunswick,45.85089067543926,-67.03515947902068,,,,,NAD83,,166.0,-55.0,110.94720000000001,1970.0,0,,470192,
gov:nb:70-026,gov:nb,70-026,,Yes,New Brunswick,45.85089067543926,-67.03515947902068,,,,,NAD83,,166.0,-70.0,114.3,1970.0,0,,470192,
gov:nb:70-031,gov:nb,70-031,,Yes,New Brunswick,45.850853716397744,-67.03536513334684,,,,,NAD83,,166.0,-70.0,114.90960000000001,1970.0,0,,470192,
gov:nb:70-025,gov:nb,70-025,,Yes,New Brunswick,45.85081687833819,-67.0355450372427,,,,,NAD83,,166.0,-70.0,109.72800000000001,1970.0,0,,470192,
gov:nb:70-015,gov:nb,70-015,,Yes,New Brunswick,45.8508069708574,-67.03573807654217,,,,,NAD83,,166.0,-70.0,111.25200000000001,1970.0,0,,470192,
gov:nb:70-008,gov:nb,70-008,,Yes,New Brunswick,45.850502583474494,-67.03541324826911,,,,,NAD83,,166.0,-55.0,101.1936,1970.0,0,,470192,
gov:nb:70-009,gov:nb,70-009,,Yes,New Brunswick,45.850502583474494,-67.03541324826911,,,,,NAD83,,166.0,-70.0,99.06,1970.0,0,,470192,
gov:nb:70-018,gov:nb,70-018,,Yes,New Brunswick,45.850447811646376,-67.03558010233552,,,,,NAD83,,167.0,-55.0,89.91600000000001,1970.0,0,,470192,
gov:nb:70-019,gov:nb,70-019,,Yes,New Brunswick,45.850447811646376,-67.03558010233552,,,,,NAD83,,167.0,-70.0,99.9744,1970.0,0,,470192,
gov:nb:70-021,gov:nb,70-021,,Yes,New Brunswick,45.85041990973503,-67.03577296661855,,,,,NAD83,,167.0,-55.0,82.9056,1970.0,0,,470192,
gov:nb:70-022,gov:nb,70-022,,Yes,New Brunswick,45.85041990973503,-67.03577296661855,,,,,NAD83,,167.0,-70.0,88.39200000000001,1970.0,0,,470192,
gov:nb:70-011,gov:nb,70-011,,Yes,New Brunswick,45.8505403307586,-67.03504022009518,,,,,NAD83,,166.0,-55.0,89.61120000000001,1970.0,0,,470192,
gov:nb:70-012,gov:nb,70-012,,Yes,New Brunswick,45.8505403307586,-67.03504022009518,,,,,NAD83,,166.0,-70.0,87.17280000000001,1970.0,0,,470192,
gov:nb:70-027,gov:nb,70-027,,Yes,New Brunswick,45.85055935542956,-67.03482151826887,,,,,NAD83,,166.0,-55.0,83.51520000000001,1970.0,0,,470192,
gov:nb:75-032,gov:nb,75-032,,Yes,New Brunswick,45.85391069611614,-67.0300766821514,,,,,NAD83,,190.0,-70.0,297.89932799999997,1976.0,0,,470196,
gov:nb:70-059,gov:nb,70-059,,Yes,New Brunswick,45.85376198099109,-67.03874104217893,,,,,NAD83,,,-90.0,457.2,1970.0,0,,470192,
gov:nb:87-004,gov:nb,87-004,,Yes,New Brunswick,45.84650586714381,-67.04524955987024,,,,,NAD83,,90.0,-45.0,219.45600000000002,1987.0,0,,473848,
gov:nb:70-071,gov:nb,70-071,,Yes,New Brunswick,45.85128600591551,-67.03527917338626,,,,,NAD83,,166.0,-55.0,135.636,1970.0,0,,470192,
gov:nb:70-055,gov:nb,70-055,,Yes,New Brunswick,45.85113117206324,-67.03758243671767,,,,,NAD83,,189.0,-55.0,154.8384,1970.0,0,,470192,
gov:nb:70-066,gov:nb,70-066,,Yes,New Brunswick,45.85154449732498,-67.03579670003042,,,,,NAD83,,166.0,-55.0,171.60240000000002,1970.0,0,,470192,
gov:nb:83-002,gov:nb,83-002,,Yes,New Brunswick,45.86178689614448,-67.04460128598325,,,,,NAD83,,180.0,-80.0,753.398544,1984.0,0,,473020,
gov:nb:78-008,gov:nb,78-008,,Yes,New Brunswick,45.8623026950472,-67.04398818936734,,,,,NAD83,,180.0,-45.0,142.39951200000002,1979.0,0,,472382,
gov:nb:81-27,gov:nb,81-27,,Yes,New Brunswick,45.86165220680936,-67.04077514379877,,,,,NAD83,,162.0,-84.0,761.29896,1981.0,0,,473020,
gov:nb:78-005,gov:nb,78-005,,Yes,New Brunswick,45.861482914358184,-67.0404257838093,,,,,NAD83,,180.0,-44.0,154.89936,1979.0,0,,472382,
gov:nb:78-004,gov:nb,78-004,,Yes,New Brunswick,45.862319712722126,-67.04042105702273,,,,,NAD83,,180.0,-45.0,155.499816,1979.0,0,,472382,
gov:nb:78-007,gov:nb,78-007,,Yes,New Brunswick,45.862324971932026,-67.04120668680531,,,,,NAD83,,180.0,-45.0,99.998784,1979.0,0,,472382,
gov:nb:78-009,gov:nb,78-009,,Yes,New Brunswick,45.862864802255864,-67.04121195316483,,,,,NAD83,,180.0,-60.0,141.1986,1979.0,0,,472382,
gov:nb:78-010,gov:nb,78-010,,Yes,New Brunswick,45.86313471740894,-67.04121458639189,,,,,NAD83,,180.0,-70.0,152.4,1979.0,0,,472382,
gov:nb:78-011,gov:nb,78-011,,Yes,New Brunswick,45.86355764579423,-67.04120583381932,,,,,NAD83,,180.0,-72.0,177.701448,1979.0,0,,472382,
gov:nb:83-001,gov:nb,83-001,,Yes,New Brunswick,45.86445932453864,-67.04080250792435,,,,,NAD83,,185.0,-85.0,834.80148,1984.0,0,,473020,
gov:nb:78-006,gov:nb,78-006,,Yes,New Brunswick,45.862886534617616,-67.04042657867602,,,,,NAD83,,180.0,-45.0,121.999248,1979.0,0,,472382,
gov:nb:70-062,gov:nb,70-062,,Yes,New Brunswick,45.85444369053163,-67.0391854621001,,,,,NAD83,,,-90.0,224.94240000000002,1971.0,0,,470191,
gov:nb:88-001,gov:nb,88-001,,Yes,New Brunswick,45.85375816909217,-67.03574081644017,,,,,NAD83,,180.0,-76.0,544.068,1988.0,0,,473849,
gov:nb:88-004,gov:nb,88-004,,Yes,New Brunswick,45.85780928148297,-67.04286244077034,,,,,NAD83,,225.0,-70.0,469.392,1988.0,0,,473849,
gov:nb:88-006,gov:nb,88-006,,Yes,New Brunswick,45.85635173768918,-67.03142632727398,,,,,NAD83,,180.0,-70.0,495.9096,1988.0,0,,473849,
gov:nb:88-007,gov:nb,88-007,,Yes,New Brunswick,45.855013752736255,-67.02892832259442,,,,,NAD83,,180.0,-70.0,487.68,1988.0,0,,473849,
gov:nb:25-007,gov:nb,25-007,,Yes,New Brunswick,45.845337874053335,-67.05419866818232,,,,,NAD83,,90.0,-45.0,60.999624,1954.0,0,,470199,
gov:nb:25-006,gov:nb,25-006,,Yes,New Brunswick,45.845344583787416,-67.05282117392942,,,,,NAD83,,270.0,-45.0,93.000576,1954.0,0,,470199,
gov:nb:25-005,gov:nb,25-005,,Yes,New Brunswick,45.849705472028624,-67.03844415366284,,,,,NAD83,,185.0,-45.0,33.799272,1954.0,0,,470199,
gov:nb:25-004,gov:nb,25-004,,Yes,New Brunswick,45.849263145512005,-67.03874886936532,,,,,NAD83,,220.0,-45.0,107.00004,1954.0,0,,470199,
gov:nb:25-003,gov:nb,25-003,,Yes,New Brunswick,45.848881023027296,-67.03774089301913,,,,,NAD83,,220.0,-45.0,168.30141600000002,1954.0,0,,470199,
gov:nb:25-002,gov:nb,25-002,,Yes,New Brunswick,45.856618783096565,-67.03777725028387,,,,,NAD83,,20.0,-45.0,107.89920000000001,1954.0,0,,470199,
gov:nb:25-001,gov:nb,25-001,,Yes,New Brunswick,45.858017486041376,-67.03691514841253,,,,,NAD83,,200.0,-45.0,184.0992,1954.0,0,,470199,
gov:nb:L-11,gov:nb,L-11,,Yes,New Brunswick,45.78060070963551,-65.77923336426466,,,,,NAD83,,145.0,-45.0,24.0792,1968.0,0,,470604,
gov:nb:L-10,gov:nb,L-10,,Yes,New Brunswick,45.780382251253435,-65.77883755269143,,,,,NAD83,,145.0,-45.0,68.58,1968.0,0,,470604,
gov:nb:L-9,gov:nb,L-9,,Yes,New Brunswick,45.78122330809503,-65.77667907822237,,,,,NAD83,,145.0,-45.0,85.95360000000001,1968.0,0,,470604,
gov:nb:70-028,gov:nb,70-028,,Yes,New Brunswick,45.85055935542956,-67.03482151826887,,,,,NAD83,,166.0,-70.0,88.69680000000001,1970.0,0,,470192,
gov:nb:70-033,gov:nb,70-033,,Yes,New Brunswick,45.850596313486534,-67.03461586466626,,,,,NAD83,,166.0,-55.0,90.8304,1970.0,0,,470192,
gov:nb:70-034,gov:nb,70-034,,Yes,New Brunswick,45.850596313486534,-67.03461586466626,,,,,NAD83,,166.0,-70.0,92.6592,1970.0,0,,470192,
gov:nb:70-035,gov:nb,70-035,,Yes,New Brunswick,45.850642268359955,-67.03441029743092,,,,,NAD83,,166.0,-55.0,87.47760000000001,1970.0,0,,470192,
gov:nb:70-036,gov:nb,70-036,,Yes,New Brunswick,45.850642268359955,-67.03441029743092,,,,,NAD83,,166.0,-70.0,88.39200000000001,1970.0,0,,470192,
gov:nb:70-014,gov:nb,70-014,,Yes,New Brunswick,45.85076119573868,-67.03590501808503,,,,,NAD83,,166.0,-55.0,117.9576,1970.0,0,,470192,
gov:nb:70-016,gov:nb,70-016,,Yes,New Brunswick,45.85076119573868,-67.03590501808503,,,,,NAD83,,166.0,-70.0,112.77600000000001,1970.0,0,,470192,
gov:nb:70-037,gov:nb,70-037,,Yes,New Brunswick,45.85070575501595,-67.03621349799799,,,,,NAD83,,166.0,-55.0,114.90960000000001,1970.0,0,,470192,
gov:nb:70-038,gov:nb,70-038,,Yes,New Brunswick,45.85070575501595,-67.03621349799799,,,,,NAD83,,166.0,-70.0,117.9576,1970.0,0,,470192,
gov:nb:70-006,gov:nb,70-006,,Yes,New Brunswick,45.85049449602697,-67.0352200364203,,,,,NAD83,,166.0,-55.0,85.95360000000001,1970.0,0,,470192,
gov:nb:70-010,gov:nb,70-010,,Yes,New Brunswick,45.85049449602697,-67.0352200364203,,,,,NAD83,,166.0,-70.0,85.03920000000001,1970.0,0,,470192,
gov:nb:70-049,gov:nb,70-049,,Yes,New Brunswick,45.850373284345324,-67.03612015660357,,,,,NAD83,,166.0,-55.0,85.95360000000001,1970.0,0,,470192,
gov:nb:70-001,gov:nb,70-001,,Yes,New Brunswick,45.85033284982665,-67.03515409967102,,,,,NAD83,,167.0,-55.0,79.248,1970.0,0,,470192,
gov:nb:70-029,gov:nb,70-029,,Yes,New Brunswick,45.851073667426334,-67.03642306454618,,,,,NAD83,,166.0,-55.0,147.2184,1970.0,0,,470192,
gov:nb:70-063,gov:nb,70-063,,Yes,New Brunswick,45.85113828811979,-67.03607604426848,,,,,NAD83,,166.0,-55.0,151.1808,1970.0,0,,470192,
gov:nb:70-042,gov:nb,70-042,,Yes,New Brunswick,45.85104503441548,-67.03677043211627,,,,,NAD83,,166.0,-55.0,145.3896,1970.0,0,,470192,
gov:nb:70-050,gov:nb,70-050,,Yes,New Brunswick,45.85099007809027,-67.03697591180901,,,,,NAD83,,188.0,-55.0,167.64000000000001,1970.0,0,,470192,
gov:nb:70-051,gov:nb,70-051,,Yes,New Brunswick,45.850838159967566,-67.03675555544001,,,,,NAD83,,166.0,-55.0,131.064,1970.0,0,,470192,
gov:nb:70-069,gov:nb,70-069,,Yes,New Brunswick,45.85078277778404,-67.0370511598533,,,,,NAD83,,166.0,-55.0,136.8552,1970.0,0,,470192,
gov:nb:70-056,gov:nb,70-056,,Yes,New Brunswick,45.85111463902581,-67.0372732589611,,,,,NAD83,,166.0,-55.0,161.544,1970.0,0,,470192,
gov:nb:73-015,gov:nb,73-015,,Yes,New Brunswick,45.85111457815381,-67.03728613410485,,,,,NAD83,,,-90.0,185.50128,1974.0,0,,470194,
gov:nb:70-032,gov:nb,70-032,,Yes,New Brunswick,45.85154595597153,-67.03739331737856,,,,,NAD83,,166.0,-55.0,193.2432,1970.0,0,,470192,
gov:nb:70-054,gov:nb,70-054,,Yes,New Brunswick,45.851377443698084,-67.03687665375739,,,,,NAD83,,166.0,-55.0,168.85920000000002,1970.0,0,,470192,
gov:nb:73-014,gov:nb,73-014,,Yes,New Brunswick,45.85138644088291,-67.0368767408017,,,,,NAD83,,,-90.0,172.300392,1974.0,0,,470194,
gov:nb:70-057,gov:nb,70-057,,Yes,New Brunswick,45.85143306859289,-67.03652954512788,,,,,NAD83,,166.0,-55.0,153.6192,1970.0,0,,470192,
gov:nb:73-013,gov:nb,73-013,,Yes,New Brunswick,45.85143306859289,-67.03652954512788,,,,,NAD83,,,-90.0,161.001456,1974.0,0,,470194,
gov:nb:70-064,gov:nb,70-064,,Yes,New Brunswick,45.85149805407551,-67.03610527132312,,,,,NAD83,,166.0,-55.0,171.14520000000002,1970.0,0,,470192,
gov:nb:73-010,gov:nb,73-010,,Yes,New Brunswick,45.85149817555096,-67.03607952085387,,,,,NAD83,,,-90.0,194.498976,1974.0,0,,470194,
gov:nb:70-068,gov:nb,70-068,,Yes,New Brunswick,45.85160054354389,-67.03535946244351,,,,,NAD83,,166.0,-55.0,157.8864,1970.0,0,,470192,
gov:nb:73-016,gov:nb,73-016,,Yes,New Brunswick,45.85163647163385,-67.03537268490696,,,,,NAD83,,,-90.0,139.601448,1976.0,0,,470194,
gov:nb:70-060,gov:nb,70-060,,Yes,New Brunswick,45.85169215255684,-67.03501269784914,,,,,NAD83,,166.0,-55.0,188.6712,1970.0,0,,470192,
gov:nb:73-011,gov:nb,73-011,,Yes,New Brunswick,45.85154480082787,-67.0357323238007,,,,,NAD83,,,-90.0,181.099968,1974.0,0,,470194,
gov:nb:76-021,gov:nb,76-021,,Yes,New Brunswick,45.85145454865653,-67.03959419616505,,,,,NAD83,,90.0,-75.0,137.199624,1976.0,0,,470196,
gov:nb:75-022,gov:nb,75-022,,Yes,New Brunswick,45.85143850984624,-67.03918201430606,,,,,NAD83,,180.0,-80.0,163.09848,1976.0,0,,470196,
gov:nb:76-023,gov:nb,76-023,,Yes,New Brunswick,45.85173346128735,-67.03959690821829,,,,,NAD83,,90.0,-75.0,140.198856,1976.0,0,,470196,
gov:nb:70-061,gov:nb,70-061,,Yes,New Brunswick,45.85088858192032,-67.0394084334494,,,,,NAD83,,,-90.0,104.8512,1970.0,0,,470192,
gov:nb:75-050,gov:nb,75-050,,Yes,New Brunswick,45.8514327611581,-67.04039228444061,,,,,NAD83,,182.0,-75.0,114.3,1976.0,0,,470196,
gov:nb:75-051,gov:nb,75-051,,Yes,New Brunswick,45.8514327611581,-67.04039228444061,,,,,NAD83,,,,121.999248,1976.0,0,,470196,
gov:nb:70-065,gov:nb,70-065,,Yes,New Brunswick,45.852261526058605,-67.03828869101518,,,,,NAD83,,166.0,-55.0,208.788,1970.0,0,,470192,
gov:nb:75-036,gov:nb,75-036,,Yes,New Brunswick,45.85224576507383,-67.0340008318302,,,,,NAD83,,190.0,-75.0,202.399392,1976.0,0,,470196,
gov:nb:75-038,gov:nb,75-038,,Yes,New Brunswick,45.852218773511474,-67.03400057209029,,,,,NAD83,,190.0,-50.0,173.800008,1976.0,0,,470196,
gov:nb:75-021,gov:nb,75-021,,Yes,New Brunswick,45.85254448664731,-67.033617424565,,,,,NAD83,,183.0,-85.0,234.098592,1976.0,0,,470196,
gov:nb:75-023,gov:nb,75-023,,Yes,New Brunswick,45.852542672256206,-67.03400368898987,,,,,NAD83,,183.0,-80.0,219.498672,1976.0,0,,470196,
gov:nb:75-024,gov:nb,75-024,,Yes,New Brunswick,45.85280877334885,-67.0348174455765,,,,,NAD83,,183.0,-70.0,213.0,1976.0,0,,470196,
gov:nb:75-034,gov:nb,75-034,,Yes,New Brunswick,45.85253742336272,-67.03320532269251,,,,,NAD83,,185.0,-70.0,200.29932,1976.0,0,,470196,
gov:nb:75-035,gov:nb,75-035,,Yes,New Brunswick,45.85253742336272,-67.03320532269251,,,,,NAD83,,180.0,-50.0,195.998592,1976.0,0,,470196,
gov:nb:75-027,gov:nb,75-027,,Yes,New Brunswick,45.8520174554458,-67.04042373014602,,,,,NAD83,,,,141.8,1976.0,0,,470196,
gov:nb:75-049,gov:nb,75-049,,Yes,New Brunswick,45.85214176225964,-67.04077259201766,,,,,NAD83,,182.0,-75.0,174.400464,1976.0,0,,470196,
gov:nb:75-033,gov:nb,75-033,,Yes,New Brunswick,45.85226392132994,-67.04157209459214,,,,,NAD83,,180.0,-70.0,146.300952,1976.0,0,,470196,
gov:nb:75-054,gov:nb,75-054,,Yes,New Brunswick,45.85201153098938,-67.04355252684188,,,,,NAD83,,182.0,-70.0,112.599216,1976.0,0,,470196,
gov:nb:70-058,gov:nb,70-058,,Yes,New Brunswick,45.85118064410024,-67.03853572138438,,,,,NAD83,,,-90.0,149.352,1970.0,0,,470192,
gov:nb:75-053,gov:nb,75-053,,Yes,New Brunswick,45.851996335131275,-67.03918743430062,,,,,NAD83,,182.0,-75.0,186.199272,1976.0,0,,470196,
gov:nb:75-030,gov:nb,75-030,,Yes,New Brunswick,45.852334057334474,-67.04195905964376,,,,,NAD83,,185.0,-70.0,144.801336,1976.0,0,,470196,
gov:nb:75-085,gov:nb,75-085,,Yes,New Brunswick,45.85284327114487,-67.04272372500611,,,,,NAD83,,182.0,-75.0,159.49879199999998,1976.0,0,,470196,
gov:nb:75-040,gov:nb,75-040,,Yes,New Brunswick,45.85283119766177,-67.0433674136643,,,,,NAD83,,180.0,-70.0,139.900152,1976.0,0,,470196,
gov:nb:73-009,gov:nb,73-009,,Yes,New Brunswick,45.851101555406046,-67.03240610686551,,,,,NAD83,,,-90.0,118.79884799999999,1974.0,0,,470194,
gov:nb:73-012,gov:nb,73-012,,Yes,New Brunswick,45.85111181899201,-67.03213581501446,,,,,NAD83,,166.0,-57.0,62.200536,1974.0,0,,470194,
gov:nb:75-043,gov:nb,75-043,,Yes,New Brunswick,45.852431193964655,-67.04422619172412,,,,,NAD83,,180.0,-70.0,75.80071199999999,1976.0,0,,470196,
gov:nb:75-058,gov:nb,75-058,,Yes,New Brunswick,45.853117506174705,-67.0437049984435,,,,,NAD83,,,,168.3,1976.0,0,,470196,
gov:nb:75-041,gov:nb,75-041,,Yes,New Brunswick,45.85309704661798,-67.04421984586085,,,,,NAD83,,190.0,-70.0,211.900008,1976.0,0,,470196,
gov:nb:75-057,gov:nb,75-057,,Yes,New Brunswick,45.853410344103786,-67.04455770153294,,,,,NAD83,,182.0,-65.0,142.100808,1976.0,0,,470196,
gov:nb:75-084,gov:nb,75-084,,Yes,New Brunswick,45.853408924713776,-67.04297390647834,,,,,NAD83,,182.0,-70.0,199.40016,1976.0,0,,470196,
gov:nb:75-026,gov:nb,75-026,,Yes,New Brunswick,45.85311703974628,-67.03431824497899,,,,,NAD83,,185.0,-75.0,230.20020000000002,1976.0,0,,470196,
gov:nb:AD02-03,gov:nb,AD02-03,,Yes,New Brunswick,45.370768009171925,-67.01686816886588,,,,,NAD83,,128.0,-44.0,101.2,2002.0,0,,475587,
gov:nb:AD02-04,gov:nb,AD02-04,,Yes,New Brunswick,45.370768009171925,-67.01686816886588,,,,,NAD83,,183.0,-88.0,75.29,2002.0,0,,475587,
gov:nb:AD02-05,gov:nb,AD02-05,,Yes,New Brunswick,45.37095928616124,-67.01635930845195,,,,,NAD83,,148.0,-44.0,100.28,2002.0,0,,475587,
gov:nb:AD02-06,gov:nb,AD02-06,,Yes,New Brunswick,45.37095028877643,-67.01635922578313,,,,,NAD83,,194.0,-89.0,74.98,2002.0,0,,475587,
gov:nb:AD02-07,gov:nb,AD02-07,,Yes,New Brunswick,45.37116552667452,-67.01651438986424,,,,,NAD83,,,-90.0,93.27,2002.0,0,,475587,
gov:nb:AD02-08,gov:nb,AD02-08,,Yes,New Brunswick,45.371059655443325,-67.01605385834526,,,,,NAD83,,145.0,-40.0,62.480000000000004,2002.0,0,,475587,
gov:nb:AD02-09,gov:nb,AD02-09,,Yes,New Brunswick,45.37127489376204,-67.01620902156239,,,,,NAD83,,149.0,-44.0,120.4,2002.0,0,,475587,
gov:nb:AD02-10,gov:nb,AD02-10,,Yes,New Brunswick,45.370871409064996,-67.01589894410398,,,,,NAD83,,145.0,-44.0,83.82000000000001,2002.0,0,,475587,
gov:nb:AD02-11,gov:nb,AD02-11,,Yes,New Brunswick,45.3711690212884,-67.01574848971623,,,,,NAD83,,144.0,-42.0,65.53,2002.0,0,,475587,
gov:nb:AD02-12,gov:nb,AD02-12,,Yes,New Brunswick,45.37097160254999,-67.01563178852318,,,,,NAD83,,142.0,-43.0,68.58,2002.0,0,,475587,
gov:nb:AD02-13,gov:nb,AD02-13,,Yes,New Brunswick,45.3710719698705,-67.01532633704188,,,,,NAD83,,150.0,-44.0,53.34,2002.0,0,,475587,
gov:nb:AD02-14,gov:nb,AD02-14,,Yes,New Brunswick,45.3710719698705,-67.01532633704188,,,,,NAD83,,285.0,-89.0,53.95,2002.0,0,,475587,
gov:nb:AD02-15,gov:nb,AD02-15,,Yes,New Brunswick,45.371287209193,-67.01548149751116,,,,,NAD83,,,-90.0,74.07000000000001,2002.0,0,,475587,
gov:nb:AD02-16,gov:nb,AD02-16,,Yes,New Brunswick,45.37116890488478,-67.01577401972307,,,,,NAD83,,220.0,-89.0,96.62,2002.0,0,,475587,
gov:nb:AD02-17,gov:nb,AD02-17,,Yes,New Brunswick,45.37138402714432,-67.01595471227752,,,,,NAD83,,104.0,-88.0,78.33,2002.0,0,,475587,
gov:nb:AD02-18,gov:nb,AD02-18,,Yes,New Brunswick,45.37146634237909,-67.01566185909685,,,,,NAD83,,214.0,-88.0,82.60000000000001,2002.0,0,,475587,
gov:nb:AD02-19,gov:nb,AD02-19,,Yes,New Brunswick,45.37119921228783,-67.0150466618548,,,,,NAD83,,244.0,-89.0,87.48,2002.0,0,,475587,
gov:nb:AD02-20,gov:nb,AD02-20,,Yes,New Brunswick,45.37100196713752,-67.01489166816064,,,,,NAD83,,,-90.0,47.54,2002.0,0,,475587,
gov:nb:AD02-21,gov:nb,AD02-21,,Yes,New Brunswick,45.3713965153613,-67.0151888915831,,,,,NAD83,,330.0,-89.0,96.62,2002.0,0,,475587,
gov:nb:AD02-22,gov:nb,AD02-22,,Yes,New Brunswick,45.37161187117821,-67.01531852221888,,,,,NAD83,,,-90.0,87.17,2002.0,0,,475587,
gov:nb:AD02-23,gov:nb,AD02-23,,Yes,New Brunswick,45.37180006018028,-67.01548620171835,,,,,NAD83,,,-90.0,90.53,2002.0,0,,475587,
gov:nb:AD02-24,gov:nb,AD02-24,,Yes,New Brunswick,45.37130857541967,-67.01474129049693,,,,,NAD83,,,-90.0,96.62,2002.0,0,,475587,
gov:nb:AD02-25,gov:nb,AD02-25,,Yes,New Brunswick,45.37142687706345,-67.01444876537383,,,,,NAD83,,,-90.0,111.86,2002.0,0,,475587,
gov:nb:AD02-26,gov:nb,AD02-26,,Yes,New Brunswick,45.371229515015656,-67.01431930318206,,,,,NAD83,,195.0,-88.0,90.53,2002.0,0,,475587,
gov:nb:AD02-27,gov:nb,AD02-27,,Yes,New Brunswick,45.371229515015656,-67.01431930318206,,,,,NAD83,,155.0,-45.0,83.21000000000001,2002.0,0,,475587,
gov:nb:AD02-28,gov:nb,AD02-28,,Yes,New Brunswick,45.3712935992095,-67.01407734393723,,,,,NAD83,,,-90.0,83.82000000000001,2002.0,0,,475587,
gov:nb:MW02-01,gov:nb,MW02-01,,Yes,New Brunswick,45.373994083891255,-67.01579995007002,,,,,NAD83,,143.0,-47.0,100.28,2002.0,0,,475587,
gov:nb:MW02-02,gov:nb,MW02-02,,Yes,New Brunswick,45.37398508650599,-67.01579986748419,,,,,NAD83,,,-90.0,80.77,2002.0,0,,475587,
gov:nb:MW02-03,gov:nb,MW02-03,,Yes,New Brunswick,45.373811806742495,-67.01630892250147,,,,,NAD83,,147.0,-42.0,126.49000000000001,2002.0,0,,475587,
gov:nb:MW02-04,gov:nb,MW02-04,,Yes,New Brunswick,45.37382080412728,-67.01630900516844,,,,,NAD83,,,-90.0,77.72,2002.0,0,,475587,
gov:nb:MW02-05,gov:nb,MW02-05,,Yes,New Brunswick,45.373620588247945,-67.01680504331704,,,,,NAD83,,148.0,-46.0,123.44,2002.0,0,,475587,
gov:nb:MW02-06,gov:nb,MW02-06,,Yes,New Brunswick,45.37378778422161,-67.01565762902338,,,,,NAD83,,150.0,-45.0,150.0,2002.0,0,,475587,
gov:nb:MW02-07,gov:nb,MW02-07,,Yes,New Brunswick,45.37390300383775,-67.0160416710754,,,,,NAD83,,142.0,-43.0,102.11,2002.0,0,,475587,
gov:nb:MW02-08,gov:nb,MW02-08,,Yes,New Brunswick,45.3740851052489,-67.0155709939456,,,,,NAD83,,149.0,-45.0,101.8,2002.0,0,,475587,
gov:nb:MW02-09,gov:nb,MW02-09,,Yes,New Brunswick,45.374282582228105,-67.01567493572753,,,,,NAD83,,149.0,-45.0,135.64000000000001,2002.0,0,,475587,
gov:nb:MW02-10,gov:nb,MW02-10,,Yes,New Brunswick,45.374282582228105,-67.01567493572753,,,,,NAD83,,,-90.0,135.64000000000001,2002.0,0,,475587,
gov:nb:MW02-11,gov:nb,MW02-11,,Yes,New Brunswick,45.373484315863394,-67.01511866966887,,,,,NAD83,,,-90.0,62.5,2002.0,0,,475587,
gov:nb:MW02-12,gov:nb,MW02-12,,Yes,New Brunswick,45.37379086634115,-67.0149810522608,,,,,NAD83,,140.0,-88.0,95.53,2002.0,0,,475587,
gov:nb:MW02-13,gov:nb,MW02-13,,Yes,New Brunswick,45.373744367934464,-67.01531254531712,,,,,NAD83,,,-90.0,63.4,2002.0,0,,475587,
gov:nb:MW02-14,gov:nb,MW02-14,,Yes,New Brunswick,45.373988227611754,-67.01511052271289,,,,,NAD83,,,-90.0,69.49,2002.0,0,,475587,
gov:nb:MW02-15,gov:nb,MW02-15,,Yes,New Brunswick,45.37379086634115,-67.0149810522608,,,,,NAD83,,150.0,-68.0,120.4,2002.0,0,,475587,
gov:nb:MW02-16,gov:nb,MW02-16,,Yes,New Brunswick,45.37330964224888,-67.01593409402508,,,,,NAD83,,,-90.0,81.69,2002.0,0,,475587,
gov:nb:MW02-17,gov:nb,MW02-17,,Yes,New Brunswick,45.373004662518014,-67.01572703872239,,,,,NAD83,,,-90.0,109.12,2002.0,0,,475587,
gov:nb:MW02-18,gov:nb,MW02-18,,Yes,New Brunswick,45.37323684791506,-67.01611214979879,,,,,NAD83,,,-90.0,106.07000000000001,2002.0,0,,475587,
gov:nb:MW02-19,gov:nb,MW02-19,,Yes,New Brunswick,45.37255200521675,-67.01830158676394,,,,,NAD83,,,-90.0,63.4,2002.0,0,,475587,
gov:nb:MW02-20,gov:nb,MW02-20,,Yes,New Brunswick,45.37274924565847,-67.01845659670468,,,,,NAD83,,,-90.0,66.45,2002.0,0,,475587,
gov:nb:MW02-21,gov:nb,MW02-21,,Yes,New Brunswick,45.372981052863544,-67.01101618727752,,,,,NAD83,,284.0,-89.0,96.93,2002.0,0,,475587,
gov:nb:MW02-22,gov:nb,MW02-22,,Yes,New Brunswick,45.37414649994366,-67.01195871899048,,,,,NAD83,,,-90.0,81.08,2002.0,0,,475587,
gov:nb:MW02-23,gov:nb,MW02-23,,Yes,New Brunswick,45.37474724419654,-67.01242378071906,,,,,NAD83,,,-90.0,71.93,2002.0,0,,475587,
gov:nb:DH02-01,gov:nb,DH02-01,,Yes,New Brunswick,45.855120275853125,-65.70253709671402,,,,,NAD83,,226.0,-45.0,110.64,2002.0,0,,475600,
gov:nb:DH02-02,gov:nb,DH02-02,,Yes,New Brunswick,45.85614677240985,-65.7013634052684,,,,,NAD83,,46.0,-45.0,79.60000000000001,2002.0,0,,475600,
gov:nb:DH02-03,gov:nb,DH02-03,,Yes,New Brunswick,45.85614686289313,-65.70137628105864,,,,,NAD83,,226.0,-45.0,203.3,2002.0,0,,475600,
gov:nb:DH02-04,gov:nb,DH02-04,,Yes,New Brunswick,45.854436427194564,-65.70253404814935,,,,,NAD83,,226.0,-45.0,71.63,2002.0,0,,475600,
gov:nb:DH02-05,gov:nb,DH02-05,,Yes,New Brunswick,45.85445487256734,-65.70259816655053,,,,,NAD83,,226.0,-60.0,83.21000000000001,2002.0,0,,475600,
gov:nb:DH02-06,gov:nb,DH02-06,,Yes,New Brunswick,45.85371799350091,-65.70144986825781,,,,,NAD83,,226.0,-45.0,54.56,2002.0,0,,475600,
gov:nb:DH02-07,gov:nb,DH02-07,,Yes,New Brunswick,45.8532986702867,-65.7019580835353,,,,,NAD83,,226.0,-45.0,30.78,2002.0,0,,475600,
gov:nb:DH02-08,gov:nb,DH02-08,,Yes,New Brunswick,45.85533848515491,-65.70414357350624,,,,,NAD83,,226.0,-45.0,93.60000000000001,2002.0,0,,475600,
gov:nb:DH02-09,gov:nb,DH02-09,,Yes,New Brunswick,45.85373982465628,-65.70071559162973,,,,,NAD83,,46.0,-45.0,78.33,2002.0,0,,475600,
gov:nb:DH02-10,gov:nb,DH02-10,,Yes,New Brunswick,45.85528709605589,-65.70066754969238,,,,,NAD83,,46.0,-45.0,157.58,2002.0,0,,475600,
gov:nb:DH02-11,gov:nb,DH02-11,,Yes,New Brunswick,45.85476509926235,-65.70321179334852,,,,,NAD83,,226.0,-45.0,75.29,2002.0,0,,475600,
gov:nb:DH02-12,gov:nb,DH02-12,,Yes,New Brunswick,45.855306803960026,-65.70347442934535,,,,,NAD83,,226.0,-45.0,90.53,2002.0,0,,475600,
gov:nb:DH02-13,gov:nb,DH02-13,,Yes,New Brunswick,45.855731026276025,-65.7049491937673,,,,,NAD83,,226.0,-45.0,53.95,2002.0,0,,475600,
gov:nb:DH02-14,gov:nb,DH02-14,,Yes,New Brunswick,45.853565361644335,-65.70277834355433,,,,,NAD83,,226.0,-45.0,100.28,2002.0,0,,475600,
gov:nb:SPR2001-01,gov:nb,SPR2001-01,,Yes,New Brunswick,46.02904961913535,-67.08476843931146,,,,,NAD83,,191.0,-60.0,124.05,2002.0,0,,475592,
gov:nb:SPR2001-02,gov:nb,SPR2001-02,,Yes,New Brunswick,46.02938506167184,-67.08602496795643,,,,,NAD83,,180.0,-56.0,136.24,2002.0,0,,475592,
gov:nb:SPR2001-03,gov:nb,SPR2001-03,,Yes,New Brunswick,46.028893374021195,-67.08365590807396,,,,,NAD83,,191.0,-60.0,173.73,2002.0,0,,475592,
gov:nb:67-1,gov:nb,67-1,,Yes,New Brunswick,45.13829140238428,-66.62511814064558,,,,,NAD83,,337.0,-45.0,72.2376,1967.0,0,,470027,
gov:nb:RT-3,gov:nb,RT-3,,Yes,New Brunswick,47.63306036925758,-66.07110354628422,,,,,NAD83,,180.0,-49.0,61.57,1965.0,0,,475320,
gov:nb:RT-4,gov:nb,RT-4,,Yes,New Brunswick,47.63361012981118,-66.0714051337544,,,,,NAD83,,180.0,-65.0,105.77,1965.0,0,,475320,
gov:nb:RT-5,gov:nb,RT-5,,Yes,New Brunswick,47.63306304093282,-66.06940033362548,,,,,NAD83,,180.0,-50.0,67.67,1965.0,0,,475320,
gov:nb:RT-6,gov:nb,RT-6,,Yes,New Brunswick,47.633620661893886,-66.06939579411554,,,,,NAD83,,180.0,-65.0,139.6,1965.0,0,,475320,
gov:nb:RT-7,gov:nb,RT-7,,Yes,New Brunswick,47.63362407312585,-66.07031390249377,,,,,NAD83,,180.0,-65.0,167.64000000000001,1965.0,0,,475320,
gov:nb:RT-8,gov:nb,RT-8,,Yes,New Brunswick,47.63306640272846,-66.07030512654607,,,,,NAD83,,180.0,-50.0,76.2,1965.0,0,,475320,
gov:nb:RT-9,gov:nb,RT-9,,Yes,New Brunswick,47.63334407695259,-66.06999682704635,,,,,NAD83,,180.0,-60.0,106.68,1965.0,0,,475320,
gov:nb:RT-10,gov:nb,RT-10,,Yes,New Brunswick,47.633069013074156,-66.06858860791682,,,,,NAD83,,180.0,-57.0,145.69,1965.0,0,,471713,
gov:nb:RT-11,gov:nb,RT-11,,Yes,New Brunswick,47.633626633988385,-66.06858405984877,,,,,NAD83,,180.0,-65.0,210.0,1965.0,0,,471713,
gov:nb:RT-12,gov:nb,RT-12,,Yes,New Brunswick,47.63417749068467,-66.06917835756896,,,,,NAD83,,180.0,-70.0,147.22,1965.0,0,,471713,
gov:nb:RT-13,gov:nb,RT-13,,Yes,New Brunswick,47.634180557744244,-66.07000333317764,,,,,NAD83,,180.0,-70.0,242.32,1965.0,0,,471713,
gov:nb:EG-99-1,gov:nb,EG-99-1,,Yes,New Brunswick,47.33543421595996,-66.35573379361796,,,,,NAD83,,150.0,-87.5,2235.7000000000003,1999.0,0,,475325,
gov:nb:RT-14,gov:nb,RT-14,,Yes,New Brunswick,47.633891991509664,-66.07222784584046,,,,,NAD83,,180.0,-83.0,198.12,1978.0,0,,475320,
gov:nb:LB00-11,gov:nb,LB00-11,,Yes,New Brunswick,46.94631503489924,-67.05943838136233,,,,,NAD83,,40.0,-65.0,80.2,2000.0,0,,475419,
gov:nb:JOS-99-1,gov:nb,JOS-99-1,,Yes,New Brunswick,47.39437332771946,-66.04766131272821,,,,,NAD83,,,-45.0,150.0,1999.0,0,,475321,
gov:nb:NAP-99-1,gov:nb,NAP-99-1,,Yes,New Brunswick,47.39741462605386,-66.00619809107484,,,,,NAD83,,,-40.0,117.0,1999.0,0,,475316,
gov:nb:SW-99-01,gov:nb,SW-99-01,,Yes,New Brunswick,47.21921670574565,-66.00934937700126,,,,,NAD83,,27.0,-45.0,235.91,1999.0,0,,475313,
gov:nb:SW-99-02,gov:nb,SW-99-02,,Yes,New Brunswick,47.21839625007437,-65.99846451452335,,,,,NAD83,,27.0,-45.0,75.59,1999.0,0,,475313,
gov:nb:SW-99-03,gov:nb,SW-99-03,,Yes,New Brunswick,47.21323418217686,-65.97848603173853,,,,,NAD83,,27.0,-45.0,231.34,1999.0,0,,475313,
gov:nb:LR-99-70,gov:nb,LR-99-70,,Yes,New Brunswick,47.49891891025629,-65.87406781268403,,,,,NAD83,,90.0,-50.0,19.2,1999.0,0,,475304,
gov:nb:LR-99-73,gov:nb,LR-99-73,,Yes,New Brunswick,47.499120091990726,-65.87301689616186,,,,,NAD83,,50.0,-90.0,10.36,1999.0,0,,475304,
gov:nb:LR-99-45,gov:nb,LR-99-45,,Yes,New Brunswick,47.44995633161123,-65.93061666268243,,,,,NAD83,,20.0,-50.0,13.11,1999.0,0,,475303,
gov:nb:LR-99-46,gov:nb,LR-99-46,,Yes,New Brunswick,47.44927954012662,-65.93383288620254,,,,,NAD83,,20.0,-50.0,10.06,1999.0,0,,475303,
gov:nb:LR-99-47,gov:nb,LR-99-47,,Yes,New Brunswick,47.45018649688846,-65.93536143910272,,,,,NAD83,,20.0,-50.0,15.540000000000001,1999.0,0,,475303,
gov:nb:LR-99-48,gov:nb,LR-99-48,,Yes,New Brunswick,47.45158637394046,-65.9365267808043,,,,,NAD83,,20.0,-50.0,19.2,1999.0,0,,475303,
gov:nb:LR-99-49,gov:nb,LR-99-49,,Yes,New Brunswick,47.45212940321422,-65.9427801843678,,,,,NAD83,,20.0,-50.0,10.06,1999.0,0,,475303,
gov:nb:LR-99-50,gov:nb,LR-99-50,,Yes,New Brunswick,47.44787109656668,-65.93276057608885,,,,,NAD83,,20.0,-50.0,16.15,1999.0,0,,475303,
gov:nb:LR-99-51,gov:nb,LR-99-51,,Yes,New Brunswick,47.44853335252926,-65.93207724779543,,,,,NAD83,,20.0,-50.0,16.15,1999.0,0,,475303,
gov:nb:NB 97-1,gov:nb,NB 97-1,,Yes,New Brunswick,47.36760976244197,-65.92188482058306,,,,,NAD83,,67.0,-45.0,104.54,1997.0,0,,475302,
gov:nb:NB 97-2,gov:nb,NB 97-2,,Yes,New Brunswick,47.366094352948366,-65.92644241897236,,,,,NAD83,,67.0,-45.0,114.0,1997.0,0,,475302,
gov:nb:NB 97-3,gov:nb,NB 97-3,,Yes,New Brunswick,47.36697778878704,-65.92683010111655,,,,,NAD83,,67.0,-45.0,100.60000000000001,1997.0,0,,475302,
gov:nb:NB 97-4,gov:nb,NB 97-4,,Yes,New Brunswick,47.36813360278299,-65.9295451122497,,,,,NAD83,,67.0,-45.0,104.85000000000001,1997.0,0,,475302,
gov:nb:NB 97-5,gov:nb,NB 97-5,,Yes,New Brunswick,47.3664106724081,-65.92855734953342,,,,,NAD83,,67.0,-45.0,330.40000000000003,1997.0,0,,475302,
gov:nb:NB 97-6,gov:nb,NB 97-6,,Yes,New Brunswick,47.36755764715326,-65.93131218304687,,,,,NAD83,,67.0,-47.0,440.13,1997.0,0,,475302,
gov:nb:LS-99-1,gov:nb,LS-99-1,,Yes,New Brunswick,46.98764513776307,-65.9996567379301,,,,,NAD83,,,-45.0,94.0,1999.0,0,,475286,
gov:nb:LS-99-2,gov:nb,LS-99-2,,Yes,New Brunswick,46.987582054470955,-65.99963103178399,,,,,NAD83,,,-45.0,104.4,1999.0,0,,475286,
gov:nb:GIS-99-1,gov:nb,GIS-99-1,,Yes,New Brunswick,47.21096410408505,-66.1637185280666,,,,,NAD83,,12.0,-45.0,224.0,1999.0,0,,475285,
gov:nb:CG-99-1,gov:nb,CG-99-1,,Yes,New Brunswick,47.39079042134124,-66.04691026118378,,,,,NAD83,,13.0,-50.0,260.0,1999.0,0,,475281,
gov:nb:TB-99-01,gov:nb,TB-99-01,,Yes,New Brunswick,47.109389315427435,-65.91827968799757,,,,,NAD83,,106.0,-45.0,202.39000000000001,1999.0,0,,475278,
gov:nb:TB-99-02,gov:nb,TB-99-02,,Yes,New Brunswick,47.10820294180916,-65.9220608346175,,,,,NAD83,,69.0,-45.0,156.67000000000002,1999.0,0,,475278,
gov:nb:TB-99-03,gov:nb,TB-99-03,,Yes,New Brunswick,47.10777063235887,-65.92375198211037,,,,,NAD83,,90.0,-45.0,150.57,1999.0,0,,475278,
gov:nb:TB-99-04,gov:nb,TB-99-04,,Yes,New Brunswick,47.12894723579614,-65.9167758202167,,,,,NAD83,,69.0,-45.0,199.34,1999.0,0,,475278,
gov:nb:TB-99-05,gov:nb,TB-99-05,,Yes,New Brunswick,47.134587946351466,-65.91509304258116,,,,,NAD83,,249.0,-45.0,202.39000000000001,1999.0,0,,475278,
gov:nb:TB-99-06,gov:nb,TB-99-06,,Yes,New Brunswick,47.12905350772657,-65.91644514081554,,,,,NAD83,,249.0,-45.0,150.57,1999.0,0,,475278,
gov:nb:LP99-1,gov:nb,LP99-1,,Yes,New Brunswick,47.15654689985165,-66.22300848809584,,,,,NAD83,,90.0,-70.0,413.6,1999.0,0,,475274,
gov:nb:ORB-95-2,gov:nb,ORB-95-2,,Yes,New Brunswick,47.63186567483071,-66.12601322865116,,,,,NAD83,,170.0,-76.0,541.02,1995.0,0,,475267,
gov:nb:ORB-95-3,gov:nb,ORB-95-3,,Yes,New Brunswick,47.633336590946165,-66.11922996140652,,,,,NAD83,,177.0,-73.0,486.16,1995.0,0,,475267,
gov:nb:ORB-95-4,gov:nb,ORB-95-4,,Yes,New Brunswick,47.63127356564813,-66.12927731170753,,,,,NAD83,,170.0,-71.0,457.5,1995.0,0,,475267,
gov:nb:ORB-95-5,gov:nb,ORB-95-5,,Yes,New Brunswick,47.63348394634369,-66.12028009524317,,,,,NAD83,,177.0,-72.0,574.5500000000001,1995.0,0,,475267,
gov:nb:ORB-95-6,gov:nb,ORB-95-6,,Yes,New Brunswick,47.63365620793087,-66.11796356160563,,,,,NAD83,,175.0,-73.0,498.35,1995.0,0,,475267,
gov:nb:ORB-95-7,gov:nb,ORB-95-7,,Yes,New Brunswick,47.634443715324984,-66.11676028824422,,,,,NAD83,,177.0,-71.0,571.5,1995.0,0,,475267,
gov:nb:ORB-96-8,gov:nb,ORB-96-8,,Yes,New Brunswick,47.63257513498445,-66.11742582233605,,,,,NAD83,,173.0,-73.0,275.8,1996.0,0,,475267,
gov:nb:ORB-96-9,gov:nb,ORB-96-9,,Yes,New Brunswick,47.63331737478081,-66.12159860666159,,,,,NAD83,,173.0,-69.0,559.3100000000001,1996.0,0,,475267,
gov:nb:ORB-96-10,gov:nb,ORB-96-10,,Yes,New Brunswick,47.634352335684284,-66.11904966494242,,,,,NAD83,,165.0,-70.0,156.97,1996.0,0,,475267,
gov:nb:ORB-96-10A,gov:nb,ORB-96-10A,,Yes,New Brunswick,47.634352291899205,-66.1190363587781,,,,,NAD83,,173.0,-71.0,654.63,1996.0,0,,475267,
gov:nb:ORB-96-11,gov:nb,ORB-96-11,,Yes,New Brunswick,47.633675614756605,-66.11567473603309,,,,,NAD83,,173.0,-66.0,394.72,1996.0,0,,475267,
gov:nb:ORB-96-12,gov:nb,ORB-96-12,,Yes,New Brunswick,47.63481952050409,-66.11617207494547,,,,,NAD83,,172.0,-63.0,538.0,1996.0,0,,475267,
gov:nb:ORB-96-13,gov:nb,ORB-96-13,,Yes,New Brunswick,47.63477777930824,-66.10641864710134,,,,,NAD83,,170.0,-70.0,446.53000000000003,1996.0,0,,475267,
gov:nb:ORB-96-14,gov:nb,ORB-96-14,,Yes,New Brunswick,47.63433469434196,-66.11103929276995,,,,,NAD83,,170.0,-70.0,336.8,1996.0,0,,475267,
gov:nb:ORB-96-15,gov:nb,ORB-96-15,,Yes,New Brunswick,47.63466269108399,-66.10169567294982,,,,,NAD83,,170.0,-70.0,197.51,1996.0,0,,475267,
gov:nb:ORB-96-16,gov:nb,ORB-96-16,,Yes,New Brunswick,47.63032764023669,-66.13161239679566,,,,,NAD83,,170.0,-70.0,376.43,1996.0,0,,475267,
gov:nb:ORB-96-17,gov:nb,ORB-96-17,,Yes,New Brunswick,47.63206024019843,-66.1194786554722,,,,,NAD83,,171.0,-60.0,227.0,1996.0,0,,475267,
gov:nb:ORB-96-18,gov:nb,ORB-96-18,,Yes,New Brunswick,47.63213772581499,-66.11842693017265,,,,,NAD83,,170.0,-48.0,157.0,1996.0,0,,475267,
gov:nb:ORB-96-19,gov:nb,ORB-96-19,,Yes,New Brunswick,47.63179321802529,-66.12033214982556,,,,,NAD83,,170.0,-46.0,147.0,1996.0,0,,475267,
gov:nb:ORB-96-20,gov:nb,ORB-96-20,,Yes,New Brunswick,47.63423462511538,-66.12155212523172,,,,,NAD83,,178.0,-76.0,95.0,1996.0,0,,475267,
gov:nb:ORB-96-20A,gov:nb,ORB-96-20A,,Yes,New Brunswick,47.63424366253935,-66.12156536702021,,,,,NAD83,,180.0,-78.0,288.0,1996.0,0,,475267,
gov:nb:ORB-96-21,gov:nb,ORB-96-21,,Yes,New Brunswick,47.632407840295656,-66.12401349723363,,,,,NAD83,,174.0,-73.0,694.5,1996.0,0,,475267,
gov:nb:FMS-98-1,gov:nb,FMS-98-1,,Yes,New Brunswick,47.53894229874442,-66.22782835979463,,,,,NAD83,,344.0,-45.0,311.0,1998.0,0,,475266,
gov:nb:FMS-98-2,gov:nb,FMS-98-2,,Yes,New Brunswick,47.538670041738605,-66.23452409513074,,,,,NAD83,,340.0,-45.0,203.0,1998.0,0,,475266,
gov:nb:F4-97-1,gov:nb,F4-97-1,,Yes,New Brunswick,47.50840783618212,-66.2443262884807,,,,,NAD83,,342.0,-45.5,200.0,1997.0,0,,475266,
gov:nb:F4-97-2,gov:nb,F4-97-2,,Yes,New Brunswick,47.50889094402618,-66.24315576485456,,,,,NAD83,,342.0,-45.0,296.0,1997.0,0,,475266,
gov:nb:F4-98-3,gov:nb,F4-98-3,,Yes,New Brunswick,47.5096772989034,-66.2531747011782,,,,,NAD83,,8.0,-60.0,270.05,1998.0,0,,475266,
gov:nb:ILN-98-15,gov:nb,ILN-98-15,,Yes,New Brunswick,47.50347223436992,-66.26671607805326,,,,,NAD83,,342.0,-55.0,469.0,1998.0,0,,475266,
gov:nb:ILN-98-16,gov:nb,ILN-98-16,,Yes,New Brunswick,47.50573145755439,-66.2630823025795,,,,,NAD83,,340.0,-45.0,243.20000000000002,1998.0,0,,475266,
gov:nb:ILN-98-17,gov:nb,ILN-98-17,,Yes,New Brunswick,47.507155449025845,-66.26448304557584,,,,,NAD83,,340.0,-45.0,239.0,1998.0,0,,475266,
gov:nb:CBE-98-18,gov:nb,CBE-98-18,,Yes,New Brunswick,47.48716149284084,-66.26490345930159,,,,,NAD83,,120.0,-45.0,254.20000000000002,1998.0,0,,475266,
gov:nb:CBE-98-19,gov:nb,CBE-98-19,,Yes,New Brunswick,47.486551808372305,-66.26586155274912,,,,,NAD83,,135.0,-48.0,217.63,1998.0,0,,475266,
gov:nb:CBE-98-20,gov:nb,CBE-98-20,,Yes,New Brunswick,47.51653881857673,-66.304205599312,,,,,NAD83,,282.0,-45.0,126.19,1998.0,0,,475266,
gov:nb:TOMO-99-1,gov:nb,TOMO-99-1,,Yes,New Brunswick,47.21932640385391,-65.90297056205105,,,,,NAD83,,110.0,-45.0,44.81,1999.0,0,,475258,
gov:nb:TOMO-99-2,gov:nb,TOMO-99-2,,Yes,New Brunswick,47.218829970302515,-65.90787443956565,,,,,NAD83,,260.0,-45.0,25.3,1999.0,0,,475258,
gov:nb:TOMO-99-3,gov:nb,TOMO-99-3,,Yes,New Brunswick,47.218752405982784,-65.90853545029374,,,,,NAD83,,120.0,-45.0,32.0,1999.0,0,,475258,
gov:nb:TOMO-99-4,gov:nb,TOMO-99-4,,Yes,New Brunswick,47.21833939228762,-65.89998450832306,,,,,NAD83,,270.0,-45.0,7.92,1999.0,0,,475258,
gov:nb:SAB-99-01,gov:nb,SAB-99-01,,Yes,New Brunswick,47.37523539011106,-65.90727580866188,,,,,NAD83,,220.0,-45.0,40.84,1999.0,0,,475253,
gov:nb:SAB-99-02,gov:nb,SAB-99-02,,Yes,New Brunswick,47.37648375742647,-65.90865233961522,,,,,NAD83,,220.0,-45.0,20.42,1999.0,0,,475253,
gov:nb:SAB-99-03,gov:nb,SAB-99-03,,Yes,New Brunswick,47.375532174072376,-65.90902043424425,,,,,NAD83,,210.0,-45.0,20.73,1999.0,0,,475253,
gov:nb:SAB-99-04,gov:nb,SAB-99-04,,Yes,New Brunswick,47.37768280680984,-65.91094320748736,,,,,NAD83,,210.0,-45.0,10.67,1999.0,0,,475253,
gov:nb:SAB-99-05,gov:nb,SAB-99-05,,Yes,New Brunswick,47.37441260699426,-65.90645074283167,,,,,NAD83,,220.0,-45.0,11.28,1999.0,0,,475253,
gov:nb:SAB-99-06,gov:nb,SAB-99-06,,Yes,New Brunswick,47.37425513624303,-65.90556531273151,,,,,NAD83,,220.0,-45.0,15.85,1999.0,0,,475253,
gov:nb:SAB-99-07,gov:nb,SAB-99-07,,Yes,New Brunswick,47.388427989530165,-65.92989725725546,,,,,NAD83,,70.0,-45.0,35.6,1999.0,0,,475253,
gov:nb:SAB-99-08,gov:nb,SAB-99-08,,Yes,New Brunswick,47.38833483861598,-65.92924924725116,,,,,NAD83,,70.0,-45.0,19.51,1999.0,0,,475253,
gov:nb:SAB-99-10,gov:nb,SAB-99-10,,Yes,New Brunswick,47.39243028088958,-65.92798670826468,,,,,NAD83,,40.0,-45.0,15.21,1999.0,0,,475253,
gov:nb:SAB-99-11,gov:nb,SAB-99-11,,Yes,New Brunswick,47.39204896837687,-65.92727552229822,,,,,NAD83,,40.0,-45.0,12.19,1999.0,0,,475253,
gov:nb:SAB-99-12,gov:nb,SAB-99-12,,Yes,New Brunswick,47.38717834569328,-65.93368539189612,,,,,NAD83,,90.0,-45.0,21.35,1999.0,0,,475253,
gov:nb:B366-96-1,gov:nb,B366-96-1,,Yes,New Brunswick,47.39776364208152,-65.85934751648078,,,,,NAD83,,92.0,-45.0,223.0,1996.0,0,,475253,
gov:nb:B367-96-2,gov:nb,B367-96-2,,Yes,New Brunswick,47.398506539732644,-65.86030565295961,,,,,NAD83,,92.0,-51.0,121.0,1996.0,0,,475253,
gov:nb:73-001,gov:nb,73-001,,Yes,New Brunswick,45.85101175846712,-67.03428509856775,,,,,NAD83,,,-90.0,97.62743999999999,1974.0,0,,470194,
gov:nb:RF-1,gov:nb,RF-1,,Yes,New Brunswick,45.76807252320387,-66.59703876589457,,,,,NAD83,,151.0,-89.0,238.1,1980.0,0,,472593,
gov:nb:RF-2,gov:nb,RF-2,,Yes,New Brunswick,45.81913215278623,-66.64121429900003,,,,,NAD83,,356.0,89.25,300.0,1980.0,0,,472593,
gov:nb:RF-3,gov:nb,RF-3,,Yes,New Brunswick,45.82358827600825,-66.59583596229083,,,,,NAD83,,,-89.0,313.03000000000003,1980.0,0,,472593,
gov:nb:RF-4,gov:nb,RF-4,,Yes,New Brunswick,45.8590375828706,-66.57267920370214,,,,,NAD83,,,-89.0,302.54,1980.0,0,,472593,
gov:nb:RW-1,gov:nb,RW-1,,Yes,New Brunswick,45.76805910688629,-66.60207842994123,,,,,NAD83,,,,44.2,1980.0,0,,472593,
gov:nb:RW-2,gov:nb,RW-2,,Yes,New Brunswick,45.78152957655413,-66.6353963104757,,,,,NAD83,,,,13.72,1980.0,0,,472593,
gov:nb:RW-3,gov:nb,RW-3,,Yes,New Brunswick,45.834129029722355,-66.62767285633282,,,,,NAD83,,,,38.1,1980.0,0,,472593,
gov:nb:RW-4,gov:nb,RW-4,,Yes,New Brunswick,45.8590375828706,-66.57267920370214,,,,,NAD83,,,,25.91,1980.0,0,,472593,
gov:nb:RW-5,gov:nb,RW-5,,Yes,New Brunswick,45.826635608292804,-66.62633002653776,,,,,NAD83,,,,13.72,1980.0,0,,472593,
gov:nb:RW-8,gov:nb,RW-8,,Yes,New Brunswick,45.83084520717555,-66.58978630401299,,,,,NAD83,,,,25.91,1980.0,0,,472593,
gov:nb:RW-9,gov:nb,RW-9,,Yes,New Brunswick,45.7938830768023,-66.64283510252827,,,,,NAD83,,,,32.0,1980.0,0,,472593,
gov:nb:UP01-1,gov:nb,UP01-1,,Yes,New Brunswick,47.505844766312364,-66.42947355809126,,,,,NAD83,,335.0,-45.0,120.09,2001.0,0,,475530,
gov:nb:GR-01-21,gov:nb,GR-01-21,,Yes,New Brunswick,47.43550754240273,-65.85796491914132,,,,,NAD83,,360.0,-45.0,191.0,2001.0,0,,475529,
gov:nb:LR01-02,gov:nb,LR01-02,,Yes,New Brunswick,47.45169906987364,-65.93382037741723,,,,,NAD83,,42.0,-45.0,154.3,2001.0,0,,475529,
gov:nb:CP01-9,gov:nb,CP01-9,,Yes,New Brunswick,47.409585791381,-66.36141591981527,,,,,NAD83,,270.0,-45.0,390.14,2001.0,0,,475527,
gov:nb:CP01-10,gov:nb,CP01-10,,Yes,New Brunswick,47.41389135363386,-66.36657268363848,,,,,NAD83,,270.0,-45.0,376.12,2001.0,0,,475527,
gov:nb:CP01-11,gov:nb,CP01-11,,Yes,New Brunswick,47.41474500721342,-66.36584171432982,,,,,NAD83,,270.0,-60.0,431.29,2001.0,0,,475527,
gov:nb:FT01-3,gov:nb,FT01-3,,Yes,New Brunswick,47.41944431994959,-66.32816595457216,,,,,NAD83,,270.0,-45.0,138.1,2001.0,0,,475527,
gov:nb:FT01-4,gov:nb,FT01-4,,Yes,New Brunswick,47.42118924942668,-66.32813381283525,,,,,NAD83,,90.0,-45.0,132.0,2001.0,0,,475527,
gov:nb:FE01-02,gov:nb,FE01-02,,Yes,New Brunswick,47.42747513879321,-65.81112640470641,,,,,NAD83,,88.0,-66.0,784.86,2001.0,0,,475526,
gov:nb:CBE01-21,gov:nb,CBE01-21,,Yes,New Brunswick,47.488709592001776,-66.26541413227716,,,,,NAD83,,126.0,-50.0,296.57,2001.0,0,,475525,
gov:nb:KA-01-01,gov:nb,KA-01-01,,Yes,New Brunswick,47.43494100789797,-65.7034243324262,,,,,NAD83,,55.0,-50.0,725.69,2001.0,0,,475571,
gov:nb:KA-01-02A,gov:nb,KA-01-02A,,Yes,New Brunswick,47.434941099305554,-65.70343758789711,,,,,NAD83,,55.0,-62.0,73.13,2001.0,0,,475571,
gov:nb:KA-01-02B,gov:nb,KA-01-02B,,Yes,New Brunswick,47.434932196704516,-65.70345097808227,,,,,NAD83,,55.0,-62.0,213.3,2001.0,0,,475571,
gov:nb:KA-01-02C,gov:nb,KA-01-02C,,Yes,New Brunswick,47.43492320269737,-65.7034511127964,,,,,NAD83,,55.0,-62.0,182.9,2001.0,0,,475571,
gov:nb:KA-01-02D,gov:nb,KA-01-02D,,Yes,New Brunswick,47.43491439149766,-65.70347775843913,,,,,NAD83,,55.0,-62.0,91.44,2001.0,0,,475571,
gov:nb:KA-01-02,gov:nb,KA-01-02,,Yes,New Brunswick,47.43491439149766,-65.70347775843913,,,,,NAD83,,62.0,-59.0,768.1,2001.0,0,,475571,
gov:nb:KA-01-03,gov:nb,KA-01-03,,Yes,New Brunswick,47.43491439149766,-65.70347775843913,,,,,NAD83,,59.0,-57.0,832.21,2001.0,0,,475571,
gov:nb:KA-01-04,gov:nb,KA-01-04,,Yes,New Brunswick,47.43489649488455,-65.70349128331807,,,,,NAD83,,59.0,-65.0,405.40000000000003,2001.0,0,,475571,
gov:nb:KA-01-04A,gov:nb,KA-01-04A,,Yes,New Brunswick,47.43489649488455,-65.70349128331807,,,,,NAD83,,59.0,-65.0,415.14,2001.0,0,,475571,
gov:nb:KA-01-05,gov:nb,KA-01-05,,Yes,New Brunswick,47.43336699377345,-65.70213551989958,,,,,NAD83,,58.0,-63.0,749.8100000000001,2001.0,0,,475571,
gov:nb:KA-01-06,gov:nb,KA-01-06,,Yes,New Brunswick,47.43401041874285,-65.70282846717375,,,,,NAD83,,56.0,-67.0,851.0,2001.0,0,,475571,
gov:nb:KA-01-07A,gov:nb,KA-01-07A,,Yes,New Brunswick,47.43567463896828,-65.70415573665387,,,,,NAD83,,55.0,-57.0,33.53,2001.0,0,,475571,
gov:nb:KA-01-07,gov:nb,KA-01-07,,Yes,New Brunswick,47.43566582760891,-65.70418238255826,,,,,NAD83,,55.0,-65.0,803.45,2001.0,0,,475571,
gov:nb:KA-01-08,gov:nb,KA-01-08,,Yes,New Brunswick,47.43611439616515,-65.70140492892898,,,,,NAD83,,50.0,-54.0,481.58,2001.0,0,,475571,
gov:nb:KA-01-09,gov:nb,KA-01-09,,Yes,New Brunswick,47.445184482460796,-65.68511873899168,,,,,NAD83,,61.0,-60.0,518.16,2001.0,0,,475571,
gov:nb:KA-01-10,gov:nb,KA-01-10,,Yes,New Brunswick,47.446358627876755,-65.69092175132448,,,,,NAD83,,61.0,-66.0,894.89,2001.0,0,,475571,
gov:nb:KA-01-11,gov:nb,KA-01-11,,Yes,New Brunswick,47.44265625881878,-65.69014278842755,,,,,NAD83,,61.0,-74.5,1179.58,2001.0,0,,475571,
gov:nb:KA-01-12,gov:nb,KA-01-12,,Yes,New Brunswick,47.44065724330651,-65.68855572538764,,,,,NAD83,,61.0,-74.0,1066.8,2001.0,0,,475571,
gov:nb:KA-01-13,gov:nb,KA-01-13,,Yes,New Brunswick,47.43158176102539,-65.70282510159008,,,,,NAD83,,68.0,-77.0,99.54,2001.0,0,,475571,
gov:nb:KA-01-13A,gov:nb,KA-01-13A,,Yes,New Brunswick,47.43158176102539,-65.70282510159008,,,,,NAD83,,72.0,-77.0,858.0,2001.0,0,,475571,
gov:nb:KA92-3A,gov:nb,KA92-3A,,Yes,New Brunswick,47.43582743506741,-65.6924739748492,,,,,NAD83,,243.0,-69.0,1036.53,1992.0,0,,475571,
gov:nb:KA92-3B,gov:nb,KA92-3B,,Yes,New Brunswick,47.43582743506741,-65.6924739748492,,,,,NAD83,,243.0,-69.0,1322.83,1992.0,0,,475571,
gov:nb:KA-01-14,gov:nb,KA-01-14,,Yes,New Brunswick,47.440963645174925,-65.68735779733369,,,,,NAD83,,61.0,-60.0,749.8100000000001,2001.0,0,,475571,
gov:nb:KA-01-15,gov:nb,KA-01-15,,Yes,New Brunswick,47.438855061906104,-65.69066470603043,,,,,NAD83,,61.0,-76.0,124.97,2001.0,0,,475571,
gov:nb:KA-01-15B,gov:nb,KA-01-15B,,Yes,New Brunswick,47.438855340525265,-65.69070447527493,,,,,NAD83,,61.0,-80.0,1426.46,2001.0,0,,475571,
gov:nb:KA-01-16,gov:nb,KA-01-16,,Yes,New Brunswick,47.44516131715123,-65.69335318290044,,,,,NAD83,,61.0,-78.0,1290.17,2001.0,0,,475571,
gov:nb:KAN-01-01,gov:nb,KAN-01-01,,Yes,New Brunswick,47.37152648930704,-65.82483941937265,,,,,NAD83,,241.0,-50.0,198.12,2001.0,0,,475571,
gov:nb:DDH-M1,gov:nb,DDH-M1,,1,New Brunswick,47.64619901576224,-65.94946775201143,,,,,NAD83,,190.0,-45.0,41.0,2001.0,0,,475551,
gov:nb:DDH-M4,gov:nb,DDH-M4,,1,New Brunswick,47.6461517680583,-65.94898910028566,,,,,NAD83,,10.0,-45.0,38.0,2001.0,0,,475551,
gov:nb:F01-1,gov:nb,F01-1,,No,New Brunswick,47.50646888007876,-66.50242836110063,,,,,NAD83,,160.0,-65.0,141.54,2001.0,0,,475531,
gov:nb:F01-2,gov:nb,F01-2,,No,New Brunswick,47.50766512665691,-66.50314524499603,,,,,NAD83,,160.0,-65.0,208.79,2001.0,0,,475531,
gov:nb:GR-01-22,gov:nb,GR-01-22,,No,New Brunswick,47.43999230015923,-65.89049881599489,,,,,NAD83,,30.0,-45.0,86.4,2001.0,0,,475483,
gov:nb:GR-01-23,gov:nb,GR-01-23,,No,New Brunswick,47.43963303508051,-65.8855047238144,,,,,NAD83,,,-46.0,145.0,2001.0,0,,475483,
gov:nb:GR-01-24,gov:nb,GR-01-24,,No,New Brunswick,47.445727692925146,-65.87473396524528,,,,,NAD83,,340.0,-45.0,134.0,2001.0,0,,475483,
gov:nb:GR-01-25,gov:nb,GR-01-25,,No,New Brunswick,47.43782761022529,-65.88092526708441,,,,,NAD83,,,-45.0,346.0,2001.0,0,,475483,
gov:nb:GR-01-26,gov:nb,GR-01-26,,No,New Brunswick,47.44182366053075,-65.86642707614948,,,,,NAD83,,5.0,-43.0,185.0,2001.0,0,,475483,
gov:nb:GR99-01,gov:nb,GR99-01,,No,New Brunswick,47.445884705346494,-65.88218391159941,,,,,NAD83,,10.0,-61.0,38.7,1999.0,0,,475483,
gov:nb:GR99-02,gov:nb,GR99-02,,No,New Brunswick,47.44643148225286,-65.8801488461263,,,,,NAD83,,10.0,-45.0,41.47,1999.0,0,,475483,
gov:nb:GR99-03,gov:nb,GR99-03,,No,New Brunswick,47.445899366909096,-65.88324449470187,,,,,NAD83,,10.0,-45.0,10.290000000000001,1999.0,0,,475483,
gov:nb:GR99-04,gov:nb,GR99-04,,No,New Brunswick,47.44576367458392,-65.88310021559086,,,,,NAD83,,10.0,-58.0,37.800000000000004,1999.0,0,,475483,
gov:nb:GR99-05,gov:nb,GR99-05,,No,New Brunswick,47.44111591180094,-65.88357840256297,,,,,NAD83,,180.0,-45.0,7.92,1999.0,0,,475483,
gov:nb:GR99-06,gov:nb,GR99-06,,No,New Brunswick,47.44148177469136,-65.8830305701551,,,,,NAD83,,180.0,-45.0,9.450000000000001,1999.0,0,,475483,
gov:nb:GR99-07,gov:nb,GR99-07,,No,New Brunswick,47.44152445098821,-65.88767048889473,,,,,NAD83,,180.0,-45.0,8.23,1999.0,0,,475483,
gov:nb:NWM-00-01,gov:nb,NWM-00-01,,Yes,New Brunswick,47.25642725235635,-66.27046445296905,,,,,NAD83,,40.0,-50.0,62.4,2000.0,0,,475445,
gov:nb:GR99-08,gov:nb,GR99-08,,No,New Brunswick,47.44051355594164,-65.8853221932055,,,,,NAD83,,,-45.0,11.28,1999.0,0,,475483,
gov:nb:GR99-09,gov:nb,GR99-09,,No,New Brunswick,47.43964968349531,-65.88525263212007,,,,,NAD83,,,-45.0,13.72,1999.0,0,,475483,
gov:nb:NWM-00-02,gov:nb,NWM-00-02,,Yes,New Brunswick,47.26255850825205,-66.28743091538442,,,,,NAD83,,30.0,-50.0,107.0,2000.0,0,,475445,
gov:nb:DE01-2,gov:nb,DE01-2,,Yes,New Brunswick,47.44837502015155,-66.41129105684627,,,,,NAD83,,270.0,-45.0,193.24,2001.0,0,,475446,
gov:nb:LR01-01,gov:nb,LR01-01,,No,New Brunswick,47.45117082915578,-65.92340309328699,,,,,NAD83,,47.0,-45.0,209.0,2001.0,0,,475482,
gov:nb:LR01-03,gov:nb,LR01-03,,No,New Brunswick,47.457298766544575,-65.90964998589507,,,,,NAD83,,39.0,-45.0,227.0,2001.0,0,,475482,
gov:nb:LR01-04,gov:nb,LR01-04,,No,New Brunswick,47.462219305254266,-65.92039178699284,,,,,NAD83,,67.0,-55.0,290.0,2001.0,0,,475482,
gov:nb:LR01-05,gov:nb,LR01-05,,No,New Brunswick,47.46698275070038,-65.93231780429365,,,,,NAD83,,130.0,-45.0,236.3,2001.0,0,,475482,
gov:nb:6013-01-01,gov:nb,6013-01-01,,Yes,New Brunswick,47.60009105564946,-66.08688930912882,,,,,NAD83,,285.0,-45.0,248.23000000000002,2001.0,0,,475447,
gov:nb:SMR-00-01,gov:nb,SMR-00-01,,Yes,New Brunswick,47.52000157426307,-66.07843107398641,,,,,NAD83,,116.0,-45.0,40.54,2000.0,0,,475471,
gov:nb:SMR-00-02,gov:nb,SMR-00-02,,Yes,New Brunswick,47.5248309577432,-66.0733466720095,,,,,NAD83,,116.0,-45.0,21.34,2000.0,0,,475471,
gov:nb:SMR-00-03,gov:nb,SMR-00-03,,Yes,New Brunswick,47.5248309577432,-66.0733466720095,,,,,NAD83,,296.0,-45.0,25.3,2000.0,0,,475471,
gov:nb:SMR-00-04,gov:nb,SMR-00-04,,Yes,New Brunswick,47.516429792303434,-66.08562898301213,,,,,NAD83,,116.0,-45.0,31.39,2000.0,0,,475471,
gov:nb:SMR-00-05,gov:nb,SMR-00-05,,Yes,New Brunswick,47.534045403422844,-66.06718970363664,,,,,NAD83,,116.0,-45.0,33.53,2000.0,0,,475471,
gov:nb:SMR-00-06,gov:nb,SMR-00-06,,Yes,New Brunswick,47.53376250263537,-66.06610294900575,,,,,NAD83,,116.0,-45.0,35.97,2000.0,0,,475471,
gov:nb:SMR-00-07,gov:nb,SMR-00-07,,Yes,New Brunswick,47.550707364972986,-66.0780806488878,,,,,NAD83,,116.0,-45.0,85.65,2000.0,0,,475471,
gov:nb:SMR-00-08,gov:nb,SMR-00-08,,Yes,New Brunswick,47.55019796369807,-66.07651702932249,,,,,NAD83,,116.0,-45.0,147.22,2000.0,0,,475471,
gov:nb:PBN01-5,gov:nb,PBN01-5,,No,New Brunswick,47.4561394136744,-66.44305323917823,,,,,NAD83,,215.0,-45.0,321.26,2001.0,0,,475476,
gov:nb:PBN01-6,gov:nb,PBN01-6,,No,New Brunswick,47.4549623025005,-66.44550786837728,,,,,NAD83,,215.0,-50.0,144.78,2001.0,0,,475476,
gov:nb:6004-01-01,gov:nb,6004-01-01,,No,New Brunswick,47.615035814136036,-66.14253306402347,,,,,NAD83,,158.0,-50.0,249.45000000000002,2001.0,0,,475439,
gov:nb:6007-01-01,gov:nb,6007-01-01,,No,New Brunswick,47.49876196013368,-66.54211244454808,,,,,NAD83,,,-90.0,343.43,2001.0,0,,475438,
gov:nb:6007-01-02,gov:nb,6007-01-02,,No,New Brunswick,47.501236063713215,-66.54037564358042,,,,,NAD83,,,-90.0,299.23,2001.0,0,,475438,
gov:nb:6005-01-01,gov:nb,6005-01-01,,Yes,New Brunswick,47.633563583273755,-66.07097970915659,,,,,NAD83,,180.0,-65.0,163.13,2001.0,0,,475437,
gov:nb:BS-98-3,gov:nb,BS-98-3,,Yes,New Brunswick,47.440163346436485,-65.57272622551457,,,,,NAD83,,,-55.0,752.25,2000.0,0,,475418,
gov:nb:BS-98-3a,gov:nb,BS-98-3a,,Yes,New Brunswick,47.44389522043885,-65.57259484329755,,,,,NAD83,,,-55.0,950.37,2000.0,0,,475418,
gov:nb:BS-98-4,gov:nb,BS-98-4,,Yes,New Brunswick,47.44113188003545,-65.57012392298778,,,,,NAD83,,,-56.0,830.58,2000.0,0,,475418,
gov:nb:BS-98-5,gov:nb,BS-98-5,,Yes,New Brunswick,47.44697023550122,-65.57580315473102,,,,,NAD83,,180.0,-56.0,784.86,2000.0,0,,475418,
gov:nb:LB00-05,gov:nb,LB00-05,,Yes,New Brunswick,46.946469685808694,-67.05908530833258,,,,,NAD83,,40.0,-52.0,113.7,2000.0,0,,475419,
gov:nb:BS-99-7,gov:nb,BS-99-7,,Yes,New Brunswick,47.44142100111785,-65.5658230809126,,,,,NAD83,,,-56.0,798.58,2000.0,0,,475418,
gov:nb:LB00-06,gov:nb,LB00-06,,Yes,New Brunswick,46.946055889198455,-67.0590810155887,,,,,NAD83,,40.0,-50.0,135.0,2000.0,0,,475419,
gov:nb:BS-98-6a,gov:nb,BS-98-6a,,Yes,New Brunswick,47.44594658289601,-65.58620330444083,,,,,NAD83,,,-56.0,760.78,2000.0,0,,475418,
gov:nb:LB00-07,gov:nb,LB00-07,,Yes,New Brunswick,46.94631503489924,-67.05943838136233,,,,,NAD83,,40.0,-52.0,132.0,2000.0,0,,475419,
gov:nb:LB00-08,gov:nb,LB00-08,,Yes,New Brunswick,46.94666075848252,-67.0567884409971,,,,,NAD83,,40.0,-52.0,100.3,2000.0,0,,475419,
gov:nb:LB00-09,gov:nb,LB00-09,,Yes,New Brunswick,46.94646680838874,-67.05967640914086,,,,,NAD83,,40.0,-52.0,95.7,2000.0,0,,475419,
gov:nb:LB00-10,gov:nb,LB00-10,,Yes,New Brunswick,46.946335199459845,-67.05899195972458,,,,,NAD83,,40.0,-52.0,105.2,2000.0,0,,475419,
gov:nb:BSE00-01,gov:nb,BSE00-01,,No,New Brunswick,47.359668825455685,-65.61549681325644,,,,,NAD83,,220.0,-57.5,733.65,2000.0,0,,475411,
gov:nb:LBM00-01,gov:nb,LBM00-01,,Yes,New Brunswick,47.33876550751775,-66.39146588355663,,,,,NAD83,,250.0,-50.0,75.0,2000.0,0,,475380,
gov:nb:LBM00-02,gov:nb,LBM00-02,,Yes,New Brunswick,47.34150910937452,-66.39161909764042,,,,,NAD83,,250.0,-45.0,75.53,2000.0,0,,475380,
gov:nb:LBM00-03,gov:nb,LBM00-03,,Yes,New Brunswick,47.334634346962304,-66.39863254150112,,,,,NAD83,,250.0,-45.0,77.0,2000.0,0,,475380,
gov:nb:LBM00-04,gov:nb,LBM00-04,,Yes,New Brunswick,47.32626389489239,-66.38365949262302,,,,,NAD83,,60.0,-45.0,91.0,2000.0,0,,475380,
gov:nb:LBM00--05,gov:nb,LBM00--05,,Yes,New Brunswick,47.32560579965029,-66.38221893659099,,,,,NAD83,,250.0,-45.0,43.44,2000.0,0,,475380,
gov:nb:HN00-129A,gov:nb,HN00-129A,,No,New Brunswick,47.32230972167441,-66.31708924496506,,,,,NAD83,,,,823.0,2000.0,0,,475395,
gov:nb:HN00-130,gov:nb,HN00-130,,No,New Brunswick,47.3238232750202,-66.31860537280454,,,,,NAD83,,,,991.0,2000.0,0,,475395,
gov:nb:HN99-119,gov:nb,HN99-119,,No,New Brunswick,47.3182318394974,-66.32670636182547,,,,,NAD83,,159.5,-84.0,1409.7,1999.0,0,,475386,
gov:nb:HN99-120,gov:nb,HN99-120,,No,New Brunswick,47.32059089330739,-66.32828606442234,,,,,NAD83,,159.5,-85.0,1571.5,1999.0,0,,475386,
gov:nb:BL2000-1,gov:nb,BL2000-1,,Yes,New Brunswick,47.138732966614405,-66.22555259822155,,,,,NAD83,,,,332.0,2000.0,0,,475383,
gov:nb:BL2000-2,gov:nb,BL2000-2,,Yes,New Brunswick,47.14150658376692,-66.22681723262515,,,,,NAD83,,,-90.0,560.0,2000.0,0,,475383,
gov:nb:LP-2-2000,gov:nb,LP-2-2000,,Yes,New Brunswick,47.154465508214194,-66.22532697762362,,,,,NAD83,,,-90.0,452.0,2000.0,0,,475383,
gov:nb:LP-3-2000,gov:nb,LP-3-2000,,Yes,New Brunswick,47.1547150463534,-66.22434985336149,,,,,NAD83,,,-90.0,407.0,2000.0,0,,475383,
gov:nb:HN99-121,gov:nb,HN99-121,,Yes,New Brunswick,47.30908060472555,-66.31870838758334,,,,,NAD83,,167.0,-77.0,1765.1000000000001,1999.0,0,,475386,
gov:nb:HN99-122,gov:nb,HN99-122,,Yes,New Brunswick,47.32206079609196,-66.32477580478194,,,,,NAD83,,159.5,-84.0,1167.38,1999.0,0,,475386,
gov:nb:HN99-124,gov:nb,HN99-124,,Yes,New Brunswick,47.31975001412596,-66.32539187477839,,,,,NAD83,,162.5,-84.0,120.4,1999.0,0,,475386,
gov:nb:HN99-124B,gov:nb,HN99-124B,,Yes,New Brunswick,47.31968744945798,-66.32565663595562,,,,,NAD83,,162.5,-84.0,698.7,1999.0,0,,475386,
gov:nb:HN99-125,gov:nb,HN99-125,,Yes,New Brunswick,47.31849917310918,-66.32503882522656,,,,,NAD83,,158.5,-82.0,1318.6000000000001,1999.0,0,,475386,
gov:nb:HN99-126A,gov:nb,HN99-126A,,Yes,New Brunswick,47.31903342253363,-66.32739159643108,,,,,NAD83,,162.0,-80.5,337.45,1999.0,0,,475386,
gov:nb:HN99-127,gov:nb,HN99-127,,Yes,New Brunswick,47.3175870862916,-66.32863964171422,,,,,NAD83,,159.5,-82.0,1300.9,1999.0,0,,475386,
gov:nb:HN99-128,gov:nb,HN99-128,,Yes,New Brunswick,47.32058650546422,-66.32536268095566,,,,,NAD83,,159.5,-82.0,1408.18,1999.0,0,,475386,
gov:nb:CL00-01,gov:nb,CL00-01,,Yes,New Brunswick,47.65567906303578,-66.16623287971028,,,,,NAD83,,44.0,-45.0,147.52,2000.0,0,,475374,
gov:nb:CL00-02,gov:nb,CL00-02,,Yes,New Brunswick,47.654096175563566,-66.16625618503423,,,,,NAD83,,33.0,-45.0,99.06,2000.0,0,,475374,
gov:nb:CL00-03,gov:nb,CL00-03,,Yes,New Brunswick,47.65582238965014,-66.16603229680524,,,,,NAD83,,224.5,-54.0,198.42000000000002,2000.0,0,,475374,
gov:nb:CL00-06,gov:nb,CL00-06,,Yes,New Brunswick,47.65675408134143,-66.15859825907798,,,,,NAD83,,213.0,-52.5,92.66,2000.0,0,,475374,
gov:nb:CL00-08,gov:nb,CL00-08,,Yes,New Brunswick,47.65545857962506,-66.16775181372682,,,,,NAD83,,213.0,-53.0,99.04,2000.0,0,,475374,
gov:nb:CL00-09,gov:nb,CL00-09,,Yes,New Brunswick,47.655287733786814,-66.16776619924563,,,,,NAD83,,44.5,-61.5,175.26,2000.0,0,,475374,
gov:nb:CL00-10,gov:nb,CL00-10,,Yes,New Brunswick,47.6560471601988,-66.16600425291132,,,,,NAD83,,224.0,-53.0,35.050000000000004,2000.0,0,,475374,
gov:nb:CL00-11,gov:nb,CL00-11,,Yes,New Brunswick,47.65583050014894,-66.16572607266536,,,,,NAD83,,224.0,-52.0,196.6,2001.0,0,,475374,
gov:nb:CL00-12,gov:nb,CL00-12,,Yes,New Brunswick,47.654502166216574,-66.16669290240344,,,,,NAD83,,235.0,-52.0,138.68,2000.0,0,,475374,
gov:nb:CL00-13,gov:nb,CL00-13,,Yes,New Brunswick,47.65532522684716,-66.165170174751,,,,,NAD83,,221.0,-45.0,65.53,2000.0,0,,475374,
gov:nb:CL00-14,gov:nb,CL00-14,,Yes,New Brunswick,47.65562801236415,-66.16412993535027,,,,,NAD83,,221.0,-50.0,141.73,2000.0,0,,475374,
gov:nb:CL00-15,gov:nb,CL00-15,,Yes,New Brunswick,47.656102581431504,-66.16650975621656,,,,,NAD83,,231.0,-50.0,196.6,2000.0,0,,475374,
gov:nb:MP-00-1,gov:nb,MP-00-1,,Yes,New Brunswick,47.478900165688444,-66.45296614326364,,,,,NAD83,,20.0,-45.0,208.79,2000.0,0,,475373,
gov:nb:SP-00-03,gov:nb,SP-00-03,,Yes,New Brunswick,47.224679583325674,-65.88097810520257,,,,,NAD83,,90.0,-45.0,17.0,2000.0,0,,475363,
gov:nb:SP-00-04,gov:nb,SP-00-04,,Yes,New Brunswick,47.2242180154393,-65.88213223086855,,,,,NAD83,,90.0,-45.0,20.0,2000.0,0,,475363,
gov:nb:SP-00-05,gov:nb,SP-00-05,,Yes,New Brunswick,47.224251223099074,-65.88329383621442,,,,,NAD83,,90.0,-45.0,20.0,2000.0,0,,475363,
gov:nb:SP-00-06,gov:nb,SP-00-06,,Yes,New Brunswick,47.22410353471141,-65.88427266333827,,,,,NAD83,,90.0,-45.0,20.0,2000.0,0,,475363,
gov:nb:SP-00-07,gov:nb,SP-00-07,,Yes,New Brunswick,47.223734345457395,-65.88588783664852,,,,,NAD83,,,,20.0,2000.0,0,,475363,
gov:nb:SP-00-08,gov:nb,SP-00-08,,Yes,New Brunswick,47.223923586126425,-65.88764184062143,,,,,NAD83,,90.0,-45.0,17.0,2000.0,0,,475363,
gov:nb:SP-00-10,gov:nb,SP-00-10,,Yes,New Brunswick,47.22305378458654,-65.88985688627224,,,,,NAD83,,90.0,-45.0,19.3,2000.0,0,,475363,
gov:nb:SP-00-12,gov:nb,SP-00-12,,Yes,New Brunswick,47.22000467466495,-65.89162130511068,,,,,NAD83,,90.0,45.0,20.0,2000.0,0,,475363,
gov:nb:SP-00-14,gov:nb,SP-00-14,,Yes,New Brunswick,47.218870776566696,-65.89494817444049,,,,,NAD83,,90.0,45.0,32.0,2000.0,0,,475363,
gov:nb:SP-00-16,gov:nb,SP-00-16,,Yes,New Brunswick,47.217176133639555,-65.89771349454486,,,,,NAD83,,90.0,45.0,20.0,2000.0,0,,475363,
gov:nb:SP-00-18,gov:nb,SP-00-18,,Yes,New Brunswick,47.21322185021013,-65.90014751311816,,,,,NAD83,,90.0,45.0,20.0,2000.0,0,,475363,
gov:nb:SP-00-19,gov:nb,SP-00-19,,Yes,New Brunswick,47.212638203019836,-65.90208148137107,,,,,NAD83,,90.0,45.0,20.0,2000.0,0,,475363,
gov:nb:SP-00-20,gov:nb,SP-00-20,,Yes,New Brunswick,47.213453576517004,-65.90493714691726,,,,,NAD83,,90.0,35.0,17.6,2000.0,0,,475363,
gov:nb:SP-00-21,gov:nb,SP-00-21,,Yes,New Brunswick,47.19919649301038,-65.90506926418422,,,,,NAD83,,90.0,45.0,25.5,2000.0,0,,475363,
gov:nb:SP-00-22,gov:nb,SP-00-22,,Yes,New Brunswick,47.19871157338788,-65.9034908817139,,,,,NAD83,,120.0,45.0,23.0,2000.0,0,,475363,
gov:nb:SP-00-23,gov:nb,SP-00-23,,Yes,New Brunswick,47.198111615477586,-65.90228335587652,,,,,NAD83,,90.0,45.0,32.0,2000.0,0,,475363,
gov:nb:DE00-1,gov:nb,DE00-1,,Yes,New Brunswick,47.429560805665574,-66.3752022316813,,,,,NAD83,,270.0,-50.0,167.94,2000.0,0,,475360,
gov:nb:KH-99-5,gov:nb,KH-99-5,,No,New Brunswick,47.44665122216863,-65.62256299416828,,,,,NAD83,,253.0,-55.0,456.90000000000003,1999.0,0,,475368,
gov:nb:KH-99-6,gov:nb,KH-99-6,,No,New Brunswick,47.44840070681238,-65.62078376142689,,,,,NAD83,,251.0,-54.0,635.0,1999.0,0,,475368,
gov:nb:RT-1,gov:nb,RT-1,,Yes,New Brunswick,47.633064455426236,-66.07220792603043,,,,,NAD83,,180.0,-50.0,60.96,1965.0,0,,475320,
gov:nb:RT-2,gov:nb,RT-2,,Yes,New Brunswick,47.63362998836137,-66.07191061305952,,,,,NAD83,,180.0,-65.0,122.22,1965.0,0,,475320,
gov:nb:POP97-1,gov:nb,POP97-1,,No,New Brunswick,47.75724302573024,-66.6360539782831,,,,,NAD83,,,-90.0,383.0,1997.0,0,,475179,
gov:nb:GD98-02,gov:nb,GD98-02,,Yes,New Brunswick,46.99823405417382,-67.10498660952378,,,,,NAD83,,70.0,-55.0,152.4,1998.0,0,,475153,
gov:nb:6006-98-6,gov:nb,6006-98-6,,Yes,New Brunswick,47.588085314777054,-66.05342669551433,,,,,NAD83,,285.0,-45.0,275.0,1998.0,0,,475155,
gov:nb:6006-98-7,gov:nb,6006-98-7,,Yes,New Brunswick,47.58475503773533,-66.05514311960074,,,,,NAD83,,285.0,-55.0,302.35,1998.0,0,,475155,
gov:nb:6006-98-8,gov:nb,6006-98-8,,Yes,New Brunswick,47.57920914931066,-66.05843310244825,,,,,NAD83,,285.0,-45.0,257.0,1998.0,0,,475155,
gov:nb:6006-98-9,gov:nb,6006-98-9,,Yes,New Brunswick,47.606003539532885,-66.06567056479884,,,,,NAD83,,285.0,-45.0,245.0,1998.0,0,,475155,
gov:nb:6006-98-10,gov:nb,6006-98-10,,Yes,New Brunswick,47.60170435061694,-66.04462802382973,,,,,NAD83,,263.0,-45.0,251.0,1998.0,0,,475155,
gov:nb:6011-98-05,gov:nb,6011-98-05,,Yes,New Brunswick,47.58086531280277,-66.08051237025747,,,,,NAD83,,105.0,-45.0,251.0,1998.0,0,,475164,
gov:nb:MO-3,gov:nb,MO-3,,Yes,New Brunswick,47.37906078593228,-66.03329063733287,,,,,NAD83,,158.0,-60.0,274.6248,1958.0,0,,470970,
gov:nb:MO-4,gov:nb,MO-4,,Yes,New Brunswick,47.37750509394325,-66.03339696429065,,,,,NAD83,,,-45.0,62.484,1958.0,0,,470970,
gov:nb:MO-5,gov:nb,MO-5,,Yes,New Brunswick,47.376929201153864,-66.03557372076884,,,,,NAD83,,,-45.0,78.3336,1958.0,0,,470970,
gov:nb:MO-6,gov:nb,MO-6,,Yes,New Brunswick,47.37552454942856,-66.03521519714856,,,,,NAD83,,,-45.0,84.73440000000001,1958.0,0,,470970,
gov:nb:MO-7,gov:nb,MO-7,,Yes,New Brunswick,47.37521247034934,-66.02923266292964,,,,,NAD83,,,-60.0,208.788,1958.0,0,,470970,
gov:nb:MO-8,gov:nb,MO-8,,Yes,New Brunswick,47.373034915220074,-66.03125132429051,,,,,NAD83,,,-49.0,107.59440000000001,1958.0,0,,470970,
gov:nb:NI-1,gov:nb,NI-1,,Yes,New Brunswick,47.37965107131228,-66.03023961567692,,,,,NAD83,,153.0,-50.0,150.2664,1957.0,0,,470972,
gov:nb:NI-2,gov:nb,NI-2,,Yes,New Brunswick,47.38012211880371,-66.02884495226131,,,,,NAD83,,154.0,-50.0,121.92,1957.0,0,,470972,
gov:nb:NI-3,gov:nb,NI-3,,Yes,New Brunswick,47.38062907350093,-66.02743670242657,,,,,NAD83,,155.0,-50.0,153.924,1957.0,0,,470972,
gov:nb:NI-4,gov:nb,NI-4,,Yes,New Brunswick,47.37867663479977,-66.02950662514668,,,,,NAD83,,335.0,-40.0,48.768,1957.0,0,,470972,
gov:nb:NI-5,gov:nb,NI-5,,Yes,New Brunswick,47.37467600207718,-66.02782055400154,,,,,NAD83,,159.0,-50.0,76.8096,1957.0,0,,470972,
gov:nb:NI-6,gov:nb,NI-6,,Yes,New Brunswick,47.37478057663461,-66.0269986469389,,,,,NAD83,,155.0,-50.0,106.9848,1957.0,0,,470972,
gov:nb:NI-7,gov:nb,NI-7,,Yes,New Brunswick,47.375000879216906,-66.02588439048579,,,,,NAD83,,155.0,-50.0,100.584,1957.0,0,,470972,
gov:nb:NI-8,gov:nb,NI-8,,Yes,New Brunswick,47.37506940706449,-66.0250495542355,,,,,NAD83,,156.0,-50.0,63.3984,1957.0,0,,470972,
gov:nb:NI-9,gov:nb,NI-9,,Yes,New Brunswick,47.38058947074022,-66.03095970722578,,,,,NAD83,,132.0,-65.0,222.50400000000002,1958.0,0,,470972,
gov:nb:NI-10,gov:nb,NI-10,,Yes,New Brunswick,47.37536290312236,-66.0242391899621,,,,,NAD83,,136.0,-45.0,82.6008,1958.0,0,,470972,
gov:nb:NI-11,gov:nb,NI-11,,Yes,New Brunswick,47.37551498516773,-66.02622410145646,,,,,NAD83,,137.0,-60.0,151.7904,1958.0,0,,470972,
gov:nb:NI-14,gov:nb,NI-14,,Yes,New Brunswick,47.379492398782894,-66.03103558218106,,,,,NAD83,,139.0,-49.0,121.92,1958.0,0,,470972,
gov:nb:NI-15,gov:nb,NI-15,,Yes,New Brunswick,47.375321825815824,-66.02737785165337,,,,,NAD83,,136.0,-60.0,165.2016,1958.0,0,,470972,
gov:nb:NI-16,gov:nb,NI-16,,Yes,New Brunswick,47.38020652583288,-66.02969175520772,,,,,NAD83,,136.0,-50.0,149.352,1958.0,0,,470972,
gov:nb:NI-17,gov:nb,NI-17,,Yes,New Brunswick,47.37916928590862,-66.02899905060646,,,,,NAD83,,133.0,-45.0,47.244,1958.0,0,,470972,
gov:nb:NI-18,gov:nb,NI-18,,Yes,New Brunswick,47.37643152050747,-66.02818901129851,,,,,NAD83,,155.0,-80.0,368.5032,1958.0,0,,471381,
gov:nb:NI-19,gov:nb,NI-19,,Yes,New Brunswick,47.38057787310558,-66.03253573274257,,,,,NAD83,,20.0,-75.0,301.4472,1965.0,0,,471402,
gov:nb:NI-20,gov:nb,NI-20,,Yes,New Brunswick,47.380399386258055,-66.02407501511412,,,,,NAD83,,20.0,-50.0,115.21440000000001,1965.0,0,,471402,
gov:nb:NI-21,gov:nb,NI-21,,Yes,New Brunswick,47.380962233653015,-66.02972481153913,,,,,NAD83,,22.0,-65.0,172.09008,1965.0,0,,471402,
gov:nb:NI-22,gov:nb,NI-22,,Yes,New Brunswick,47.381133778142264,-66.02988221516269,,,,,NAD83,,209.0,-69.0,274.32,1965.0,0,,471402,
gov:nb:NI-23,gov:nb,NI-23,,Yes,New Brunswick,47.37621640130018,-66.02617813696904,,,,,NAD83,,156.0,-38.0,105.7656,1965.0,0,,471402,
gov:nb:M-1,gov:nb,M-1,,Yes,New Brunswick,47.395383156370194,-66.05058025955691,,,,,NAD83,,160.0,45.0,129.8448,1955.0,0,,471411,
gov:nb:M-2,gov:nb,M-2,,Yes,New Brunswick,47.39285155098552,-66.04954194100227,,,,,NAD83,,160.0,45.0,115.51920000000001,1955.0,0,,471411,
gov:nb:M-3,gov:nb,M-3,,Yes,New Brunswick,47.393412775193966,-66.04814633796,,,,,NAD83,,160.0,45.0,91.7448,1955.0,0,,471411,
gov:nb:MO-9,gov:nb,MO-9,,Yes,New Brunswick,47.36566329747023,-66.05040730733005,,,,,NAD83,,360.0,-64.0,89.61120000000001,1960.0,0,,472397,
gov:nb:MO-10,gov:nb,MO-10,,Yes,New Brunswick,47.36566181500063,-66.05234026277647,,,,,NAD83,,5.0,-45.0,135.636,1960.0,0,,472397,
gov:nb:15-133-94-1,gov:nb,15-133-94-1,,No,New Brunswick,47.380400207570275,-66.0308686728803,,,,,NAD83,,,-52.0,352.52,1994.0,0,,474505,
gov:nb:15-133-94-2,gov:nb,15-133-94-2,,No,New Brunswick,47.37961834418988,-66.03325926615429,,,,,NAD83,,,-51.0,271.3,1994.0,0,,474505,
gov:nb:15-133-94-3,gov:nb,15-133-94-3,,No,New Brunswick,47.3807038963888,-66.03478595091666,,,,,NAD83,,,54.0,364.7,1994.0,0,,474505,
gov:nb:15-133-94-4,gov:nb,15-133-94-4,,No,New Brunswick,47.379155232614586,-66.03664021238072,,,,,NAD83,,,-61.0,263.2,1994.0,0,,474505,
gov:nb:SW-96-11,gov:nb,SW-96-11,,No,New Brunswick,47.014850745937586,-67.11995741583647,,,,,NAD83,,264.0,-55.0,14.3,1996.0,0,,475168,
gov:nb:MKB-98-1,gov:nb,MKB-98-1,,Yes,New Brunswick,47.32107732565614,-65.7361198022877,,,,,NAD83,,120.0,-60.0,427.02,1998.0,0,,475150,
gov:nb:SW-96-12,gov:nb,SW-96-12,,No,New Brunswick,47.014850745937586,-67.11995741583647,,,,,NAD83,,256.0,-60.0,201.14000000000001,1996.0,0,,475168,
gov:nb:GS-98-2,gov:nb,GS-98-2,,Yes,New Brunswick,47.31318175928998,-65.82905641866924,,,,,NAD83,,110.0,-60.0,585.22,1998.0,0,,475150,
gov:nb:SW-96-14,gov:nb,SW-96-14,,No,New Brunswick,47.014850745937586,-67.11995741583647,,,,,NAD83,,256.0,-50.0,205.20000000000002,1996.0,0,,475168,
gov:nb:SW-96-15,gov:nb,SW-96-15,,No,New Brunswick,47.014850745937586,-67.11995741583647,,,,,NAD83,,256.0,-70.0,198.0,1996.0,0,,475168,
gov:nb:GS-98-1,gov:nb,GS-98-1,,Yes,New Brunswick,47.31677350035969,-65.82951389061888,,,,,NAD83,,100.0,-64.0,612.65,1998.0,0,,475150,
gov:nb:GS-97-3,gov:nb,GS-97-3,,Yes,New Brunswick,47.31750751410133,-65.82889619961148,,,,,NAD83,,111.0,-50.0,495.3,1997.0,0,,475150,
gov:nb:SW-96-16,gov:nb,SW-96-16,,No,New Brunswick,47.014850745937586,-67.11995741583647,,,,,NAD83,,180.0,-90.0,92.0,1996.0,0,,475168,
gov:nb:GS-97-4,gov:nb,GS-97-4,,Yes,New Brunswick,47.31469799177655,-65.82992355046851,,,,,NAD83,,98.0,-64.0,618.1,1997.0,0,,475150,
gov:nb:GS-97-2,gov:nb,GS-97-2,,Yes,New Brunswick,47.31341046032181,-65.8281673661942,,,,,NAD83,,111.0,-50.0,424.2,1997.0,0,,475150,
gov:nb:GS-97-1,gov:nb,GS-97-1,,Yes,New Brunswick,47.31553064052627,-65.82925174124784,,,,,NAD83,,111.0,-50.0,466.34000000000003,1997.0,0,,475150,
gov:nb:6006-97-4,gov:nb,6006-97-4,,Yes,New Brunswick,47.59204488231735,-66.0539650268835,,,,,NAD83,,285.0,-45.0,382.0,1997.0,0,,475079,
gov:nb:6006-97-5,gov:nb,6006-97-5,,Yes,New Brunswick,47.580542244797655,-66.05894041632095,,,,,NAD83,,285.0,-45.0,278.0,1997.0,0,,475079,
gov:nb:Tom97-4,gov:nb,Tom97-4,,Yes,New Brunswick,47.328486387969626,-65.99380474532512,,,,,NAD83,,154.0,-45.0,102.11,1997.0,0,,475096,
gov:nb:6011-97-1,gov:nb,6011-97-1,,Yes,New Brunswick,47.576346261674004,-66.06724293383472,,,,,NAD83,,285.0,-45.0,251.0,1997.0,0,,475078,
gov:nb:6011-97-2,gov:nb,6011-97-2,,Yes,New Brunswick,47.570777417625386,-66.10193682000083,,,,,NAD83,,105.0,-45.0,292.3,1997.0,0,,475078,
gov:nb:6011-97-3,gov:nb,6011-97-3,,Yes,New Brunswick,47.557429204721586,-66.10438889986882,,,,,NAD83,,285.0,-45.0,260.01,1997.0,0,,475078,
gov:nb:6011-97-4,gov:nb,6011-97-4,,Yes,New Brunswick,47.554158781132365,-66.10542307013279,,,,,NAD83,,285.0,-45.0,251.26000000000002,1997.0,0,,475078,
gov:nb:Tom97-5,gov:nb,Tom97-5,,Yes,New Brunswick,47.32851308186012,-65.99373834125699,,,,,NAD83,,151.0,-45.0,180.75,1997.0,0,,475096,
gov:nb:Tom97-6,gov:nb,Tom97-6,,Yes,New Brunswick,47.329974920081426,-65.99479613646804,,,,,NAD83,,323.0,-45.0,99.06,1997.0,0,,475096,
gov:nb:Tom97-7,gov:nb,Tom97-7,,Yes,New Brunswick,47.32811644413089,-65.99354365531666,,,,,NAD83,,167.0,-45.0,251.46,1997.0,0,,475096,
gov:nb:Tom97-8,gov:nb,Tom97-8,,Yes,New Brunswick,47.324078517125976,-65.99374074181078,,,,,NAD83,,168.0,-45.0,99.06,1997.0,0,,475096,
gov:nb:Tom97-9,gov:nb,Tom97-9,,Yes,New Brunswick,47.32591050130378,-65.99101130673718,,,,,NAD83,,,-45.0,99.06,1997.0,0,,475096,
gov:nb:IL-95-1,gov:nb,IL-95-1,,Yes,New Brunswick,47.508755175955415,-66.2232971285001,,,,,NAD83,,90.0,-48.0,316.3,1995.0,0,,475087,
gov:nb:IL-95-2,gov:nb,IL-95-2,,Yes,New Brunswick,47.52309940671084,-66.21876073860031,,,,,NAD83,,50.0,-47.5,416.0,1995.0,0,,475087,
gov:nb:Tom98-10,gov:nb,Tom98-10,,Yes,New Brunswick,47.32570197759455,-65.9865814302685,,,,,NAD83,,160.0,-45.0,99.06,1998.0,0,,475096,
gov:nb:ILN-96-1,gov:nb,ILN-96-1,,Yes,New Brunswick,47.5040981227733,-66.26934153062561,,,,,NAD83,,340.0,-48.0,505.0,1996.0,0,,475087,
gov:nb:Tom98-11,gov:nb,Tom98-11,,Yes,New Brunswick,47.326292073694844,-65.98983023152776,,,,,NAD83,,,-45.0,121.92,1998.0,0,,475096,
gov:nb:ILN-96-2,gov:nb,ILN-96-2,,Yes,New Brunswick,47.504465461551824,-66.26862314679325,,,,,NAD83,,332.0,-47.0,147.83,1996.0,0,,475087,
gov:nb:Tom98-12,gov:nb,Tom98-12,,Yes,New Brunswick,47.33014174580846,-65.98978017755338,,,,,NAD83,,160.0,-45.0,121.92,1998.0,0,,475096,
gov:nb:ILN-96-3,gov:nb,ILN-96-3,,Yes,New Brunswick,47.50516962215826,-66.26992093147207,,,,,NAD83,,162.0,-46.0,80.77,1996.0,0,,475087,
gov:nb:Tom98-19,gov:nb,Tom98-19,,Yes,New Brunswick,47.32794912073818,-65.9663972546124,,,,,NAD83,,342.0,-45.0,100.58,1998.0,0,,475096,
gov:nb:ILN-96-4,gov:nb,ILN-96-4,,Yes,New Brunswick,47.50499092106943,-66.27051903496952,,,,,NAD83,,164.0,-47.0,102.10000000000001,1996.0,0,,475087,
gov:nb:ILN-96-5,gov:nb,ILN-96-5,,Yes,New Brunswick,47.50569944646756,-66.2694938620188,,,,,NAD83,,160.0,-47.0,123.44,1996.0,0,,475087,
gov:nb:ILN-96-6,gov:nb,ILN-96-6,,Yes,New Brunswick,47.50667742256892,-66.2682816447312,,,,,NAD83,,160.0,-47.0,160.02,1996.0,0,,475087,
gov:nb:Tom98-18,gov:nb,Tom98-18,,Yes,New Brunswick,47.32892491137777,-65.96151875420779,,,,,NAD83,,337.0,-45.0,100.58,1998.0,0,,475096,
gov:nb:ILN-97-7,gov:nb,ILN-97-7,,Yes,New Brunswick,47.507252185920194,-66.26784107564737,,,,,NAD83,,158.0,-47.0,520.0,1997.0,0,,475087,
gov:nb:Tom-98-17,gov:nb,Tom-98-17,,Yes,New Brunswick,47.329417367636,-65.96879049569253,,,,,NAD83,,,-45.0,100.58,1998.0,0,,475096,
gov:nb:ILN-97-8,gov:nb,ILN-97-8,,Yes,New Brunswick,47.507100585304954,-66.26849218944197,,,,,NAD83,,160.0,-50.0,358.14,1997.0,0,,475087,
gov:nb:Tom98-16,gov:nb,Tom98-16,,Yes,New Brunswick,47.3314238486785,-65.96891605032741,,,,,NAD83,,148.0,-45.0,112.78,1998.0,0,,475096,
gov:nb:GS-95-6,gov:nb,GS-95-6,,Yes,New Brunswick,47.320330793884125,-65.83023642007069,,,,,NAD83,,90.0,-45.0,461.77,1995.0,0,,475150,
gov:nb:SW-96-19,gov:nb,SW-96-19,,No,New Brunswick,47.01852120501116,-67.1232618819107,,,,,NAD83,,110.0,-70.0,615.0,1996.0,0,,475168,
gov:nb:GS-95-5A,gov:nb,GS-95-5A,,Yes,New Brunswick,47.321343102633385,-65.82952260096668,,,,,NAD83,,90.0,-45.0,412.40000000000003,1995.0,0,,475150,
gov:nb:SW-96-20,gov:nb,SW-96-20,,No,New Brunswick,47.024936486391184,-67.1213760696341,,,,,NAD83,,110.0,-60.0,349.40000000000003,1996.0,0,,475168,
gov:nb:GS-95-5,gov:nb,GS-95-5,,Yes,New Brunswick,47.32192211376178,-65.83164513254503,,,,,NAD83,,90.0,-60.0,217.62,1995.0,0,,475150,
gov:nb:SW-96-21,gov:nb,SW-96-21,,No,New Brunswick,47.018442313623744,-67.12287950597187,,,,,NAD83,,110.0,-60.0,349.0,1996.0,0,,475168,
gov:nb:GS-95-4,gov:nb,GS-95-4,,Yes,New Brunswick,47.32555937024137,-65.8306470323191,,,,,NAD83,,90.0,-60.0,407.21000000000004,1995.0,0,,475150,
gov:nb:SW-96-22,gov:nb,SW-96-22,,No,New Brunswick,47.02392552556447,-67.12200899323943,,,,,NAD83,,110.0,-60.0,294.7,1996.0,0,,475168,
gov:nb:GS-95-3,gov:nb,GS-95-3,,Yes,New Brunswick,47.31663037566095,-65.85974007757537,,,,,NAD83,,90.0,-55.0,401.42,1995.0,0,,475150,
gov:nb:GS-95-2,gov:nb,GS-95-2,,Yes,New Brunswick,47.32389160624407,-65.83156753963941,,,,,NAD83,,90.0,-55.0,486.46000000000004,1995.0,0,,475150,
gov:nb:SW-96-23,gov:nb,SW-96-23,,No,New Brunswick,47.023501992531514,-67.12047810419311,,,,,NAD83,,110.0,-45.0,197.20000000000002,1996.0,0,,475168,
gov:nb:SW-96-24,gov:nb,SW-96-24,,No,New Brunswick,47.02118752894803,-67.1226087447579,,,,,NAD83,,110.0,-60.0,421.2,1996.0,0,,475168,
gov:nb:GS-95-1,gov:nb,GS-95-1,,Yes,New Brunswick,47.333070061136674,-65.85911931708918,,,,,NAD83,,90.0,-55.0,386.2,1995.0,0,,475150,
gov:nb:SW-96-25,gov:nb,SW-96-25,,No,New Brunswick,47.02121373151458,-67.12275374793822,,,,,NAD83,,110.0,-45.0,349.6,1996.0,0,,475168,
gov:nb:OS-95-5,gov:nb,OS-95-5,,Yes,New Brunswick,47.36607366377818,-65.85439306075824,,,,,NAD83,,106.0,-70.0,374.6,1995.0,0,,475150,
gov:nb:SW-96-26,gov:nb,SW-96-26,,No,New Brunswick,47.025163819648625,-67.12258900216652,,,,,NAD83,,110.0,-45.0,172.6,1996.0,0,,475168,
gov:nb:OS-95-2,gov:nb,OS-95-2,,Yes,New Brunswick,47.34852878365845,-65.86492902513687,,,,,NAD83,,106.0,-45.0,335.0,1995.0,0,,475150,
gov:nb:OS-95-1,gov:nb,OS-95-1,,Yes,New Brunswick,47.342458916931335,-65.86199727911307,,,,,NAD83,,106.0,-50.0,256.03000000000003,1995.0,0,,475150,
gov:nb:SW-96-27,gov:nb,SW-96-27,,No,New Brunswick,47.01518863470421,-67.12235516648202,,,,,NAD83,,118.0,-54.0,124.10000000000001,1996.0,0,,475168,
gov:nb:OS-94-5,gov:nb,OS-94-5,,Yes,New Brunswick,47.34827024354029,-65.84443086482135,,,,,NAD83,,106.0,-50.0,198.17000000000002,1995.0,0,,475150,
gov:nb:OS-94-1,gov:nb,OS-94-1,,Yes,New Brunswick,47.370888791882166,-65.84056430903777,,,,,NAD83,,106.0,-46.0,444.39,1994.0,0,,475150,
gov:nb:OS-94-2,gov:nb,OS-94-2,,Yes,New Brunswick,47.353937578468624,-65.84450676146399,,,,,NAD83,,106.0,-60.0,472.44,1994.0,0,,475150,
gov:nb:SW-96-29,gov:nb,SW-96-29,,No,New Brunswick,47.01376443489822,-67.1195503151496,,,,,NAD83,,352.0,-45.0,380.8,1996.0,0,,475168,
gov:nb:OS-94-3,gov:nb,OS-94-3,,Yes,New Brunswick,47.34288790129065,-65.85021405633316,,,,,NAD83,,106.0,-45.0,377.95,1994.0,0,,475150,
gov:nb:OS-94-4,gov:nb,OS-94-4,,Yes,New Brunswick,47.347101346143354,-65.84768778064146,,,,,NAD83,,106.0,-50.0,255.79,1994.0,0,,475150,
gov:nb:SW-96-30,gov:nb,SW-96-30,,No,New Brunswick,47.01323370904994,-67.11954420279524,,,,,NAD83,,82.0,-87.0,291.8,1996.0,0,,475168,
gov:nb:SW-96-31,gov:nb,SW-96-31,,No,New Brunswick,47.01632208077904,-67.12069780693297,,,,,NAD83,,352.0,-45.0,337.40000000000003,1996.0,0,,475168,
gov:nb:SW-96-32,gov:nb,SW-96-32,,No,New Brunswick,47.017406567087036,-67.12310427664417,,,,,NAD83,,352.0,-45.0,290.7,1996.0,0,,475168,
gov:nb:SW-97-33,gov:nb,SW-97-33,,No,New Brunswick,47.017660341829014,-67.11942419114735,,,,,NAD83,,352.0,-45.0,279.5,1997.0,0,,475168,
gov:nb:SW-97-34,gov:nb,SW-97-34,,No,New Brunswick,47.01517377447716,-67.12177626015996,,,,,NAD83,,352.0,-45.0,75.2,1997.0,0,,475168,
gov:nb:SW-97-35,gov:nb,SW-97-35,,No,New Brunswick,47.01681014484449,-67.12193986356112,,,,,NAD83,,352.0,-60.0,272.5,1997.0,0,,475168,
gov:nb:SW-97-36,gov:nb,SW-97-36,,No,New Brunswick,47.014850745937586,-67.11995741583647,,,,,NAD83,,352.0,-45.0,151.5,1997.0,0,,475168,
gov:nb:SW-97-37,gov:nb,SW-97-37,,No,New Brunswick,47.013451286552225,-67.12090142969518,,,,,NAD83,,352.0,-45.0,447.1,1997.0,0,,475168,
gov:nb:SW-97-38,gov:nb,SW-97-38,,No,New Brunswick,47.01346021089035,-67.12091468533563,,,,,NAD83,,352.0,-60.0,433.8,1997.0,0,,475168,
gov:nb:SW-97-39,gov:nb,SW-97-39,,No,New Brunswick,47.01379841051925,-67.12158937758753,,,,,NAD83,,352.0,-60.0,664.4,1997.0,0,,475168,
gov:nb:SW-97-40,gov:nb,SW-97-40,,No,New Brunswick,47.01294783085962,-67.12084300877358,,,,,NAD83,,352.0,-60.0,681.7,1997.0,0,,475168,
gov:nb:SW-97-41,gov:nb,SW-97-41,,No,New Brunswick,47.01233683896933,-67.12403198121422,,,,,NAD83,,352.0,-60.0,285.6,1997.0,0,,475168,
gov:nb:SW-97-42,gov:nb,SW-97-42,,No,New Brunswick,47.01252217091035,-67.124691751458,,,,,NAD83,,352.0,-60.0,349.6,1997.0,0,,475168,
gov:nb:SW-97-43,gov:nb,SW-97-43,,No,New Brunswick,47.01296592943184,-67.12248728193141,,,,,NAD83,,352.0,-60.0,678.3000000000001,1997.0,0,,475168,
gov:nb:SW-97-44,gov:nb,SW-97-44,,No,New Brunswick,47.01256661603967,-67.12146992523552,,,,,NAD83,,352.0,-60.0,438.0,1997.0,0,,475168,
gov:nb:SW-97-45,gov:nb,SW-97-45,,No,New Brunswick,47.015537923512845,-67.12097812764995,,,,,NAD83,,352.0,-59.0,374.0,1997.0,0,,475168,
gov:nb:SW-97-46,gov:nb,SW-97-46,,No,New Brunswick,47.016911541408724,-67.12480849466664,,,,,NAD83,,352.0,-45.0,224.6,1997.0,0,,475168,
gov:nb:SW-97-47,gov:nb,SW-97-47,,No,New Brunswick,47.02383735046185,-67.12167909408112,,,,,NAD83,,352.0,-45.0,150.20000000000002,1997.0,0,,475168,
gov:nb:SW-97-48,gov:nb,SW-97-48,,No,New Brunswick,47.023071493906606,-67.12023634768255,,,,,NAD83,,352.0,-45.0,166.70000000000002,1997.0,0,,475168,
gov:nb:SW-97-49,gov:nb,SW-97-49,,No,New Brunswick,47.0159160831605,-67.1209167270662,,,,,NAD83,,352.0,-52.0,407.5,1997.0,0,,475168,
gov:nb:SW-97-50,gov:nb,SW-97-50,,No,New Brunswick,47.01380392982257,-67.12554841025401,,,,,NAD83,,352.0,-70.0,358.0,1997.0,0,,475168,
gov:nb:SW-97-51,gov:nb,SW-97-51,,No,New Brunswick,47.016247864849646,-67.10593893597336,,,,,NAD83,,352.0,-60.0,178.9,1997.0,0,,475168,
gov:nb:SW-97-52,gov:nb,SW-97-52,,No,New Brunswick,47.015655324776795,-67.1225578635905,,,,,NAD83,,352.0,-60.0,452.90000000000003,1997.0,0,,475168,
gov:nb:SAB-96-4,gov:nb,SAB-96-4,,Yes,New Brunswick,47.37670938201033,-65.91586681645668,,,,,NAD83,,118.0,-46.0,147.20000000000002,1996.0,0,,475140,
gov:nb:SAB-97-1,gov:nb,SAB-97-1,,Yes,New Brunswick,47.371547167772306,-65.85843141766946,,,,,NAD83,,106.0,-45.0,123.10000000000001,1997.0,0,,475140,
gov:nb:NB9720,gov:nb,NB9720,,Yes,New Brunswick,47.321203163219295,-65.8834566609591,,,,,NAD83,,84.0,-61.0,650.0,1997.0,0,,475135,
gov:nb:NB9721,gov:nb,NB9721,,Yes,New Brunswick,47.32262753942684,-65.89595460175455,,,,,NAD83,,90.0,-60.0,677.0,1997.0,0,,475135,
gov:nb:NB9722,gov:nb,NB9722,,Yes,New Brunswick,47.32255778299829,-65.8946589756409,,,,,NAD83,,90.0,-60.0,539.22,1997.0,0,,475135,
gov:nb:NB9723,gov:nb,NB9723,,Yes,New Brunswick,47.31012048357375,-65.89351718136092,,,,,NAD83,,90.0,-55.0,843.08,1997.0,0,,475135,
gov:nb:6012-98-1,gov:nb,6012-98-1,,Yes,New Brunswick,47.532659983197576,-66.11009854515235,,,,,NAD83,,285.0,-45.0,251.0,1998.0,0,,475132,
gov:nb:M-98-6,gov:nb,M-98-6,,Yes,New Brunswick,47.2747659647793,-66.39159595450015,,,,,NAD83,,180.0,-63.2,237.5,1998.0,0,,475121,
gov:nb:M-98-7,gov:nb,M-98-7,,Yes,New Brunswick,47.27057434408732,-66.39171018525435,,,,,NAD83,,360.0,-44.6,593.0,1998.0,0,,475121,
gov:nb:M-98-12,gov:nb,M-98-12,,Yes,New Brunswick,47.26576197409532,-66.38254910634114,,,,,NAD83,,35.0,-48.0,334.0,1998.0,0,,475121,
gov:nb:6003-98-1,gov:nb,6003-98-1,,Yes,New Brunswick,47.60802951231212,-66.24449698362106,,,,,NAD83,,159.0,-55.0,251.0,1998.0,0,,475109,
gov:nb:6003-98-2,gov:nb,6003-98-2,,Yes,New Brunswick,47.6032149755015,-66.25577083757503,,,,,NAD83,,132.0,-55.0,251.0,1998.0,0,,475109,
gov:nb:MC97-01,gov:nb,MC97-01,,No,New Brunswick,46.97624488907815,-67.02310523847267,,,,,NAD83,,10.0,-45.0,215.5,1997.0,0,,475097,
gov:nb:MC97-02,gov:nb,MC97-02,,No,New Brunswick,46.975712788681875,-67.01943307598772,,,,,NAD83,,10.0,-45.0,300.8,1997.0,0,,475097,
gov:nb:MC97-03,gov:nb,MC97-03,,No,New Brunswick,46.98340724768236,-67.03642521882979,,,,,NAD83,,97.0,-45.0,233.8,1997.0,0,,475097,
gov:nb:6006-97-1,gov:nb,6006-97-1,,Yes,New Brunswick,47.58810184983116,-66.0507276933074,,,,,NAD83,,285.0,-45.0,251.02,1997.0,0,,475079,
gov:nb:6006-97-2,gov:nb,6006-97-2,,Yes,New Brunswick,47.58332721038858,-66.04876084584969,,,,,NAD83,,105.0,-45.0,251.0,1997.0,0,,475079,
gov:nb:6006-97-3,gov:nb,6006-97-3,,Yes,New Brunswick,47.594378860486685,-66.04586111413393,,,,,NAD83,,285.0,-45.0,251.0,1997.0,0,,475079,
gov:nb:B377-96-12,gov:nb,B377-96-12,,Yes,New Brunswick,47.39787336729441,-65.86129357423314,,,,,NAD83,,92.0,-46.0,349.0,1996.0,0,,475253,
gov:nb:B378-96-13,gov:nb,B378-96-13,,Yes,New Brunswick,47.399652269178,-65.86091453678183,,,,,NAD83,,92.0,-45.0,348.0,1996.0,0,,475253,
gov:nb:LR-99-28,gov:nb,LR-99-28,,Yes,New Brunswick,47.51686979257772,-65.91660846352332,,,,,NAD83,,140.0,-50.0,20.12,1999.0,0,,475245,
gov:nb:LR-99-58,gov:nb,LR-99-58,,Yes,New Brunswick,47.5176642843838,-65.91719720786011,,,,,NAD83,,140.0,-50.0,11.58,1999.0,0,,475245,
gov:nb:LR-99-59,gov:nb,LR-99-59,,Yes,New Brunswick,47.516066705836515,-65.91609949286325,,,,,NAD83,,140.0,-50.0,9.450000000000001,1999.0,0,,475245,
gov:nb:LR-99-60,gov:nb,LR-99-60,,Yes,New Brunswick,47.51848568839113,-65.91777239692402,,,,,NAD83,,140.0,-50.0,19.2,1999.0,0,,475245,
gov:nb:LR-99-61,gov:nb,LR-99-61,,Yes,New Brunswick,47.519334271938476,-65.91838713897907,,,,,NAD83,,140.0,-50.0,16.46,1999.0,0,,475245,
gov:nb:LR-99-71,gov:nb,LR-99-71,,Yes,New Brunswick,47.50779813514402,-65.87434807348421,,,,,NAD83,,90.0,-50.0,10.06,1999.0,0,,475245,
gov:nb:LR-99-72,gov:nb,LR-99-72,,Yes,New Brunswick,47.507673949221044,-65.8730087771073,,,,,NAD83,,90.0,-50.0,13.11,1999.0,0,,475245,
gov:nb:PBN-99-1,gov:nb,PBN-99-1,,Yes,New Brunswick,47.453520616100604,-66.4403507822566,,,,,NAD83,,160.0,-45.0,117.04,1999.0,0,,475241,
gov:nb:PBN-99-2,gov:nb,PBN-99-2,,Yes,New Brunswick,47.45425981914618,-66.44362548755734,,,,,NAD83,,160.0,-45.0,132.89000000000001,1999.0,0,,475241,
gov:nb:PBN-99-3,gov:nb,PBN-99-3,,Yes,New Brunswick,47.460023466834684,-66.46078132349778,,,,,NAD83,,360.0,-45.0,138.38,1999.0,0,,475241,
gov:nb:PBN-99-4,gov:nb,PBN-99-4,,Yes,New Brunswick,47.4585875554262,-66.42964237572744,,,,,NAD83,,315.0,-45.0,120.09,1999.0,0,,475241,
gov:nb:LB99-1,gov:nb,LB99-1,,Yes,New Brunswick,46.94625270526858,-67.05930637249448,,,,,NAD83,,40.0,-50.0,152.0,1999.0,0,,475227,
gov:nb:LB99-2,gov:nb,LB99-2,,Yes,New Brunswick,46.94615176284866,-67.05600814900374,,,,,NAD83,,40.0,-50.0,155.0,1999.0,0,,475227,
gov:nb:LB99-3,gov:nb,LB99-3,,Yes,New Brunswick,46.945222474119085,-67.0602677399226,,,,,NAD83,,40.0,-50.0,203.0,1999.0,0,,475227,
gov:nb:LB99-4,gov:nb,LB99-4,,Yes,New Brunswick,46.94519396943094,-67.05687837466489,,,,,NAD83,,40.0,-50.0,134.0,1999.0,0,,475227,
gov:nb:CP-98-1,gov:nb,CP-98-1,,No,New Brunswick,47.41781793134685,-66.36305100462101,,,,,NAD83,,270.0,-60.0,464.48,1998.0,0,,475224,
gov:nb:CP-98-2,gov:nb,CP-98-2,,No,New Brunswick,47.417802529744094,-66.35775016577082,,,,,NAD83,,270.0,-60.0,678.02,1998.0,0,,475224,
gov:nb:RL-98-01,gov:nb,RL-98-01,,Yes,New Brunswick,47.343261902591394,-66.24308080080884,,,,,NAD83,,39.0,-50.0,194.0,1998.0,0,,475207,
gov:nb:RL-98-02,gov:nb,RL-98-02,,Yes,New Brunswick,47.32717231996257,-66.24417699086106,,,,,NAD83,,57.0,-55.0,237.0,1998.0,0,,475207,
gov:nb:RL-98-03,gov:nb,RL-98-03,,Yes,New Brunswick,47.32618279222285,-66.24414204827315,,,,,NAD83,,62.0,-50.0,145.0,1998.0,0,,475207,
gov:nb:RL-98-04,gov:nb,RL-98-04,,Yes,New Brunswick,47.36182329938213,-66.15221618994894,,,,,NAD83,,15.0,-46.0,157.0,1998.0,0,,475207,
gov:nb:RL-98-05,gov:nb,RL-98-05,,Yes,New Brunswick,47.36181788826433,-66.15340767508538,,,,,NAD83,,17.0,-46.0,178.0,1998.0,0,,475207,
gov:nb:RL-98-06,gov:nb,RL-98-06,,Yes,New Brunswick,47.36145491329799,-66.15235097656914,,,,,NAD83,,14.0,-46.0,215.0,1998.0,0,,475207,
gov:nb:MF-97-1ext,gov:nb,MF-97-1ext,,No,New Brunswick,47.39225647773575,-66.34992390149837,,,,,NAD83,,250.0,-52.5,403.86,1998.0,0,,475214,
gov:nb:NB9824,gov:nb,NB9824,,Yes,New Brunswick,47.31012048357375,-65.89351718136092,,,,,NAD83,,90.0,-70.0,779.0,1998.0,0,,475205,
gov:nb:NB9825,gov:nb,NB9825,,Yes,New Brunswick,47.304571276689664,-65.89367281119691,,,,,NAD83,,90.0,-55.0,527.0,1998.0,0,,475205,
gov:nb:M-6,gov:nb,M-6,,Yes,New Brunswick,47.37336621443138,-66.04207975817529,,,,,NAD83,,,45.0,91.44,1956.0,0,,471650,
gov:nb:M-7,gov:nb,M-7,,Yes,New Brunswick,47.3739245639431,-66.04224709669562,,,,,NAD83,,,45.0,152.4,1956.0,0,,471650,
gov:nb:M-8,gov:nb,M-8,,Yes,New Brunswick,47.37353184300048,-66.04301846644599,,,,,NAD83,,,45.0,113.38560000000001,1956.0,0,,471650,
gov:nb:M-9,gov:nb,M-9,,Yes,New Brunswick,47.37370190736688,-66.04054087725089,,,,,NAD83,,,45.0,106.68,1956.0,0,,471650,
gov:nb:OB-98-01,gov:nb,OB-98-01,,Yes,New Brunswick,47.39341570561189,-66.16518980941154,,,,,NAD83,,208.0,-54.0,237.0,1998.0,0,,475197,
gov:nb:M-10,gov:nb,M-10,,Yes,New Brunswick,47.37425105366916,-66.04065531413916,,,,,NAD83,,,45.0,83.51520000000001,1956.0,0,,471650,
gov:nb:PM-1,gov:nb,PM-1,,Yes,New Brunswick,47.37315576298003,-66.0411811653948,,,,,NAD83,,,90.0,9.7536,1956.0,0,,471650,
gov:nb:OB-98-02,gov:nb,OB-98-02,,Yes,New Brunswick,47.39185500198002,-66.17619363005706,,,,,NAD83,,198.0,-50.0,154.0,1998.0,0,,475197,
gov:nb:PM-2,gov:nb,PM-2,,Yes,New Brunswick,47.37278656220783,-66.04107841631199,,,,,NAD83,,,90.0,10.3632,1956.0,0,,471650,
gov:nb:OB-98-03,gov:nb,OB-98-03,,Yes,New Brunswick,47.386966266663,-66.17458102996221,,,,,NAD83,,188.0,-50.0,209.0,1998.0,0,,475197,
gov:nb:PM-3,gov:nb,PM-3,,Yes,New Brunswick,47.37298475981084,-66.041156155876,,,,,NAD83,,,90.0,19.2024,1956.0,0,,471650,
gov:nb:M-4,gov:nb,M-4,,Yes,New Brunswick,47.37374115029512,-66.0413615024103,,,,,NAD83,,,45.0,199.0344,1956.0,0,,471650,
gov:nb:M-5,gov:nb,M-5,,Yes,New Brunswick,47.373317929369684,-66.04124597490757,,,,,NAD83,,,45.0,126.7968,1956.0,0,,471650,
gov:nb:M-11,gov:nb,M-11,,Yes,New Brunswick,47.37462693207632,-66.04243968472446,,,,,NAD83,,,45.0,203.6064,1956.0,0,,471650,
gov:nb:M-12,gov:nb,M-12,,Yes,New Brunswick,47.37722989693466,-66.03429984594302,,,,,NAD83,,,45.0,113.99520000000001,1956.0,0,,471650,
gov:nb:M-13,gov:nb,M-13,,Yes,New Brunswick,47.37671640277927,-66.03410570393778,,,,,NAD83,,,45.0,63.0936,1956.0,0,,471650,
gov:nb:M-14,gov:nb,M-14,,Yes,New Brunswick,47.377772682949775,-66.0328384412903,,,,,NAD83,,,45.0,106.68,1956.0,0,,471650,
gov:nb:M-15,gov:nb,M-15,,Yes,New Brunswick,47.37431822047872,-66.02831366080886,,,,,NAD83,,,45.0,106.68,1956.0,0,,471650,
gov:nb:98-21,gov:nb,98-21,,Yes,New Brunswick,47.55820569808115,-65.92864378822043,,,,,NAD83,,133.0,-55.0,98.0,1998.0,0,,475191,
gov:nb:M-16,gov:nb,M-16,,Yes,New Brunswick,47.3746071297614,-66.02857593404136,,,,,NAD83,,,45.0,107.59440000000001,1956.0,0,,471650,
gov:nb:M-17,gov:nb,M-17,,Yes,New Brunswick,47.378089456114544,-66.03110090405954,,,,,NAD83,,,45.0,105.4608,1956.0,0,,471650,
gov:nb:M-18,gov:nb,M-18,,Yes,New Brunswick,47.37349918033861,-66.05073841602282,,,,,NAD83,,,45.0,91.44,1956.0,0,,471650,
gov:nb:98-22,gov:nb,98-22,,Yes,New Brunswick,47.55561443472351,-65.93029271154971,,,,,NAD83,,133.0,-55.0,62.4,1998.0,0,,475191,
gov:nb:98-23,gov:nb,98-23,,Yes,New Brunswick,47.55572327845152,-65.93047755751908,,,,,NAD83,,133.0,-65.0,77.0,1998.0,0,,475191,
gov:nb:BN-98-01,gov:nb,BN-98-01,,Yes,New Brunswick,47.62731714595903,-66.08204668400343,,,,,NAD83,,181.0,-50.0,449.0,1998.0,0,,475186,
gov:nb:BN-98-02,gov:nb,BN-98-02,,Yes,New Brunswick,47.615277438996195,-66.08053227016099,,,,,NAD83,,217.0,-50.0,410.0,1998.0,0,,475186,
gov:nb:BN-98-03,gov:nb,BN-98-03,,Yes,New Brunswick,47.621016271781585,-66.0636449891098,,,,,NAD83,,37.0,-45.0,434.0,1998.0,0,,475186,
gov:nb:BN-98-04,gov:nb,BN-98-04,,Yes,New Brunswick,47.62075780574851,-66.17037758863206,,,,,NAD83,,183.0,-60.0,453.0,1998.0,0,,475186,
gov:nb:BN-98-05,gov:nb,BN-98-05,,Yes,New Brunswick,47.63250539984592,-66.08416126705663,,,,,NAD83,,355.0,-45.0,436.0,1998.0,0,,475186,
gov:nb:GD 98-01,gov:nb,GD 98-01,,Yes,New Brunswick,47.00797377565434,-67.05935602155716,,,,,NAD83,,236.0,-51.5,416.1,1998.0,0,,475152,
gov:nb:GD 98-03,gov:nb,GD 98-03,,Yes,New Brunswick,47.00100326261477,-67.06460913157967,,,,,NAD83,,100.0,-45.0,312.40000000000003,1998.0,0,,475152,
gov:nb:GD 98-04,gov:nb,GD 98-04,,Yes,New Brunswick,46.9928710938086,-67.07186016549466,,,,,NAD83,,55.0,-55.0,257.6,1998.0,0,,475152,
gov:nb:212-7,gov:nb,212-7,,Yes,New Brunswick,47.415777238186166,-66.1081460615249,,,,,NAD83,,204.0,75.0,519.684,1981.0,0,,472867,
gov:nb:212-8,gov:nb,212-8,,Yes,New Brunswick,47.414240964563724,-66.10080285190489,,,,,NAD83,,191.0,85.0,131.3688,1981.0,0,,472867,
gov:nb:212-9,gov:nb,212-9,,Yes,New Brunswick,47.40956931107062,-66.09467653659298,,,,,NAD83,,147.0,48.0,437.69280000000003,1981.0,0,,472867,
gov:nb:212-10,gov:nb,212-10,,Yes,New Brunswick,47.414240918761045,-66.10078960085445,,,,,NAD83,,191.0,85.0,968.3496,1982.0,0,,472867,
gov:nb:212-11,gov:nb,212-11,,Yes,New Brunswick,47.41227359939042,-66.11748724269378,,,,,NAD83,,204.0,46.0,290.7792,1982.0,0,,472867,
gov:nb:212-12,gov:nb,212-12,,Yes,New Brunswick,47.41728226315737,-66.10372201213593,,,,,NAD83,,185.0,75.0,968.3496,1982.0,0,,472867,
gov:nb:212-13,gov:nb,212-13,,Yes,New Brunswick,47.41933083100643,-66.10569465327548,,,,,NAD83,,242.0,85.5,1068.0192,1982.0,0,,472867,
gov:nb:CL-94-1,gov:nb,CL-94-1,,1,New Brunswick,47.41305226902507,-66.10301145137142,,,,,NAD83,,205.0,-65.0,428.5,1994.0,0,,474581,
gov:nb:CL-94-2,gov:nb,CL-94-2,,1,New Brunswick,47.41212310451302,-66.10484700236155,,,,,NAD83,,203.0,-62.0,318.0,1994.0,0,,474581,
gov:nb:CL-94-3,gov:nb,CL-94-3,,1,New Brunswick,47.412227158245095,-66.10634358030875,,,,,NAD83,,209.0,-65.0,386.0,1994.0,0,,474581,
gov:nb:CL-94-4,gov:nb,CL-94-4,,1,New Brunswick,47.412842262651374,-66.1073593603656,,,,,NAD83,,207.0,-65.0,332.0,1994.0,0,,474581,
gov:nb:CL-94-5,gov:nb,CL-94-5,,1,New Brunswick,47.41341247503041,-66.10840199659458,,,,,NAD83,,203.0,-65.0,293.0,1994.0,0,,474581,
gov:nb:CL-94-6,gov:nb,CL-94-6,,1,New Brunswick,47.41373132267358,-66.10959226387877,,,,,NAD83,,207.0,-65.0,261.0,1994.0,0,,474581,
gov:nb:CL-94-7,gov:nb,CL-94-7,,1,New Brunswick,47.41507209619475,-66.10975469753492,,,,,NAD83,,204.5,-72.5,403.0,1994.0,0,,474581,
gov:nb:CL-94-8,gov:nb,CL-94-8,,1,New Brunswick,47.414399944625444,-66.10782491818037,,,,,NAD83,,204.0,-68.0,438.5,1994.0,0,,474581,
gov:nb:CL-94-9,gov:nb,CL-94-9,,1,New Brunswick,47.414644238565764,-66.11358751576513,,,,,NAD83,,205.0,-60.0,195.0,1994.0,0,,474581,
gov:nb:CL-94-10,gov:nb,CL-94-10,,1,New Brunswick,47.413298328529656,-66.11457787445612,,,,,NAD83,,205.0,-52.0,364.0,1995.0,0,,474581,
gov:nb:CL-94-11,gov:nb,CL-94-11,,1,New Brunswick,47.41531991030433,-66.11122381413863,,,,,NAD83,,215.0,-75.0,356.0,1994.0,0,,474581,
gov:nb:CL-94-12,gov:nb,CL-94-12,,1,New Brunswick,47.41413110920879,-66.11078195335331,,,,,NAD83,,204.0,-55.0,204.0,1994.0,0,,474581,
gov:nb:CL-94-13,gov:nb,CL-94-13,,1,New Brunswick,47.41433193351254,-66.10634126108799,,,,,NAD83,,206.5,-70.0,506.0,1994.0,0,,474581,
gov:nb:CNE-78-1,gov:nb,CNE-78-1,,Yes,New Brunswick,47.292133013574244,-65.8838849558032,,,,,NAD83,,120.0,50.0,81.0768,1978.0,0,,472268,
gov:nb:CNE-78-3,gov:nb,CNE-78-3,,Yes,New Brunswick,47.292827677406095,-65.8859526950048,,,,,NAD83,,120.0,50.0,109.72800000000001,1978.0,0,,472268,
gov:nb:CNE-78-4,gov:nb,CNE-78-4,,Yes,New Brunswick,47.296033450975216,-65.88155250500499,,,,,NAD83,,140.0,50.0,26.5176,1978.0,0,,472268,
gov:nb:CNE-87-1,gov:nb,CNE-87-1,,Yes,New Brunswick,47.295742909573974,-65.884411844063,,,,,NAD83,,143.0,45.0,75.0,1987.0,0,,473410,
gov:nb:CNE-87-2,gov:nb,CNE-87-2,,Yes,New Brunswick,47.296059838886094,-65.88480485467551,,,,,NAD83,,143.0,45.0,100.60000000000001,1987.0,0,,473410,
gov:nb:CNE-87-3,gov:nb,CNE-87-3,,Yes,New Brunswick,47.295555221045646,-65.88463878320889,,,,,NAD83,,143.0,45.0,91.45,1987.0,0,,473410,
gov:nb:CNE-87-4,gov:nb,CNE-87-4,,Yes,New Brunswick,47.29593539418175,-65.88508395380926,,,,,NAD83,,143.0,45.0,100.60000000000001,1987.0,0,,473410,
gov:nb:CNE-87-5,gov:nb,CNE-87-5,,Yes,New Brunswick,47.29573863921627,-65.88529777370564,,,,,NAD83,,143.0,45.0,100.0,1987.0,0,,473410,
gov:nb:CNE-87-6,gov:nb,CNE-87-6,,Yes,New Brunswick,47.29524301669155,-65.8851315949622,,,,,NAD83,,143.0,45.0,95.10000000000001,1987.0,0,,473410,
gov:nb:CNE-87-7,gov:nb,CNE-87-7,,Yes,New Brunswick,47.29580667113321,-65.88624898237627,,,,,NAD83,,143.0,60.0,168.9,1987.0,0,,473410,
gov:nb:CNE-87-8,gov:nb,CNE-87-8,,Yes,New Brunswick,47.296265517027656,-65.88457770656979,,,,,NAD83,,143.0,45.0,102.4,1987.0,0,,473410,
gov:nb:CNE-87-9,gov:nb,CNE-87-9,,Yes,New Brunswick,47.296127421134244,-65.88398429993781,,,,,NAD83,,143.0,45.0,73.8,1987.0,0,,473410,
gov:nb:CNE-92-7,gov:nb,CNE-92-7,,No,New Brunswick,47.29515755091536,-65.88428637442023,,,,,NAD83,,,,10.36,1992.0,0,,474209,
gov:nb:CNE-92-8,gov:nb,CNE-92-8,,No,New Brunswick,47.294986581762764,-65.88427512437606,,,,,NAD83,,,,18.59,1992.0,0,,474209,
gov:nb:CNE-92-9,gov:nb,CNE-92-9,,No,New Brunswick,47.29529084716374,-65.88398073138453,,,,,NAD83,,,,10.67,1992.0,0,,474209,
gov:nb:161-10-1-83,gov:nb,161-10-1-83,,1,New Brunswick,47.38502833005472,-65.89122074443381,,,,,NAD83,,90.3,-55.0,365.1504,1983.0,0,,474802,
gov:nb:161-10-2-83,gov:nb,161-10-2-83,,1,New Brunswick,47.386824104881455,-65.88890888199977,,,,,NAD83,,86.9,-56.0,409.6512,1983.0,0,,474802,
gov:nb:161-10-3-83,gov:nb,161-10-3-83,,1,New Brunswick,47.388616321417885,-65.88763002550937,,,,,NAD83,,88.5,-60.0,361.49280000000005,1983.0,0,,474802,
gov:nb:161-10-4-83,gov:nb,161-10-4-83,,1,New Brunswick,47.38440995307806,-65.88655264610122,,,,,NAD83,,272.7,-45.0,425.5008,1983.0,0,,474802,
gov:nb:161-10-81,gov:nb,161-10-81,,Yes,New Brunswick,47.37998474142504,-65.88492175397518,,,,,NAD83,,104.0,75.0,944.2704,1982.0,0,,472839,
gov:nb:161-11-81,gov:nb,161-11-81,,Yes,New Brunswick,47.38153173138173,-65.8815268242075,,,,,NAD83,,104.0,75.0,621.1824,1982.0,0,,472839,
gov:nb:161-1-81,gov:nb,161-1-81,,Yes,New Brunswick,47.381918849213584,-65.88664755705179,,,,,NAD83,,104.0,45.0,239.5728,1981.0,0,,472839,
gov:nb:77-4,gov:nb,77-4,,1,New Brunswick,47.388239532763556,-65.88612442245575,,,,,NAD83,,,,160.9344,1977.0,0,,472200,
gov:nb:77-5,gov:nb,77-5,,1,New Brunswick,47.387418378265664,-65.88732592527955,,,,,NAD83,,,,142.7988,1977.0,0,,472200,
gov:nb:77-7,gov:nb,77-7,,1,New Brunswick,47.38051005383452,-65.88222733122606,,,,,NAD83,,91.5,-45.0,79.8576,1977.0,0,,472200,
gov:nb:77-3,gov:nb,77-3,,1,New Brunswick,47.38566105749725,-65.91976843546333,,,,,NAD83,,,,93.8784,1977.0,0,,472200,
gov:nb:77-8,gov:nb,77-8,,1,New Brunswick,47.381485340132414,-65.88126249536283,,,,,NAD83,,91.5,-45.0,78.6384,1977.0,0,,472200,
gov:nb:Z-11-1,gov:nb,Z-11-1,,No,New Brunswick,47.38263239296654,-65.87878584755785,,,,,NAD83,,91.60000000000001,-50.0,313.3344,1976.0,0,,472901,
gov:nb:Z-11-2,gov:nb,Z-11-2,,No,New Brunswick,47.38305120903843,-65.8780525549539,,,,,NAD83,,90.0,-60.0,331.3176,1976.0,0,,472901,
gov:nb:Z-11-3,gov:nb,Z-11-3,,No,New Brunswick,47.38101502959178,-65.8757720048133,,,,,NAD83,,270.0,-45.0,233.172,1976.0,0,,472901,
gov:nb:Z-11-4,gov:nb,Z-11-4,,No,New Brunswick,47.38071795909218,-65.87406711478152,,,,,NAD83,,270.0,-60.0,464.51520000000005,1976.0,0,,472901,
gov:nb:Z-11-5,gov:nb,Z-11-5,,No,New Brunswick,47.38152679206197,-65.87893117724784,,,,,NAD83,,90.0,-70.0,260.604,1976.0,0,,472901,
gov:nb:Z-11-6,gov:nb,Z-11-6,,No,New Brunswick,47.381926621723615,-65.87801271386576,,,,,NAD83,,90.0,-60.0,271.8816,1976.0,0,,472901,
gov:nb:Z-11-7,gov:nb,Z-11-7,,No,New Brunswick,47.38118099267466,-65.87986224095572,,,,,NAD83,,90.0,-50.0,215.18880000000001,1976.0,0,,472901,
gov:nb:Z-11-8,gov:nb,Z-11-8,,No,New Brunswick,47.381852332030185,-65.87425243501836,,,,,NAD83,,270.0,-70.0,490.1184,1976.0,0,,472901,
gov:nb:Z-11-9,gov:nb,Z-11-9,,No,New Brunswick,47.381973348178164,-65.87500589293286,,,,,NAD83,,268.7,-60.0,537.0576,1976.0,0,,472901,
gov:nb:R-38,gov:nb,R-38,,Yes,New Brunswick,47.27801428251613,-66.3927525007548,,,,,NAD83,,90.0,-55.0,132.9,1987.0,0,,473415,
gov:nb:R-41,gov:nb,R-41,,Yes,New Brunswick,47.27371445289208,-66.3925761036523,,,,,NAD83,,135.0,-50.0,86.3,1987.0,0,,473415,
gov:nb:R-42,gov:nb,R-42,,Yes,New Brunswick,47.264380156593546,-66.39546233330412,,,,,NAD83,,90.0,-50.0,37.19,1987.0,0,,473415,
gov:nb:R-43,gov:nb,R-43,,Yes,New Brunswick,47.27035561876313,-66.37976373288615,,,,,NAD83,,90.0,-55.0,84.12,1987.0,0,,473415,
gov:nb:R-44,gov:nb,R-44,,Yes,New Brunswick,47.269220206764956,-66.3778368525512,,,,,NAD83,,270.0,-50.0,62.79,1987.0,0,,473415,
gov:nb:R-49-88,gov:nb,R-49-88,,Yes,New Brunswick,47.274082845065806,-66.39213921786092,,,,,NAD83,,232.0,-50.0,59.6,1988.0,0,,473678,
gov:nb:R-50-88,gov:nb,R-50-88,,Yes,New Brunswick,47.27403827665017,-66.39257545244553,,,,,NAD83,,232.0,-50.0,61.92,1988.0,0,,473678,
gov:nb:R-51-88,gov:nb,R-51-88,,Yes,New Brunswick,47.27402049551831,-66.39280016867602,,,,,NAD83,,232.0,-50.0,60.050000000000004,1988.0,0,,473678,
gov:nb:R-52-88,gov:nb,R-52-88,,Yes,New Brunswick,47.27430804354039,-66.39248239395239,,,,,NAD83,,232.0,-50.0,127.10000000000001,1988.0,0,,473678,
gov:nb:R-53-88,gov:nb,R-53-88,,No,New Brunswick,47.27435271052837,-66.39215188953246,,,,,NAD83,,232.0,-50.0,127.10000000000001,1988.0,0,,473678,
gov:nb:R-55-88,gov:nb,R-55-88,,Yes,New Brunswick,47.2743883938626,-66.3918346193414,,,,,NAD83,,232.0,-60.0,154.53,1988.0,0,,473678,
gov:nb:R-56,gov:nb,R-56,,Yes,New Brunswick,47.27411852836865,-66.39182194926445,,,,,NAD83,,232.0,60.0,131.06,1989.0,0,,474036,
gov:nb:R-57,gov:nb,R-57,,Yes,New Brunswick,47.27443310871767,-66.39155698018575,,,,,NAD83,,232.0,60.0,170.69,1989.0,0,,474036,
gov:nb:R-58,gov:nb,R-58,,Yes,New Brunswick,47.27418904085305,-66.39028868779357,,,,,NAD83,,270.0,50.0,91.44,1989.0,0,,474036,
gov:nb:R-59,gov:nb,R-59,,Yes,New Brunswick,47.27112751397924,-66.38699102939833,,,,,NAD83,,270.0,50.0,53.34,1989.0,0,,474036,
gov:nb:R-60,gov:nb,R-60,,Yes,New Brunswick,47.268181121788054,-66.38201518603789,,,,,NAD83,,270.0,50.0,60.96,1990.0,0,,474036,
gov:nb:R-61,gov:nb,R-61,,Yes,New Brunswick,47.26135891236692,-66.37003251059971,,,,,NAD83,,270.0,50.0,67.06,1989.0,0,,474036,
gov:nb:R-62,gov:nb,R-62,,Yes,New Brunswick,47.26273316101861,-66.37638496213779,,,,,NAD83,,270.0,50.0,51.82,1989.0,0,,474036,
gov:nb:R-63,gov:nb,R-63,,Yes,New Brunswick,47.272343830247486,-66.38902373331317,,,,,NAD83,,270.0,45.0,137.16,1989.0,0,,474036,
gov:nb:R-64,gov:nb,R-64,,Yes,New Brunswick,47.27464923943872,-66.39182087449936,,,,,NAD83,,232.0,63.0,210.31,1989.0,0,,474036,
gov:nb:R-65,gov:nb,R-65,,Yes,New Brunswick,47.26802843443765,-66.38224017852046,,,,,NAD83,,270.0,60.0,60.96,1989.0,0,,474036,
gov:nb:R-66,gov:nb,R-66,,Yes,New Brunswick,47.26788472828835,-66.38245193497632,,,,,NAD83,,90.0,60.0,50.29,1989.0,0,,474036,
gov:nb:R-67,gov:nb,R-67,,Yes,New Brunswick,47.26708317531231,-66.38148901928055,,,,,NAD83,,90.0,50.0,78.03,1990.0,0,,474036,
gov:nb:R-68,gov:nb,R-68,,Yes,New Brunswick,47.26809290224136,-66.38372012015064,,,,,NAD83,,90.0,56.0,96.32000000000001,1990.0,0,,474036,
gov:nb:R-69,gov:nb,R-69,,Yes,New Brunswick,47.265756583990175,-66.38614345000532,,,,,NAD83,,90.0,47.0,110.03,1990.0,0,,474036,
gov:nb:R-70,gov:nb,R-70,,Yes,New Brunswick,47.26794015834616,-66.38389224752613,,,,,NAD83,,90.0,60.0,56.08,1990.0,0,,474036,
gov:nb:HN-87-10,gov:nb,HN-87-10,,Yes,New Brunswick,47.312833439250106,-66.31992566714219,,,,,NAD83,,160.0,87.0,821.436,1987.0,0,,473442,
gov:nb:HN-87-6,gov:nb,HN-87-6,,Yes,New Brunswick,47.31415356640113,-66.31855888768584,,,,,NAD83,,115.0,89.0,913.4856000000001,1987.0,0,,473442,
gov:nb:HN-87-9,gov:nb,HN-87-9,,Yes,New Brunswick,47.31415407999203,-66.32470918508666,,,,,NAD83,,160.0,87.0,921.1056000000001,1987.0,0,,473442,
gov:nb:HN88-12,gov:nb,HN88-12,,Yes,New Brunswick,47.31512649568929,-66.31383365023643,,,,,NAD83,,110.0,75.0,933.9072,1988.0,0,,473735,
gov:nb:HN88-13,gov:nb,HN88-13,,Yes,New Brunswick,47.31157437552863,-66.31440152677047,,,,,NAD83,,110.0,80.0,575.1576,1988.0,0,,473735,
gov:nb:HN88-14,gov:nb,HN88-14,,Yes,New Brunswick,47.31067211391944,-66.31831943882675,,,,,NAD83,,150.0,85.0,623.9256,1988.0,0,,473735,
gov:nb:HN88-15,gov:nb,HN88-15,,Yes,New Brunswick,47.31426179716332,-66.31874369033929,,,,,NAD83,,150.0,87.5,904.3416000000001,1988.0,0,,473735,
gov:nb:HN88-16,gov:nb,HN88-16,,Yes,New Brunswick,47.31366350501433,-66.32154970430489,,,,,NAD83,,150.0,89.0,905.2560000000001,1988.0,0,,473735,
gov:nb:HN88-17,gov:nb,HN88-17,,Yes,New Brunswick,47.31343975347416,-66.32227789758466,,,,,NAD83,,150.0,89.0,758.952,1988.0,0,,473735,
gov:nb:HN88-18,gov:nb,HN88-18,,Yes,New Brunswick,47.314716836282294,-66.32214137810023,,,,,NAD83,,150.0,76.2,830.2752,1988.0,0,,473735,
gov:nb:HN 88-19B,gov:nb,HN 88-19B,,Yes,New Brunswick,47.31630904833581,-66.32220220552531,,,,,NAD83,,160.0,78.0,984.5,1989.0,0,,473841,
gov:nb:HN 89-20,gov:nb,HN 89-20,,Yes,New Brunswick,47.31565744817604,-66.31965160005291,,,,,NAD83,,160.0,89.0,991.82,1989.0,0,,473841,
gov:nb:HN 89-21,gov:nb,HN 89-21,,Yes,New Brunswick,47.31711000554196,-66.31671025550028,,,,,NAD83,,115.0,80.0,792.48,1989.0,0,,473841,
gov:nb:HN 90-23,gov:nb,HN 90-23,,Yes,New Brunswick,47.32187335629411,-66.31420695756209,,,,,NAD83,,156.0,76.0,619.3536,1990.0,0,,474014,
gov:nb:HN 90-25,gov:nb,HN 90-25,,Yes,New Brunswick,47.32220267721645,-66.31204957375685,,,,,NAD83,,154.0,70.0,624.5352,1990.0,0,,474014,
gov:nb:HN92-27,gov:nb,HN92-27,,Yes,New Brunswick,47.31459773184708,-66.32662557866557,,,,,NAD83,,201.0,-74.0,868.46664,1992.0,0,,474300,
gov:nb:HN92-28,gov:nb,HN92-28,,Yes,New Brunswick,47.31173465124935,-66.32486261708134,,,,,NAD83,,200.0,-83.0,627.46128,1992.0,0,,474282,
gov:nb:ILN-97-9,gov:nb,ILN-97-9,,Yes,New Brunswick,47.506309847437805,-66.26888059317187,,,,,NAD83,,160.0,-47.0,249.63,1997.0,0,,475087,
gov:nb:Tom98-15,gov:nb,Tom98-15,,Yes,New Brunswick,47.331726230219395,-65.97603129355409,,,,,NAD83,,154.0,-45.0,175.26,1998.0,0,,475096,
gov:nb:ILN-97-10,gov:nb,ILN-97-10,,Yes,New Brunswick,47.50518288460209,-66.26755809762633,,,,,NAD83,,342.0,-56.0,192.02,1997.0,0,,475087,
gov:nb:Tom98-14,gov:nb,Tom98-14,,Yes,New Brunswick,47.32400797862374,-65.97990384319189,,,,,NAD83,,147.0,-45.0,167.64000000000001,1998.0,0,,475096,
gov:nb:ILN-97-11,gov:nb,ILN-97-11,,Yes,New Brunswick,47.50475969319877,-66.26733429414098,,,,,NAD83,,340.0,-56.0,211.84,1997.0,0,,475087,
gov:nb:Tom98-13,gov:nb,Tom98-13,,Yes,New Brunswick,47.326361133551515,-65.9953066306402,,,,,NAD83,,,-45.0,167.64000000000001,1998.0,0,,475096,
gov:nb:ILN-97-12,gov:nb,ILN-97-12,,Yes,New Brunswick,47.50511842676733,-66.26681503539339,,,,,NAD83,,340.0,-50.0,336.8,1997.0,0,,475087,
gov:nb:Tom98-20,gov:nb,Tom98-20,,Yes,New Brunswick,47.32591050130378,-65.99101130673718,,,,,NAD83,,343.0,-45.0,100.58,1998.0,0,,475096,
gov:nb:ILN-97-13,gov:nb,ILN-97-13,,Yes,New Brunswick,47.505360096405184,-66.26622991467895,,,,,NAD83,,340.0,-45.0,324.61,1997.0,0,,475087,
gov:nb:Tom98-21,gov:nb,Tom98-21,,Yes,New Brunswick,47.32627420127279,-65.98985686165385,,,,,NAD83,,356.0,-70.0,124.97,1998.0,0,,475096,
gov:nb:Tom98-22,gov:nb,Tom98-22,,Yes,New Brunswick,47.32829452311209,-65.96522954949023,,,,,NAD83,,,-45.0,182.27,1998.0,0,,475096,
gov:nb:ILN-97-14,gov:nb,ILN-97-14,,Yes,New Brunswick,47.5055657460931,-66.27010505214085,,,,,NAD83,,160.0,-47.0,180.75,1997.0,0,,475087,
gov:nb:Tom98-23,gov:nb,Tom98-23,,Yes,New Brunswick,47.32950641088905,-65.9647014124451,,,,,NAD83,,,-45.0,124.97,1998.0,0,,475096,
gov:nb:OBJV-97-01,gov:nb,OBJV-97-01,,Yes,New Brunswick,47.62473246270205,-66.13419243100553,,,,,NAD83,,350.0,-60.0,803.0,1997.0,0,,475076,
gov:nb:OBJV-97-02,gov:nb,OBJV-97-02,,Yes,New Brunswick,47.624457531639585,-66.13829195870257,,,,,NAD83,,350.0,-62.0,653.0,1997.0,0,,475076,
gov:nb:AJV-97-01,gov:nb,AJV-97-01,,Yes,New Brunswick,47.62167611751378,-66.18359531473082,,,,,NAD83,,178.0,-60.0,486.2,1997.0,0,,475076,
gov:nb:AJV-97-02,gov:nb,AJV-97-02,,Yes,New Brunswick,47.62167899456334,-66.17811435206426,,,,,NAD83,,178.0,-65.0,517.0,1997.0,0,,475076,
gov:nb:OBW-97-01,gov:nb,OBW-97-01,,Yes,New Brunswick,47.62166968709626,-66.20500029563684,,,,,NAD83,,3.0,-45.0,310.6,1997.0,0,,475076,
gov:nb:OBW-97-02,gov:nb,OBW-97-02,,Yes,New Brunswick,47.62196190730152,-66.21030669377019,,,,,NAD83,,3.0,-49.0,231.9,1997.0,0,,475076,
gov:nb:OBW-97-03,gov:nb,OBW-97-03,,Yes,New Brunswick,47.61778230423096,-66.2339011993747,,,,,NAD83,,330.0,-45.0,313.6,1997.0,0,,475076,
gov:nb:TLJV-97-01,gov:nb,TLJV-97-01,,Yes,New Brunswick,47.61485729071856,-66.09130989115823,,,,,NAD83,,177.0,45.0,359.40000000000003,1997.0,0,,475076,
gov:nb:BS-98-1,gov:nb,BS-98-1,,Yes,New Brunswick,47.39317878234789,-65.61941750813678,,,,,NAD83,,198.0,-55.0,706.53,1997.0,0,,475051,
gov:nb:BS-98-2,gov:nb,BS-98-2,,Yes,New Brunswick,47.40323958232904,-65.57509197506627,,,,,NAD83,,224.0,-55.0,740.0500000000001,1997.0,0,,475051,
gov:nb:PAB-96-1,gov:nb,PAB-96-1,,Yes,New Brunswick,47.42046238322728,-65.83782948277285,,,,,NAD83,,90.0,-47.0,199.0,1996.0,0,,475073,
gov:nb:PAB-97-1,gov:nb,PAB-97-1,,Yes,New Brunswick,47.42522424846972,-65.84160070084113,,,,,NAD83,,65.0,-45.0,196.3,1997.0,0,,475073,
gov:nb:PAB-97-2,gov:nb,PAB-97-2,,Yes,New Brunswick,47.427539596521825,-65.8438253705521,,,,,NAD83,,65.0,-45.0,153.6,1997.0,0,,475073,
gov:nb:PAB-97-4,gov:nb,PAB-97-4,,Yes,New Brunswick,47.432724511753314,-65.8460944866615,,,,,NAD83,,65.0,-52.0,462.08,1997.0,0,,475073,
gov:nb:CL-98-001,gov:nb,CL-98-001,,No,New Brunswick,47.475586283838055,-66.11445774851411,,,,,NAD83,,290.0,-66.0,404.5,1998.0,0,,475029,
gov:nb:NMB-97-1B,gov:nb,NMB-97-1B,,Yes,New Brunswick,47.32581880998034,-66.3405899839589,,,,,NAD83,,140.0,-87.0,1734.3,1997.0,0,,475039,
gov:nb:NB-97-10,gov:nb,NB-97-10,,Yes,New Brunswick,47.32621561288058,-65.87217997689945,,,,,NAD83,,268.5,-52.0,262.8,1997.0,0,,475035,
gov:nb:NB-97-11,gov:nb,NB-97-11,,Yes,New Brunswick,47.326240993349444,-65.87023491725922,,,,,NAD83,,269.0,-56.0,428.0,1997.0,0,,475035,
gov:nb:NB-97-12,gov:nb,NB-97-12,,Yes,New Brunswick,47.326719380317364,-65.87218727714324,,,,,NAD83,,268.0,-52.0,317.0,1997.0,0,,475035,
gov:nb:NB-97-13,gov:nb,NB-97-13,,Yes,New Brunswick,47.32610700967781,-65.87703652947393,,,,,NAD83,,90.0,-59.5,398.0,1997.0,0,,475035,
gov:nb:NB-97-14,gov:nb,NB-97-14,,Yes,New Brunswick,47.326624906915974,-65.87632930366706,,,,,NAD83,,90.0,-60.0,328.35,1997.0,0,,475035,
gov:nb:NB-97-15,gov:nb,NB-97-15,,Yes,New Brunswick,47.32559659318078,-65.8757989174309,,,,,NAD83,,90.0,-60.0,270.55,1997.0,0,,475035,
gov:nb:NB-97-16,gov:nb,NB-97-16,,Yes,New Brunswick,47.32508404584772,-65.87583137404614,,,,,NAD83,,90.0,-60.0,296.0,1997.0,0,,475035,
gov:nb:Tom97-1,gov:nb,Tom97-1,,Yes,New Brunswick,47.31571432410934,-65.96608312982247,,,,,NAD83,,183.0,-45.0,99.06,1997.0,0,,475037,
gov:nb:NB-97-17,gov:nb,NB-97-17,,Yes,New Brunswick,47.32716186248594,-65.87582028933899,,,,,NAD83,,90.0,-60.0,281.0,1997.0,0,,475035,
gov:nb:NB-97-18,gov:nb,NB-97-18,,Yes,New Brunswick,47.32610078993391,-65.87588562454204,,,,,NAD83,,90.0,-60.0,308.0,1997.0,0,,475035,
gov:nb:Tom97-2,gov:nb,Tom97-2,,Yes,New Brunswick,47.30944794729739,-65.96097468125026,,,,,NAD83,,,-45.0,28.96,1997.0,0,,475037,
gov:nb:Tom97-3,gov:nb,Tom97-3,,Yes,New Brunswick,47.30971348603139,-65.9619771374258,,,,,NAD83,,105.0,-45.0,99.06,1997.0,0,,475037,
gov:nb:NB-97-19,gov:nb,NB-97-19,,Yes,New Brunswick,47.325120778923676,-65.8743095649113,,,,,NAD83,,90.0,-60.0,293.0,1997.0,0,,475035,
gov:nb:Tom98-24,gov:nb,Tom98-24,,Yes,New Brunswick,47.310592067528425,-65.96134667031703,,,,,NAD83,,,-45.0,100.58,1998.0,0,,475037,
gov:nb:MF-97-1,gov:nb,MF-97-1,,Yes,New Brunswick,47.39226548972233,-66.34993712193894,,,,,NAD83,,250.0,-52.5,323.0,1997.0,0,,475021,
gov:nb:SN97-1,gov:nb,SN97-1,,Yes,New Brunswick,47.318458530615494,-66.14632164639212,,,,,NAD83,,,-60.0,413.31,1997.0,0,,475000,
gov:nb:CP-97-1,gov:nb,CP-97-1,,Yes,New Brunswick,47.41783709496353,-66.36404487062065,,,,,NAD83,,270.0,-45.0,302.0,1997.0,0,,475020,
gov:nb:CP-97-2,gov:nb,CP-97-2,,Yes,New Brunswick,47.41249747826119,-66.36684119593991,,,,,NAD83,,270.0,-45.0,263.0,1997.0,0,,475020,
gov:nb:CP-97-3,gov:nb,CP-97-3,,Yes,New Brunswick,47.41608512678502,-66.36575882498362,,,,,NAD83,,270.0,-45.0,275.0,1997.0,0,,475020,
gov:nb:NB-97-02,gov:nb,NB-97-02,,Yes,New Brunswick,47.32887503822251,-65.886649096167,,,,,NAD83,,70.0,-56.0,255.12,1997.0,0,,475002,
gov:nb:NB-97-03,gov:nb,NB-97-03,,Yes,New Brunswick,47.35688992564196,-65.91518393059867,,,,,NAD83,,68.0,-55.0,246.04,1997.0,0,,475002,
gov:nb:NB-97-06,gov:nb,NB-97-06,,Yes,New Brunswick,47.346375815140746,-65.91009806535189,,,,,NAD83,,68.0,-55.0,67.67,1997.0,0,,475002,
gov:nb:NB-97-07,gov:nb,NB-97-07,,Yes,New Brunswick,47.346394413002734,-65.91021697130412,,,,,NAD83,,61.0,-57.0,541.64,1997.0,0,,475002,
gov:nb:NB-97-09,gov:nb,NB-97-09,,Yes,New Brunswick,47.35219827039849,-65.94136340311182,,,,,NAD83,,155.0,-50.0,124.05,1997.0,0,,475002,
gov:nb:HL-97-01,gov:nb,HL-97-01,,Yes,New Brunswick,47.06449614020823,-66.99626499697139,,,,,NAD83,,23.0,-45.0,116.0,1997.0,0,,475004,
gov:nb:CH-97-01,gov:nb,CH-97-01,,No,New Brunswick,47.11136640996058,-66.24012079976508,,,,,NAD83,,234.0,70.0,365.0,1997.0,0,,475010,
gov:nb:HL-97-02,gov:nb,HL-97-02,,Yes,New Brunswick,47.06549967495885,-66.9951025569148,,,,,NAD83,,203.0,-45.0,125.0,1997.0,0,,475004,
gov:nb:HL-97-03,gov:nb,HL-97-03,,Yes,New Brunswick,47.064321272705655,-66.99299846130964,,,,,NAD83,,238.0,-45.0,111.0,1997.0,0,,475004,
gov:nb:CH-97-02,gov:nb,CH-97-02,,No,New Brunswick,47.10201578736632,-66.22288160407602,,,,,NAD83,,147.0,70.0,389.0,1997.0,0,,475010,
gov:nb:BR-94-5,gov:nb,BR-94-5,,Yes,New Brunswick,47.455162122441116,-65.6931351026793,,,,,NAD83,,65.0,-70.0,390.14,1994.0,0,,475001,
gov:nb:BR-94-6,gov:nb,BR-94-6,,Yes,New Brunswick,47.45774241419792,-65.68654423496544,,,,,NAD83,,280.0,-55.0,608.1,1994.0,0,,475001,
gov:nb:BR-94-7,gov:nb,BR-94-7,,Yes,New Brunswick,47.46161738750846,-65.68628596782091,,,,,NAD83,,280.0,-56.0,507.90000000000003,1994.0,0,,475001,
gov:nb:BR-94-8,gov:nb,BR-94-8,,Yes,New Brunswick,47.46558011280301,-65.6947012973046,,,,,NAD83,,80.0,-47.0,590.1,1994.0,0,,475001,
gov:nb:BR-94-9,gov:nb,BR-94-9,,Yes,New Brunswick,47.46440505718583,-65.70556921542833,,,,,NAD83,,70.0,-46.0,247.8,1994.0,0,,475001,
gov:nb:BR-94-10,gov:nb,BR-94-10,,Yes,New Brunswick,47.45718377097472,-65.68131413456139,,,,,NAD83,,276.0,-64.0,808.3000000000001,1994.0,0,,475001,
gov:nb:BR-94-11,gov:nb,BR-94-11,,Yes,New Brunswick,47.46028691498263,-65.68003285451242,,,,,NAD83,,280.0,-61.0,784.9,1994.0,0,,475001,
gov:nb:BR-94-12,gov:nb,BR-94-12,,Yes,New Brunswick,47.46429164122952,-65.69567584432001,,,,,NAD83,,74.0,-51.0,801.3000000000001,1994.0,0,,475001,
gov:nb:BR-95-13,gov:nb,BR-95-13,,Yes,New Brunswick,47.463417318545886,-65.68387089272852,,,,,NAD83,,280.0,-56.0,272.0,1995.0,0,,475001,
gov:nb:BR-95-14,gov:nb,BR-95-14,,Yes,New Brunswick,47.46386718565435,-65.66624928009685,,,,,NAD83,,250.0,-57.0,364.0,1995.0,0,,475001,
gov:nb:TBD96-35,gov:nb,TBD96-35,,2,New Brunswick,47.35222374126436,-66.01675561900934,,,,,NAD83,,45.0,-45.0,101.5,1996.0,0,,474984,
gov:nb:TBD96-36,gov:nb,TBD96-36,,2,New Brunswick,47.3504300871343,-66.01588509648688,,,,,NAD83,,45.0,-45.0,101.5,1996.0,0,,474984,
gov:nb:TBD96-37,gov:nb,TBD96-37,,2,New Brunswick,47.348099746415535,-66.01758128014416,,,,,NAD83,,45.0,-45.0,101.5,1996.0,0,,474984,
gov:nb:KH-97-4,gov:nb,KH-97-4,,Yes,New Brunswick,47.44815647185198,-65.6241558961368,,,,,NAD83,,232.0,-52.0,661.1,1997.0,0,,474979,
gov:nb:WL-03,gov:nb,WL-03,,Yes,New Brunswick,47.41668853289351,-66.00782151374781,,,,,NAD83,,135.0,-60.0,495.8,1997.0,0,,474966,
gov:nb:WL-04,gov:nb,WL-04,,Yes,New Brunswick,47.40054753622944,-66.02835947908254,,,,,NAD83,,135.0,-50.0,281.0,1997.0,0,,474966,
gov:nb:44M-01,gov:nb,44M-01,,Yes,New Brunswick,47.45968164713366,-66.25135122751175,,,,,NAD83,,250.0,-80.0,436.0,1997.0,0,,474965,
gov:nb:44M-02,gov:nb,44M-02,,Yes,New Brunswick,47.46393577203578,-66.27304403441745,,,,,NAD83,,107.0,-90.0,456.5,1997.0,0,,474965,
gov:nb:44M-03,gov:nb,44M-03,,Yes,New Brunswick,47.50404406275328,-66.36631962090227,,,,,NAD83,,70.0,-50.0,62.0,1997.0,0,,474964,
gov:nb:44M-04,gov:nb,44M-04,,Yes,New Brunswick,47.50315579898476,-66.37636989355055,,,,,NAD83,,250.0,-50.0,335.0,1997.0,0,,474964,
gov:nb:44M-05,gov:nb,44M-05,,Yes,New Brunswick,47.50412469019438,-66.36604066935548,,,,,NAD83,,70.0,-55.0,223.05,1997.0,0,,474964,
gov:nb:BM97-1,gov:nb,BM97-1,,Yes,New Brunswick,47.164482426799275,-67.06094942505653,,,,,NAD83,,,-50.0,100.89,1997.0,0,,474958,
gov:nb:BM97-2,gov:nb,BM97-2,,Yes,New Brunswick,47.16898515557281,-67.05992812445606,,,,,NAD83,,,-50.0,208.0,1997.0,0,,474958,
gov:nb:BM97-4,gov:nb,BM97-4,,Yes,New Brunswick,47.146795411107895,-67.08658112881247,,,,,NAD83,,,-50.0,99.0,1997.0,0,,474958,
gov:nb:BM97-5,gov:nb,BM97-5,,Yes,New Brunswick,47.14620139160753,-67.08487374210564,,,,,NAD83,,,-50.0,89.92,1997.0,0,,474958,
gov:nb:BM97-6,gov:nb,BM97-6,,Yes,New Brunswick,47.14656478524106,-67.08946617563274,,,,,NAD83,,,-50.0,145.0,1997.0,0,,474958,
gov:nb:BM97-7,gov:nb,BM97-7,,Yes,New Brunswick,47.14743480730063,-67.09171727371682,,,,,NAD83,,,-50.0,154.0,1997.0,0,,474958,
gov:nb:BM97-8,gov:nb,BM97-8,,Yes,New Brunswick,47.148199255332486,-67.08999839185543,,,,,NAD83,,,-50.0,141.0,1997.0,0,,474958,
gov:nb:BM97-3,gov:nb,BM97-3,,Yes,New Brunswick,47.17214980782875,-67.06213780886448,,,,,NAD83,,,-50.0,99.60000000000001,1997.0,0,,474958,
gov:nb:BM97-9,gov:nb,BM97-9,,Yes,New Brunswick,47.15183245235673,-67.07056186190322,,,,,NAD83,,,-50.0,312.42,1997.0,0,,474958,
gov:nb:LBM 96-4,gov:nb,LBM 96-4,,Yes,New Brunswick,47.33557269073751,-66.39188256586881,,,,,NAD83,,270.0,-56.0,482.0,1996.0,0,,474945,
gov:nb:LBM 96-5,gov:nb,LBM 96-5,,Yes,New Brunswick,47.33878910254768,-66.38791951268311,,,,,NAD83,,270.0,-70.0,481.0,1996.0,0,,474945,
gov:nb:LBM 96-6,gov:nb,LBM 96-6,,Yes,New Brunswick,47.30145928097505,-66.35509835072628,,,,,NAD83,,180.0,-80.0,515.0,1996.0,0,,474945,
gov:nb:LBM 96-7,gov:nb,LBM 96-7,,Yes,New Brunswick,47.309559706258845,-66.36660882160172,,,,,NAD83,,180.0,-45.0,313.0,1996.0,0,,474945,
gov:nb:LBM 96-8,gov:nb,LBM 96-8,,Yes,New Brunswick,47.32383887622405,-66.37845261825643,,,,,NAD83,,180.0,-50.0,502.0,1996.0,0,,474945,
gov:nb:LBM 96-9,gov:nb,LBM 96-9,,Yes,New Brunswick,47.336824761802745,-66.3844303772029,,,,,NAD83,,268.0,-70.0,566.0,1996.0,0,,474945,
gov:nb:TBD96-27,gov:nb,TBD96-27,,Yes,New Brunswick,47.34277821391122,-65.9996903895222,,,,,NAD83,,,-45.0,101.5,1996.0,0,,474923,
gov:nb:TBD96-28,gov:nb,TBD96-28,,Yes,New Brunswick,47.34501082703017,-66.00219717686612,,,,,NAD83,,,-45.0,101.5,1996.0,0,,474923,
gov:nb:TBD96-29,gov:nb,TBD96-29,,Yes,New Brunswick,47.346396005167364,-66.00218424249293,,,,,NAD83,,,-45.0,101.5,1996.0,0,,474923,
gov:nb:TBD96-30,gov:nb,TBD96-30,,Yes,New Brunswick,47.34833290596553,-66.00078970871613,,,,,NAD83,,,-45.0,101.5,1996.0,0,,474923,
gov:nb:TBD96-31,gov:nb,TBD96-31,,Yes,New Brunswick,47.34973910431616,-65.99940005713648,,,,,NAD83,,,-45.0,101.5,1996.0,0,,474923,
gov:nb:NB-97-01,gov:nb,NB-97-01,,Yes,New Brunswick,47.324089296040064,-65.87651769933818,,,,,NAD83,,63.0,-64.0,463.6,1997.0,0,,474903,
gov:nb:NB-97-04,gov:nb,NB-97-04,,Yes,New Brunswick,47.32510704067969,-65.87675716163858,,,,,NAD83,,59.0,-62.0,370.94,1997.0,0,,474903,
gov:nb:NB-97-05,gov:nb,NB-97-05,,Yes,New Brunswick,47.32228394142072,-65.87534821860294,,,,,NAD83,,68.0,-62.0,357.23,1997.0,0,,474903,
gov:nb:NB-97-08,gov:nb,NB-97-08,,Yes,New Brunswick,47.32746196743355,-65.87145088827266,,,,,NAD83,,248.0,-52.0,398.3,1997.0,0,,474903,
gov:nb:SW-96-01,gov:nb,SW-96-01,,Yes,New Brunswick,47.01555598522852,-67.1209651830112,,,,,NAD83,,62.0,-45.0,62.2,1996.0,0,,474898,
gov:nb:SW-96-02,gov:nb,SW-96-02,,Yes,New Brunswick,47.01555598522852,-67.1209651830112,,,,,NAD83,,62.0,-68.0,73.0,1996.0,0,,474898,
gov:nb:SW-96-03,gov:nb,SW-96-03,,Yes,New Brunswick,47.01550286529321,-67.12080673218873,,,,,NAD83,,110.0,-45.0,28.0,1996.0,0,,474898,
gov:nb:SW-96-04,gov:nb,SW-96-04,,Yes,New Brunswick,47.01543061849134,-67.12085851085413,,,,,NAD83,,65.0,-50.0,44.4,1996.0,0,,474898,
gov:nb:SW-96-05,gov:nb,SW-96-05,,Yes,New Brunswick,47.01543061849134,-67.12085851085413,,,,,NAD83,,62.0,-62.25,97.0,1996.0,0,,474898,
gov:nb:SW-96-06,gov:nb,SW-96-06,,Yes,New Brunswick,47.01560053580701,-67.1210446162503,,,,,NAD83,,65.0,-45.0,87.0,1996.0,0,,474898,
gov:nb:SW-96-07,gov:nb,SW-96-07,,Yes,New Brunswick,47.01579291678268,-67.12040233035202,,,,,NAD83,,229.0,-45.0,147.0,1996.0,0,,474898,
gov:nb:SW-96-08,gov:nb,SW-96-08,,Yes,New Brunswick,47.01626457521057,-67.11968433774202,,,,,NAD83,,224.0,-45.0,332.0,1996.0,0,,474898,
gov:nb:SW-96-09,gov:nb,SW-96-09,,Yes,New Brunswick,47.01539605698042,-67.12059504979172,,,,,NAD83,,180.0,-55.0,119.60000000000001,1996.0,0,,474898,
gov:nb:SW-96-10,gov:nb,SW-96-10,,Yes,New Brunswick,47.01477807400879,-67.12008810785402,,,,,NAD83,,315.0,-56.0,464.0,1996.0,0,,474898,
gov:nb:12-94-294,gov:nb,12-94-294,,Yes,New Brunswick,47.507050955069474,-65.90314967719189,,,,,NAD83,,108.0,-51.0,757.0,1994.0,0,,474885,
gov:nb:LR-95-298,gov:nb,LR-95-298,,Yes,New Brunswick,47.46342201023038,-65.90922384093213,,,,,NAD83,,105.0,-55.0,539.5,1995.0,0,,474885,
gov:nb:LR-95-299,gov:nb,LR-95-299,,Yes,New Brunswick,47.461062218937364,-65.90684943795222,,,,,NAD83,,72.0,-47.0,414.0,1995.0,0,,474885,
gov:nb:OBJV-96-01,gov:nb,OBJV-96-01,,Yes,New Brunswick,47.624731416514464,-66.14249416606019,,,,,NAD83,,350.0,62.0,504.0,1996.0,0,,474884,
gov:nb:OBJV-96-02,gov:nb,OBJV-96-02,,Yes,New Brunswick,47.62612009512208,-66.1349944048471,,,,,NAD83,,350.0,60.0,373.0,1996.0,0,,474884,
gov:nb:AJV-96-01,gov:nb,AJV-96-01,,Yes,New Brunswick,47.62000448190237,-66.18078510759702,,,,,NAD83,,183.0,-50.0,330.0,1996.0,0,,474884,
gov:nb:AJV-96-02,gov:nb,AJV-96-02,,Yes,New Brunswick,47.62057144790578,-66.1874996950959,,,,,NAD83,,183.0,-50.0,333.0,1996.0,0,,474884,
gov:nb:AJV-96-03,gov:nb,AJV-96-03,,Yes,New Brunswick,47.62056623442073,-66.17579309855242,,,,,NAD83,,183.0,-50.0,333.0,1996.0,0,,474884,
gov:nb:TLJV-96-01,gov:nb,TLJV-96-01,,Yes,New Brunswick,47.61111425752061,-66.0686079739593,,,,,NAD83,,242.0,-60.0,225.0,1996.0,0,,474884,
gov:nb:WL-01,gov:nb,WL-01,,Yes,New Brunswick,47.41584655680711,-66.01077121107777,,,,,NAD83,,311.0,-57.0,675.0,1996.0,0,,474881,
gov:nb:WL-02,gov:nb,WL-02,,Yes,New Brunswick,47.41115504624997,-66.02242192925097,,,,,NAD83,,312.0,-57.0,537.0,1996.0,0,,474881,
gov:nb:RCW95-1,gov:nb,RCW95-1,,Yes,New Brunswick,47.28863326766018,-65.91841716533135,,,,,NAD83,,194.0,-45.0,229.81920000000002,1995.0,0,,474877,
gov:nb:RCW96-2,gov:nb,RCW96-2,,Yes,New Brunswick,47.28938353968176,-65.92093410793765,,,,,NAD83,,194.0,-65.0,309.9816,1996.0,0,,474877,
gov:nb:RCW96-3,gov:nb,RCW96-3,,Yes,New Brunswick,47.290503235854146,-65.91821170554485,,,,,NAD83,,194.0,,634.8984,1996.0,0,,474877,
gov:nb:RR-93-1,gov:nb,RR-93-1,,Yes,New Brunswick,47.276290204848216,-65.91277562835768,,,,,NAD83,,337.0,-45.0,121.92,1993.0,0,,474880,
gov:nb:RR-93-2,gov:nb,RR-93-2,,Yes,New Brunswick,47.277804887106235,-65.91345950977092,,,,,NAD83,,157.0,-45.0,109.72800000000001,1993.0,0,,474880,
gov:nb:RR-93-3,gov:nb,RR-93-3,,Yes,New Brunswick,47.27699283562654,-65.92367228352911,,,,,NAD83,,157.0,-45.0,173.12640000000002,1993.0,0,,474880,
gov:nb:RR-96-4,gov:nb,RR-96-4,,Yes,New Brunswick,47.27681330985448,-65.92555108885166,,,,,NAD83,,157.0,-55.0,409.98648000000003,1996.0,0,,474880,
gov:nb:RR-96-5,gov:nb,RR-96-5,,Yes,New Brunswick,47.27779619248003,-65.92063677839353,,,,,NAD83,,157.0,-55.0,601.8276000000001,1996.0,0,,474880,
gov:nb:RR-96-6,gov:nb,RR-96-6,,Yes,New Brunswick,47.27670525216064,-65.92733659375496,,,,,NAD83,,157.0,-55.0,592.9884000000001,1996.0,0,,474880,
gov:nb:RR-96-7,gov:nb,RR-96-7,,Yes,New Brunswick,47.277830771031276,-65.92575162780311,,,,,NAD83,,157.0,-60.0,451.98792,1996.0,0,,474880,
gov:nb:RR-96-8,gov:nb,RR-96-8,,Yes,New Brunswick,47.27871771489301,-65.92683917318148,,,,,NAD83,,157.0,-65.0,639.22656,1996.0,0,,474880,
gov:nb:RR-96-9,gov:nb,RR-96-9,,Yes,New Brunswick,47.274082125013976,-65.92803876821041,,,,,NAD83,,157.0,-55.0,466.9536,1996.0,0,,474880,
gov:nb:RIF-95-1,gov:nb,RIF-95-1,,Yes,New Brunswick,47.2717935284076,-65.92186490331717,,,,,NAD83,,157.0,-50.0,241.0968,1995.0,0,,474880,
gov:nb:MC-96-1,gov:nb,MC-96-1,,Yes,New Brunswick,47.673743071670565,-66.98310329024497,,,,,NAD83,,297.0,-45.0,327.66,1996.0,0,,474866,
gov:nb:MC-96-2,gov:nb,MC-96-2,,Yes,New Brunswick,47.674156712346104,-66.99378695401684,,,,,NAD83,,297.0,-45.0,196.6,1996.0,0,,474866,
gov:nb:MC-96-3,gov:nb,MC-96-3,,Yes,New Brunswick,47.674120494152504,-66.98747456955317,,,,,NAD83,,297.0,-45.0,128.01,1996.0,0,,474866,
gov:nb:SB-96-20,gov:nb,SB-96-20,,Yes,New Brunswick,47.05675176570279,-67.02364812431752,,,,,NAD83,,111.0,-45.0,335.0,1996.0,0,,474874,
gov:nb:SB-96-21,gov:nb,SB-96-21,,Yes,New Brunswick,47.073597576080005,-67.0168605579886,,,,,NAD83,,115.0,-45.0,351.5,1996.0,0,,474874,
gov:nb:SB-96-22,gov:nb,SB-96-22,,Yes,New Brunswick,47.06664207375496,-67.02315063374141,,,,,NAD83,,115.0,-50.0,404.40000000000003,1996.0,0,,474874,
gov:nb:SB-96-23,gov:nb,SB-96-23,,Yes,New Brunswick,47.06976861972383,-67.03225481134776,,,,,NAD83,,135.0,-45.0,212.0,1996.0,0,,474874,
gov:nb:SB-96-24,gov:nb,SB-96-24,,Yes,New Brunswick,47.068000115480004,-67.02101952682932,,,,,NAD83,,115.0,-47.0,278.0,1996.0,0,,474874,
gov:nb:SB-96-25,gov:nb,SB-96-25,,Yes,New Brunswick,47.068000115480004,-67.02101952682932,,,,,NAD83,,115.0,-60.0,290.0,1996.0,0,,474874,
gov:nb:NB-95-1,gov:nb,NB-95-1,,Yes,New Brunswick,47.35331761233827,-65.8704841962101,,,,,NAD83,,100.0,-45.0,300.32,1995.0,0,,474868,
gov:nb:CH-96-02,gov:nb,CH-96-02,,Yes,New Brunswick,47.10496009752864,-66.22780697553283,,,,,NAD83,,157.0,-80.0,501.7,1996.0,0,,474864,
gov:nb:CH-96-01,gov:nb,CH-96-01,,Yes,New Brunswick,47.11030075970222,-66.23048099971861,,,,,NAD83,,,-90.0,500.8,1996.0,0,,474864,
gov:nb:15-133-96-7,gov:nb,15-133-96-7,,Yes,New Brunswick,47.37071648453424,-66.04990124369755,,,,,NAD83,,158.0,-45.0,127.10000000000001,1996.0,0,,474853,
gov:nb:15-133-96-8,gov:nb,15-133-96-8,,Yes,New Brunswick,47.36859098580061,-66.04691370540553,,,,,NAD83,,158.0,-45.0,206.3,1996.0,0,,474853,
gov:nb:15-133-96-9,gov:nb,15-133-96-9,,Yes,New Brunswick,47.37044187760008,-66.04410421355747,,,,,NAD83,,158.0,-50.0,404.46000000000004,1996.0,0,,474853,
gov:nb:WE-93-1,gov:nb,WE-93-1,,Yes,New Brunswick,47.392377520596945,-66.12586916627693,,,,,NAD83,,340.0,-60.0,562.63,1993.0,0,,474845,
gov:nb:WE-93-2,gov:nb,WE-93-2,,Yes,New Brunswick,47.391629978660035,-66.13115947444626,,,,,NAD83,,6.0,-55.0,673.58,1993.0,0,,474845,
gov:nb:212-1,gov:nb,212-1,,Yes,New Brunswick,47.4111754635689,-66.0987057464954,,,,,NAD83,,157.0,73.0,300.5328,1981.0,0,,472867,
gov:nb:212-2,gov:nb,212-2,,Yes,New Brunswick,47.41143796268239,-66.09918079214175,,,,,NAD83,,201.0,74.5,378.5616,1981.0,0,,472867,
gov:nb:212-3,gov:nb,212-3,,Yes,New Brunswick,47.413263906323,-66.0991802899837,,,,,NAD83,,201.0,74.5,504.1392,1981.0,0,,472867,
gov:nb:212-4,gov:nb,212-4,,Yes,New Brunswick,47.41329804561763,-66.10124721372554,,,,,NAD83,,201.0,75.5,508.1016,1981.0,0,,472867,
gov:nb:212-6,gov:nb,212-6,,Yes,New Brunswick,47.41442314328189,-66.10671162655493,,,,,NAD83,,202.0,86.0,617.8296,1981.0,0,,472867,
gov:nb:OH-37,gov:nb,OH-37,,Yes,New Brunswick,47.47104224844945,-66.19860746866627,,,,,NAD83,,270.0,-70.0,46.0248,1969.0,0,,471382,
gov:nb:OH-38,gov:nb,OH-38,,Yes,New Brunswick,47.471014918989624,-66.1984749686038,,,,,NAD83,,270.0,-70.0,54.864000000000004,1969.0,0,,471382,
gov:nb:OH-39,gov:nb,OH-39,,Yes,New Brunswick,47.47131156357888,-66.19840695715946,,,,,NAD83,,270.0,-70.0,64.61760000000001,1969.0,0,,471382,
gov:nb:OH-40,gov:nb,OH-40,,Yes,New Brunswick,47.47130222283923,-66.19827435436999,,,,,NAD83,,270.0,-70.0,62.484,1969.0,0,,471382,
gov:nb:OH-41,gov:nb,OH-41,,Yes,New Brunswick,47.47183234242011,-66.1980590923584,,,,,NAD83,,270.0,-70.0,68.2752,1969.0,0,,471382,
gov:nb:OH-42,gov:nb,OH-42,,Yes,New Brunswick,47.47017784409523,-66.1982542089649,,,,,NAD83,,270.0,-70.0,76.5048,1969.0,0,,471382,
gov:nb:OH-43,gov:nb,OH-43,,Yes,New Brunswick,47.470186214874964,-66.19801538597744,,,,,NAD83,,270.0,-70.0,76.5048,1969.0,0,,471382,
gov:nb:OH-44,gov:nb,OH-44,,Yes,New Brunswick,47.47182286257239,-66.1978734262746,,,,,NAD83,,270.0,-70.0,92.3544,1969.0,0,,471382,
gov:nb:OH-52,gov:nb,OH-52,,Yes,New Brunswick,47.47182126566671,-66.19726321264422,,,,,NAD83,,263.0,-60.0,128.01600000000002,1969.0,0,,471382,
gov:nb:OH-53,gov:nb,OH-53,,Yes,New Brunswick,47.47179271694358,-66.19666641862881,,,,,NAD83,,270.0,-60.0,199.644,1969.0,0,,471382,
gov:nb:OH-54,gov:nb,OH-54,,Yes,New Brunswick,47.47232335590919,-66.19665012314876,,,,,NAD83,,270.0,-57.0,167.94480000000001,1969.0,0,,471382,
gov:nb:OH-55,gov:nb,OH-55,,Yes,New Brunswick,47.47173707705579,-66.19602998315004,,,,,NAD83,,270.0,-60.0,244.1448,1969.0,0,,471382,
gov:nb:OH-56,gov:nb,OH-56,,Yes,New Brunswick,47.472321892089326,-66.19609296637115,,,,,NAD83,,270.0,-57.0,234.3912,1969.0,0,,471382,
gov:nb:OH-57,gov:nb,OH-57,,Yes,New Brunswick,47.47232907048878,-66.1954031017026,,,,,NAD83,,270.0,-63.0,278.892,1969.0,0,,471382,
gov:nb:OH-61,gov:nb,OH-61,,Yes,New Brunswick,47.47370480429973,-66.19523601988327,,,,,NAD83,,270.0,-67.0,361.49280000000005,1969.0,0,,471382,
gov:nb:145-1-81,gov:nb,145-1-81,,1,New Brunswick,47.464089216224735,-66.19510547527,,,,,NAD83,,270.0,-70.0,166.116,1981.0,0,,472948,
gov:nb:145-2-81,gov:nb,145-2-81,,1,New Brunswick,47.4696950463046,-66.19937122595015,,,,,NAD83,,270.0,-51.0,121.6152,1981.0,0,,472948,
gov:nb:145-3-81,gov:nb,145-3-81,,1,New Brunswick,47.4685487688494,-66.19785224877944,,,,,NAD83,,270.0,-50.0,152.0952,1981.0,0,,472948,
gov:nb:145-4-81,gov:nb,145-4-81,,1,New Brunswick,47.46851509842857,-66.19530558213077,,,,,NAD83,,270.0,-45.0,152.0952,1981.0,0,,472948,
gov:nb:145-6-83,gov:nb,145-6-83,,Yes,New Brunswick,47.47603382731506,-66.19162736533485,,,,,NAD83,,250.0,39.0,114.57432,1983.0,0,,473923,
gov:nb:145-7-83,gov:nb,145-7-83,,Yes,New Brunswick,47.47406604959715,-66.19922709535845,,,,,NAD83,,250.0,43.0,123.444,1983.0,0,,473923,
gov:nb:145-8-83,gov:nb,145-8-83,,Yes,New Brunswick,47.473926159929704,-66.19390812627014,,,,,NAD83,,250.0,72.5,426.4152,1983.0,0,,473923,
gov:nb:145-9-83,gov:nb,145-9-83,,Yes,New Brunswick,47.46694750786057,-66.19776850260148,,,,,NAD83,,250.0,40.0,92.6592,1983.0,0,,473923,
gov:nb:90-08-02,gov:nb,90-08-02,,,New Brunswick,47.014925245429886,-67.12115519676563,,,,,NAD83,,70.0,-47.0,85.7,1990.0,0,,474026,
gov:nb:90-08-03,gov:nb,90-08-03,,,New Brunswick,47.01602019024617,-67.12162820487916,,,,,NAD83,,75.0,-52.0,121.92,1990.0,0,,474026,
gov:nb:90-08-04,gov:nb,90-08-04,,,New Brunswick,47.01543478174649,-67.12175297090754,,,,,NAD83,,75.0,-60.0,345.95,1990.0,0,,474026,
gov:nb:90-08-05,gov:nb,90-08-05,,,New Brunswick,47.016557350385256,-67.12210793475029,,,,,NAD83,,75.0,-60.0,148.1,1990.0,0,,474026,
gov:nb:90-08-07,gov:nb,90-08-07,,,New Brunswick,47.01885844932535,-67.12245024451963,,,,,NAD83,,110.0,-46.0,53.34,1990.0,0,,474026,
gov:nb:90-08-08,gov:nb,90-08-08,,,New Brunswick,47.01931899087898,-67.12212672254101,,,,,NAD83,,110.0,-50.0,57.0,1990.0,0,,474026,
gov:nb:90-08-09,gov:nb,90-08-09,,,New Brunswick,47.01944271901601,-67.12253593073206,,,,,NAD83,,110.0,-60.0,122.0,1990.0,0,,474026,
gov:nb:90-08-10,gov:nb,90-08-10,,,New Brunswick,47.01552892816599,-67.12097802380582,,,,,NAD83,,75.0,-45.0,91.5,1990.0,0,,474026,
gov:nb:90-08-12,gov:nb,90-08-12,,,New Brunswick,47.0152113200054,-67.12148732675476,,,,,NAD83,,75.0,-60.0,160.1,1990.0,0,,474026,
gov:nb:90-08-13,gov:nb,90-08-13,,,New Brunswick,47.015762309978285,-67.12107279041032,,,,,NAD83,,75.0,-45.0,83.82000000000001,1990.0,0,,474026,
gov:nb:90-08-14,gov:nb,90-08-14,,,New Brunswick,47.01590488559768,-67.12132434801765,,,,,NAD83,,110.0,-45.0,106.8,1990.0,0,,474026,
gov:nb:90-08-15,gov:nb,90-08-15,,,New Brunswick,47.01590488559768,-67.12132434801765,,,,,NAD83,,110.0,-60.0,106.7,1990.0,0,,474026,
gov:nb:90-08-16,gov:nb,90-08-16,,,New Brunswick,47.015435990421565,-67.12152938186856,,,,,NAD83,,75.0,-45.0,61.0,1990.0,0,,474026,
gov:nb:90-08-17,gov:nb,90-08-17,,,New Brunswick,47.01500847616113,-67.1207352614373,,,,,NAD83,,75.0,-45.0,78.33,1990.0,0,,474026,
gov:nb:90-08-18,gov:nb,90-08-18,,,New Brunswick,47.01495852611194,-67.1216553951171,,,,,NAD83,,75.0,-49.0,151.0,1990.0,0,,474026,
gov:nb:90-08-19,gov:nb,90-08-19,,,New Brunswick,47.01759345085362,-67.12181738422939,,,,,NAD83,,110.0,-45.0,91.8,1990.0,0,,474026,
gov:nb:91-08-01D,gov:nb,91-08-01D,,,New Brunswick,47.01569141254243,-67.12087467412448,,,,,NAD83,,110.0,-45.0,47.9,1991.0,0,,474026,
gov:nb:91-08-02D,gov:nb,91-08-02D,,,New Brunswick,47.01560117501972,-67.12092624520724,,,,,NAD83,,110.0,-45.0,129.6,1991.0,0,,474026,
gov:nb:91-08-03D,gov:nb,91-08-03D,,,New Brunswick,47.01552892816599,-67.12097802380582,,,,,NAD83,,110.0,-45.0,47.24,1991.0,0,,474026,
gov:nb:91-08-04D,gov:nb,91-08-04D,,,New Brunswick,47.01542077092777,-67.12101623456168,,,,,NAD83,,110.0,-45.0,38.1,1991.0,0,,474026,
gov:nb:91-08-05D,gov:nb,91-08-05D,,,New Brunswick,47.0153304623029,-67.12108095742137,,,,,NAD83,,110.0,-45.0,153.92000000000002,1991.0,0,,474026,
gov:nb:91-08-06D,gov:nb,91-08-06D,,,New Brunswick,47.01537479966724,-67.12119984726948,,,,,NAD83,,110.0,-45.0,34.44,1991.0,0,,474026,
gov:nb:91-08-07D,gov:nb,91-08-07D,,,New Brunswick,47.01532061443479,-67.12123868079308,,,,,NAD83,,110.0,-45.0,50.9,1991.0,0,,474026,
gov:nb:91-08-08D,gov:nb,91-08-08D,,,New Brunswick,47.01546503731622,-67.12114827686139,,,,,NAD83,,110.0,-45.0,48.5,1991.0,0,,474026,
gov:nb:91-08-09D,gov:nb,91-08-09D,,,New Brunswick,47.01554627959375,-67.12109660241693,,,,,NAD83,,110.0,-45.0,52.43,1991.0,0,,474026,
gov:nb:91-08-11D,gov:nb,91-08-11D,,,New Brunswick,47.01572668374271,-67.12100661312452,,,,,NAD83,,110.0,-45.0,72.85000000000001,1991.0,0,,474026,
gov:nb:91-08-12D,gov:nb,91-08-12D,,,New Brunswick,47.015656141190036,-67.1207427352968,,,,,NAD83,,110.0,-45.0,35.1,1991.0,0,,474026,
gov:nb:91-08-13D,gov:nb,91-08-13D,,,New Brunswick,47.015547984032125,-67.12078094661523,,,,,NAD83,,110.0,-45.0,51.51,1991.0,0,,474026,
gov:nb:91-08-14D,gov:nb,91-08-14D,,,New Brunswick,47.0154757372425,-67.12083272535843,,,,,NAD83,,110.0,-45.0,30.5,1991.0,0,,474026,
gov:nb:91-08-15D,gov:nb,91-08-15D,,,New Brunswick,47.01538542872127,-67.12089744859237,,,,,NAD83,,110.0,-45.0,25.6,1991.0,0,,474026,
gov:nb:91-08-16D,gov:nb,91-08-16D,,,New Brunswick,47.01540107515196,-67.12133168180026,,,,,NAD83,,110.0,-45.0,119.8,1991.0,0,,474026,
gov:nb:91-08-17D,gov:nb,91-08-17D,,,New Brunswick,47.01550030820552,-67.12128021548322,,,,,NAD83,,110.0,-45.0,68.3,1991.0,0,,474026,
gov:nb:91-08-18D,gov:nb,91-08-18D,,,New Brunswick,47.01567171715236,-67.12119012300346,,,,,NAD83,,110.0,-45.0,66.8,1991.0,0,,474026,
gov:nb:91-08-20D,gov:nb,91-08-20D,,,New Brunswick,47.015581550541214,-67.1212285412047,,,,,NAD83,,110.0,-45.0,62.5,1991.0,0,,474026,
gov:nb:91-08-21D,gov:nb,91-08-21D,,,New Brunswick,47.01562581668273,-67.1213605840732,,,,,NAD83,,110.0,-45.0,68.3,1991.0,0,,474026,
gov:nb:91-08-22D,gov:nb,91-08-22D,,,New Brunswick,47.01570705905195,-67.12130890979667,,,,,NAD83,,110.0,-45.0,81.4,1991.0,0,,474026,
gov:nb:91-08-24D,gov:nb,91-08-24D,,,New Brunswick,47.01553550786955,-67.12142530659874,,,,,NAD83,,110.0,-45.0,75.60000000000001,1991.0,0,,474026,
gov:nb:91-08-25D,gov:nb,91-08-25D,,,New Brunswick,47.01572256169741,-67.12176945044592,,,,,NAD83,,110.0,-45.0,114.3,1991.0,0,,474026,
gov:nb:SB-95-01,gov:nb,SB-95-01,,1,New Brunswick,47.064806424673435,-67.02367950529343,,,,,NAD83,,112.0,-45.0,230.15,1995.0,0,,474709,
gov:nb:SB-95-04,gov:nb,SB-95-04,,1,New Brunswick,47.05864803203744,-67.02663302930058,,,,,NAD83,,112.0,-45.0,111.25,1995.0,0,,474709,
gov:nb:SB-95-05,gov:nb,SB-95-05,,1,New Brunswick,47.061940333034805,-67.0270777436443,,,,,NAD83,,112.0,-45.0,489.2,1995.0,0,,474709,
gov:nb:SB-96-07,gov:nb,SB-96-07,,1,New Brunswick,47.06173636222133,-67.04403411310193,,,,,NAD83,,112.0,-45.0,181.20000000000002,1996.0,0,,474709,
gov:nb:SB-96-08,gov:nb,SB-96-08,,1,New Brunswick,47.062858137264996,-67.01769363225476,,,,,NAD83,,112.0,-45.0,199.64000000000001,1996.0,0,,474709,
gov:nb:BR-2,gov:nb,BR-2,,Yes,New Brunswick,47.45778806345295,-65.69048251455618,,,,,NAD83,,70.0,-45.0,127.10000000000001,1988.0,0,,473587,
gov:nb:BR-3,gov:nb,BR-3,,Yes,New Brunswick,47.45986472894561,-65.69031825138573,,,,,NAD83,,250.0,-40.0,175.87,1988.0,0,,473587,
gov:nb:C-1,gov:nb,C-1,,Yes,New Brunswick,47.45668727237891,-65.69902692204487,,,,,NAD83,,246.0,-45.0,243.8281,1953.0,0,,471054,
gov:nb:C-2,gov:nb,C-2,,Yes,New Brunswick,47.45820182073221,-65.69822160029531,,,,,NAD83,,56.0,-45.0,172.2036,1953.0,0,,471054,
gov:nb:C-3,gov:nb,C-3,,Yes,New Brunswick,47.457743606360005,-65.69959455369461,,,,,NAD83,,246.0,-45.0,305.8519,1953.0,0,,471054,
gov:nb:KA921,gov:nb,KA921,,Yes,New Brunswick,47.44127383053579,-65.6995773278862,,,,,NAD83,,241.0,-73.0,780.288,1992.0,0,,474256,
gov:nb:KA9210,gov:nb,KA9210,,Yes,New Brunswick,47.433413977666795,-65.70242645716344,,,,,NAD83,,89.0,-70.0,949.45,1992.0,0,,474256,
gov:nb:KA9211,gov:nb,KA9211,,Yes,New Brunswick,47.44621203623173,-65.68542122107641,,,,,NAD83,,91.0,-53.0,266.39,1992.0,0,,474256,
gov:nb:KA9212,gov:nb,KA9212,,Yes,New Brunswick,47.44806494085003,-65.68032745890497,,,,,NAD83,,91.0,-50.0,221.28,1992.0,0,,474256,
gov:nb:KA9213,gov:nb,KA9213,,Yes,New Brunswick,47.45023647551331,-65.6745388400849,,,,,NAD83,,91.0,-50.0,169.46,1992.0,0,,474256,
gov:nb:KA9214,gov:nb,KA9214,,Yes,New Brunswick,47.45355342448524,-65.68182094241146,,,,,NAD83,,91.0,-45.0,145.08,1992.0,0,,474256,
gov:nb:KA9215,gov:nb,KA9215,,Yes,New Brunswick,47.4472267683476,-65.6902985830465,,,,,NAD83,,91.0,-51.0,95.09,1992.0,0,,474256,
gov:nb:KA922,gov:nb,KA922,,Yes,New Brunswick,47.43927061548367,-65.69736689302331,,,,,NAD83,,268.0,-65.0,1240.536,1992.0,0,,474256,
gov:nb:KA923,gov:nb,KA923,,Yes,New Brunswick,47.43582743506741,-65.6924739748492,,,,,NAD83,,272.0,-69.0,859.53,1992.0,0,,474256,
gov:nb:KA924,gov:nb,KA924,,Yes,New Brunswick,47.42736542419267,-65.69537273237952,,,,,NAD83,,87.0,-69.0,961.64,1992.0,0,,474256,
gov:nb:KA925,gov:nb,KA925,,Yes,New Brunswick,47.43776921478257,-65.70659029231183,,,,,NAD83,,91.0,-53.0,570.28,1992.0,0,,474256,
gov:nb:KA926,gov:nb,KA926,,Yes,New Brunswick,47.438890668720425,-65.69318315291873,,,,,NAD83,,91.0,-50.0,212.14000000000001,1992.0,0,,474256,
gov:nb:KA927,gov:nb,KA927,,Yes,New Brunswick,47.43501400959422,-65.68296789124008,,,,,NAD83,,91.0,-50.0,226.16,1992.0,0,,474256,
gov:nb:KA929,gov:nb,KA929,,Yes,New Brunswick,47.44031753780332,-65.68502097094807,,,,,NAD83,,91.0,-50.0,209.09,1992.0,0,,474256,
gov:nb:KA9310A,gov:nb,KA9310A,,Rio,New Brunswick,47.433413977666795,-65.70242645716344,,,,,NAD83,,60.0,-70.0,361.8,1993.0,0,,474379,
gov:nb:KE-1,gov:nb,KE-1,,Yes,New Brunswick,47.443583381965105,-65.68384389524329,,,,,NAD83,,245.0,-45.0,91.44,1976.0,0,,470416,
gov:nb:KE10,gov:nb,KE10,,No,New Brunswick,47.444027939621776,-65.67930244943982,,,,,NAD83,,248.0,-45.0,121.92,1990.0,0,,473953,
gov:nb:KE11,gov:nb,KE11,,No,New Brunswick,47.4469319256143,-65.68546323014013,,,,,NAD83,,248.0,-45.0,121.92,1990.0,0,,473953,
gov:nb:KE12,gov:nb,KE12,,No,New Brunswick,47.452604042633745,-65.67354726176544,,,,,NAD83,,203.0,-45.0,152.4,1990.0,0,,473953,
gov:nb:KE-2,gov:nb,KE-2,,Yes,New Brunswick,47.43635717217151,-65.68083935793463,,,,,NAD83,,245.0,-45.0,107.89920000000001,1976.0,0,,470416,
gov:nb:KE-3,gov:nb,KE-3,,Yes,New Brunswick,47.429665995532005,-65.68735809651236,,,,,NAD83,,246.0,45.0,153.3144,1981.0,0,,472792,
gov:nb:KE-4,gov:nb,KE-4,,Yes,New Brunswick,47.435021397272905,-65.69040488544523,,,,,NAD83,,246.0,45.0,152.4,1981.0,0,,472792,
gov:nb:KE-5,gov:nb,KE-5,,Yes,New Brunswick,47.43669770472289,-65.70250978063696,,,,,NAD83,,246.0,45.0,91.44,1981.0,0,,472792,
gov:nb:SB-96-10,gov:nb,SB-96-10,,1,New Brunswick,47.06123018557985,-67.02503650311698,,,,,NAD83,,112.0,-45.0,190.65,1996.0,0,,474709,
gov:nb:SB-96-12,gov:nb,SB-96-12,,1,New Brunswick,47.0597331727089,-67.02172063246074,,,,,NAD83,,292.0,-50.0,486.16,1996.0,0,,474709,
gov:nb:SB-96-16,gov:nb,SB-96-16,,1,New Brunswick,47.061235883296646,-67.02275795657764,,,,,NAD83,,292.0,-50.0,412.39,1996.0,0,,474709,
gov:nb:SB-96-17,gov:nb,SB-96-17,,1,New Brunswick,47.061235883296646,-67.02275795657764,,,,,NAD83,,292.0,-70.0,403.86,1996.0,0,,474709,
gov:nb:SB-96-27,gov:nb,SB-96-27,,1,New Brunswick,47.067690918162185,-67.0156309087729,,,,,NAD83,,114.0,-45.0,150.0,1996.0,0,,UNFILED,
gov:nb:SB-96-28,gov:nb,SB-96-28,,1,New Brunswick,47.07077262316656,-67.01742639672938,,,,,NAD83,,134.0,-45.0,383.0,1996.0,0,,UNFILED,
gov:nb:SB-96-29,gov:nb,SB-96-29,,1,New Brunswick,47.069981585536645,-67.01799572815597,,,,,NAD83,,114.0,-45.0,383.0,1996.0,0,,UNFILED,
gov:nb:SB-96-32,gov:nb,SB-96-32,,1,New Brunswick,47.06906691629702,-67.01506625426607,,,,,NAD83,,110.0,-45.0,120.0,1996.0,0,,UNFILED,
gov:nb:SB-96-33,gov:nb,SB-96-33,,1,New Brunswick,47.074371264848715,-67.00958704822,,,,,NAD83,,110.0,-45.0,236.0,1996.0,0,,UNFILED,
gov:nb:CM-77-1,gov:nb,CM-77-1,,1,New Brunswick,47.34748989694884,-66.01006821699906,,,,,NAD83,,360.0,-45.0,36.9,1977.0,0,,472146,
gov:nb:JD 1-86,gov:nb,JD 1-86,,Yes,New Brunswick,47.34611786490145,-66.01076280010116,,,,,NAD83,,45.0,-60.0,132.9,1986.0,0,,473316,
gov:nb:JD 2-86,gov:nb,JD 2-86,,Yes,New Brunswick,47.34645240616873,-66.01117000219162,,,,,NAD83,,45.0,-60.0,127.71000000000001,1986.0,0,,473316,
gov:nb:TBD-96-17,gov:nb,TBD-96-17,,1,New Brunswick,47.34428567064428,-66.01568944520739,,,,,NAD83,,45.0,-79.0,440.40000000000003,1996.0,0,,474788,
gov:nb:TBD-96-18,gov:nb,TBD-96-18,,1,New Brunswick,47.343571477752405,-66.0148357314117,,,,,NAD83,,43.0,-80.0,480.67,1996.0,0,,474788,
gov:nb:TBD-96-19,gov:nb,TBD-96-19,,1,New Brunswick,47.34360739923272,-66.01696605887726,,,,,NAD83,,45.0,-80.0,514.8,1966.0,0,,474788,
gov:nb:TBD-96-20,gov:nb,TBD-96-20,,1,New Brunswick,47.345384797992494,-66.01610295855046,,,,,NAD83,,45.0,-80.0,553.21,1996.0,0,,474788,
gov:nb:TBD-96-21,gov:nb,TBD-96-21,,1,New Brunswick,47.34624931132557,-66.01849056197865,,,,,NAD83,,45.0,-80.0,446.23,1996.0,0,,474788,
gov:nb:TBD-96-22,gov:nb,TBD-96-22,,1,New Brunswick,47.344245466764065,-66.01468402363096,,,,,NAD83,,45.0,-80.0,453.24,1996.0,0,,474788,
gov:nb:TBD-96-23,gov:nb,TBD-96-23,,1,New Brunswick,47.34624782630517,-66.01384525421842,,,,,NAD83,,45.0,-70.0,260.0,1996.0,0,,474788,
gov:nb:TBD-96-24,gov:nb,TBD-96-24,,1,New Brunswick,47.34408547720867,-66.01300476228334,,,,,NAD83,,360.0,-80.0,395.33,1996.0,0,,474788,
gov:nb:TBD-96-25,gov:nb,TBD-96-25,,1,New Brunswick,47.34554468013942,-66.01348110416936,,,,,NAD83,,45.0,-70.0,427.94,1996.0,0,,474788,
gov:nb:TBD-96-26,gov:nb,TBD-96-26,,1,New Brunswick,47.344733459933735,-66.01522218186776,,,,,NAD83,,45.0,-80.0,410.87,1996.0,0,,474788,
gov:nb:TBD95-1,gov:nb,TBD95-1,,Yes,New Brunswick,47.34815598307437,-66.01200142133933,,,,,NAD83,,42.0,-45.0,130.0,1995.0,0,,474623,
gov:nb:TBD95-10,gov:nb,TBD95-10,,1,New Brunswick,47.347693123190304,-66.01315709423487,,,,,NAD83,,45.0,-70.0,101.8,1995.0,0,,474788,
gov:nb:TBD95-11,gov:nb,TBD95-11,,1,New Brunswick,47.347521219319034,-66.01292043681553,,,,,NAD83,,45.0,-70.0,111.56,1995.0,0,,474788,
gov:nb:TBD95-12,gov:nb,TBD95-12,,1,New Brunswick,47.34719969998584,-66.01346600010056,,,,,NAD83,,45.0,-70.0,135.94,1995.0,0,,474788,
gov:nb:TBD95-13,gov:nb,TBD95-13,,1,New Brunswick,47.34862862447657,-66.01316178572867,,,,,NAD83,,45.0,-45.0,101.8,1995.0,0,,474788,
gov:nb:TBD95-14,gov:nb,TBD95-14,,1,New Brunswick,47.349159979602156,-66.01331575609704,,,,,NAD83,,45.0,-45.0,101.8,1995.0,0,,474788,
gov:nb:TBD95-15,gov:nb,TBD95-15,,1,New Brunswick,47.348300848862415,-66.01222509096405,,,,,NAD83,,45.0,-45.0,98.76,1995.0,0,,474788,
gov:nb:TBD95-16,gov:nb,TBD95-16,,1,New Brunswick,47.34539500392849,-66.01425006081769,,,,,NAD83,,45.0,-70.0,320.65000000000003,1995.0,0,,474788,
gov:nb:TBD95-2,gov:nb,TBD95-2,,Yes,New Brunswick,47.34794988903718,-66.0121885973872,,,,,NAD83,,42.0,45.0,70.10000000000001,1995.0,0,,474623,
gov:nb:TBD95-3,gov:nb,TBD95-3,,Yes,New Brunswick,47.34782513808373,-66.01246767241328,,,,,NAD83,,42.0,45.0,138.0,1995.0,0,,474623,
gov:nb:TBD95-4,gov:nb,TBD95-4,,Yes,New Brunswick,47.34782513808373,-66.01246767241328,,,,,NAD83,,42.0,70.0,163.4,1995.0,0,,474623,
gov:nb:TBD95-5,gov:nb,TBD95-5,,Yes,New Brunswick,47.34814000735847,-66.01247802777712,,,,,NAD83,,42.0,45.0,141.1,1995.0,0,,474623,
gov:nb:TBD95-6,gov:nb,TBD95-6,,Yes,New Brunswick,47.34832984556079,-66.01270128752445,,,,,NAD83,,42.0,45.0,121.9,1995.0,0,,474623,
gov:nb:TBD95-7,gov:nb,TBD95-7,,Yes,New Brunswick,47.347814185722264,-66.01200455022231,,,,,NAD83,,42.0,45.0,123.10000000000001,1995.0,0,,474623,
gov:nb:TBD95-8,gov:nb,TBD95-8,,1,New Brunswick,47.34799709874711,-66.01271756417292,,,,,NAD83,,50.0,-45.0,116.4,1995.0,0,,474788,
gov:nb:TBD95-9,gov:nb,TBD95-9,,1,New Brunswick,47.34799709874711,-66.01271756417292,,,,,NAD83,,50.0,-70.0,124.36,1995.0,0,,474788,
gov:nb:H-71-1,gov:nb,H-71-1,,Yes,New Brunswick,47.87634383221161,-65.86870976324865,,,,,NAD83,,,90.0,82.6008,1971.0,0,,472037,
gov:nb:H-71-2,gov:nb,H-71-2,,Yes,New Brunswick,47.87741601750513,-65.86907118800832,,,,,NAD83,,215.0,45.0,51.2064,1971.0,0,,472037,
gov:nb:H-71-3,gov:nb,H-71-3,,Yes,New Brunswick,47.877469684035205,-65.86901707094599,,,,,NAD83,,45.0,75.0,65.71488,1971.0,0,,472037,
gov:nb:H-71-4,gov:nb,H-71-4,,Yes,New Brunswick,47.876981234763626,-65.8685015841733,,,,,NAD83,,60.0,45.0,62.7888,1971.0,0,,472037,
gov:nb:A-4,gov:nb,A-4,,Yes,New Brunswick,47.454838380227855,-65.6996117802223,,,,,NAD83,,56.0,-45.0,167.6318,1953.0,0,,471054,
gov:nb:A-5,gov:nb,A-5,,Yes,New Brunswick,47.45624083545554,-65.6969117047038,,,,,NAD83,,56.0,-45.0,246.2664,1953.0,0,,471054,
gov:nb:AM-1,gov:nb,AM-1,,1,New Brunswick,47.44771740601866,-65.67699128467167,,,,,NAD83,,226.0,-60.0,165.2016,1955.0,0,,471059,
gov:nb:AM-1B,gov:nb,AM-1B,,2,New Brunswick,47.44929195013524,-65.68721722782604,,,,,NAD83,,246.0,-50.0,155.7528,1956.0,0,,471059,
gov:nb:AM-1N,gov:nb,AM-1N,,1,New Brunswick,47.449811027894555,-65.68301895237396,,,,,NAD83,,224.0,-45.0,86.25840000000001,1955.0,0,,471059,
gov:nb:AM-2,gov:nb,AM-2,,1,New Brunswick,47.449202064502515,-65.67706112252318,,,,,NAD83,,226.0,-60.0,201.168,1955.0,0,,471059,
gov:nb:AM-2B,gov:nb,AM-2B,,2,New Brunswick,47.45070133305252,-65.68299200846863,,,,,NAD83,,246.0,-50.0,184.5564,1956.0,0,,471059,
gov:nb:AM-3,gov:nb,AM-3,,1,New Brunswick,47.44912010659961,-65.67944926339177,,,,,NAD83,,46.0,-50.0,227.07600000000002,1955.0,0,,471059,
gov:nb:AM-3B,gov:nb,AM-3B,,2,New Brunswick,47.450719227141484,-65.68297847264897,,,,,NAD83,,246.0,-65.0,219.69984,1956.0,0,,471059,
gov:nb:AM-4,gov:nb,AM-4,,1,New Brunswick,47.44838675162802,-65.67373216817384,,,,,NAD83,,,-90.0,59.436,1955.0,0,,471059,
gov:nb:B-1,gov:nb,B-1,,Yes,New Brunswick,47.45722862861706,-65.71367371124077,,,,,NAD83,,246.0,-45.0,290.1554,1953.0,0,,471054,
gov:nb:B-2,gov:nb,B-2,,Yes,New Brunswick,47.456301077259226,-65.71351502600744,,,,,NAD83,,246.0,-45.0,213.3496,1953.0,0,,471054,
gov:nb:B-3,gov:nb,B-3,,Yes,New Brunswick,47.456793397704885,-65.71316292146366,,,,,NAD83,,56.0,-45.0,167.6318,1953.0,0,,471054,
gov:nb:B-4,gov:nb,B-4,,Yes,New Brunswick,47.459378126707605,-65.71628122979733,,,,,NAD83,,246.0,-45.0,137.7629,1953.0,0,,471054,
gov:nb:B-5,gov:nb,B-5,,Yes,New Brunswick,47.45978815914435,-65.71176575372405,,,,,NAD83,,246.0,-45.0,213.3496,1953.0,0,,471054,
gov:nb:BR-1,gov:nb,BR-1,,Yes,New Brunswick,47.45439717877765,-65.69179402106352,,,,,NAD83,,70.0,-45.0,133.2,1988.0,0,,473587,
gov:nb:HN92-29,gov:nb,HN92-29,,Yes,New Brunswick,47.31210147061089,-66.32356527099901,,,,,NAD83,,200.0,-78.0,754.56288,1992.0,0,,474282,
gov:nb:HN92-30,gov:nb,HN92-30,,Yes,New Brunswick,47.31194474700555,-66.32109254550792,,,,,NAD83,,200.0,-80.0,644.46912,1992.0,0,,474282,
gov:nb:HN92-32,gov:nb,HN92-32,,Yes,New Brunswick,47.30954630754265,-66.3231901848916,,,,,NAD83,,180.0,70.0,453.48144,1992.0,0,,474638,
gov:nb:HN92-33,gov:nb,HN92-33,,Yes,New Brunswick,47.312141629767176,-66.32044381381222,,,,,NAD83,,200.0,-85.0,485.45496,1992.0,0,,474282,
gov:nb:HN92-34,gov:nb,HN92-34,,Yes,New Brunswick,47.31728334392171,-66.32405077034342,,,,,NAD83,,201.0,-68.0,1075.340496,1992.0,0,,474300,
gov:nb:HN92-35,gov:nb,HN92-35,,Yes,New Brunswick,47.31048259583302,-66.32371610432347,,,,,NAD83,,200.0,-70.0,402.00072,1992.0,0,,474282,
gov:nb:HN92-36,gov:nb,HN92-36,,Yes,New Brunswick,47.314465506621225,-66.32248610554684,,,,,NAD83,,180.0,-77.0,806.0436000000001,1992.0,0,,474300,
gov:nb:HN92-37,gov:nb,HN92-37,,Yes,New Brunswick,47.304460631492404,-66.33292670650664,,,,,NAD83,,200.0,-45.5,259.9944,1992.0,0,,474282,
gov:nb:HN92-38,gov:nb,HN92-38,,Yes,New Brunswick,47.312132634786316,-66.32044384407911,,,,,NAD83,,200.0,-74.0,461.98536,1992.0,0,,474282,
gov:nb:HN92-39,gov:nb,HN92-39,,Yes,New Brunswick,47.31445655234461,-66.32251258838511,,,,,NAD83,,201.0,-72.0,730.69704,1992.0,0,,474300,
gov:nb:HN92-40,gov:nb,HN92-40,,Yes,New Brunswick,47.30910927690811,-66.32563829461213,,,,,NAD83,,200.0,-60.0,439.39968,1992.0,0,,474282,
gov:nb:HN92-41,gov:nb,HN92-41,,Yes,New Brunswick,47.31575771302186,-66.32049777940223,,,,,NAD83,,201.0,-73.0,220.163136,1992.0,0,,474300,
gov:nb:HN92-42,gov:nb,HN92-42,,Yes,New Brunswick,47.31117615790015,-66.32433542160294,,,,,NAD83,,200.0,-82.0,662.69616,1992.0,0,,474282,
gov:nb:HN92-43,gov:nb,HN92-43,,Yes,New Brunswick,47.310970418658236,-66.32508996148279,,,,,NAD83,,200.0,-80.0,489.5088,1992.0,0,,474282,
gov:nb:HN94-66,gov:nb,HN94-66,,1,New Brunswick,47.31411731518818,-66.32419347470059,,,,,NAD83,,180.0,-83.0,242.316,1994.0,0,,474638,
gov:nb:HN94-67,gov:nb,HN94-67,,1,New Brunswick,47.31209099503312,-66.32259981215444,,,,,NAD83,,180.0,-86.0,637.9464,1994.0,0,,474638,
gov:nb:HN94-68,gov:nb,HN94-68,,1,New Brunswick,47.31571415450949,-66.32141057766992,,,,,NAD83,,180.0,-77.0,978.98712,1994.0,0,,474638,
gov:nb:HN94-69,gov:nb,HN94-69,,1,New Brunswick,47.311741387986174,-66.3233812996348,,,,,NAD83,,180.0,-76.0,604.99752,1994.0,0,,474638,
gov:nb:HN94-70,gov:nb,HN94-70,,1,New Brunswick,47.31285550737643,-66.32255759213812,,,,,NAD83,,184.5,-83.0,659.498808,1994.0,0,,474638,
gov:nb:HN94-71,gov:nb,HN94-71,,1,New Brunswick,47.31431428781186,-66.31780443122682,,,,,NAD83,,180.0,-84.0,716.98104,1994.0,0,,474638,
gov:nb:HN94-72,gov:nb,HN94-72,,1,New Brunswick,47.316541507458275,-66.32128876503022,,,,,NAD83,,180.0,-80.0,390.72312,1994.0,0,,474638,
gov:nb:HN94-72A,gov:nb,HN94-72A,,1,New Brunswick,47.31691073110841,-66.32156529812674,,,,,NAD83,,180.0,-80.0,1027.99896,1994.0,0,,474638,
gov:nb:HN94-73,gov:nb,HN94-73,,1,New Brunswick,47.31588047625982,-66.31847365403797,,,,,NAD83,,180.0,-86.0,97.9932,1994.0,0,,474638,
gov:nb:HN94-74,gov:nb,HN94-74,,1,New Brunswick,47.311658625080284,-66.32220447460344,,,,,NAD83,,180.0,-74.0,655.50288,1994.0,0,,474638,
gov:nb:HN94-75,gov:nb,HN94-75,,1,New Brunswick,47.31207760260116,-66.32561536975535,,,,,NAD83,,180.0,-84.0,737.4940799999999,1994.0,0,,474638,
gov:nb:HN94-76,gov:nb,HN94-76,,1,New Brunswick,47.31078628862696,-66.33441462239789,,,,,NAD83,,180.0,-80.0,766.48056,1994.0,0,,474638,
gov:nb:HN94-78,gov:nb,HN94-78,,1,New Brunswick,47.31258534874669,-66.32829860059073,,,,,NAD83,,180.0,-86.0,935.97984,1994.0,0,,474638,
gov:nb:HN94-79,gov:nb,HN94-79,,1,New Brunswick,47.31047042975639,-66.32165296081546,,,,,NAD83,,180.0,-74.0,441.99048,1994.0,0,,474638,
gov:nb:HN94-80,gov:nb,HN94-80,,1,New Brunswick,47.31905159427499,-66.3215978211118,,,,,NAD83,,183.0,-87.0,1258.5192,1994.0,0,,474638,
gov:nb:HN94-81,gov:nb,HN94-81,,1,New Brunswick,47.3119089106134,-66.32118524690982,,,,,NAD83,,180.0,-86.0,452.99376,1994.0,0,,474638,
gov:nb:HN94-82,gov:nb,HN94-82,,1,New Brunswick,47.311265361589015,-66.32384577582734,,,,,NAD83,,180.0,-83.5,509.4732,1994.0,0,,474638,
gov:nb:HN94-83,gov:nb,HN94-83,,1,New Brunswick,47.31481053232129,-66.32458798902817,,,,,NAD83,,180.0,-60.0,138.684,1994.0,0,,474638,
gov:nb:HN94-83A,gov:nb,HN94-83A,,1,New Brunswick,47.314900542395385,-66.3246273730272,,,,,NAD83,,180.0,-66.5,448.05600000000004,1994.0,0,,474638,
gov:nb:N1,gov:nb,N1,,Yes,New Brunswick,47.39816793411663,-65.9259511817189,,,,,NAD83,,2.0,-45.0,109.11840000000001,1965.0,0,,471192,
gov:nb:N2,gov:nb,N2,,Yes,New Brunswick,47.40056594340873,-65.93066813852963,,,,,NAD83,,22.0,-45.0,93.5736,1965.0,0,,471192,
gov:nb:N3,gov:nb,N3,,Yes,New Brunswick,47.397666987350554,-65.93379902569788,,,,,NAD83,,2.0,-45.0,149.6568,1965.0,0,,471192,
gov:nb:76-1,gov:nb,76-1,,1,New Brunswick,47.39209433480156,-65.92735451021225,,,,,NAD83,,34.0,-45.0,92.3544,1976.0,0,,470393,
gov:nb:76-8,gov:nb,76-8,,No,New Brunswick,47.382270261814426,-65.87668434294244,,,,,NAD83,,100.0,-55.0,88.69680000000001,1976.0,0,,472901,
gov:nb:76-10,gov:nb,76-10,,No,New Brunswick,47.380484436417355,-65.87912873597922,,,,,NAD83,,91.5,-55.0,101.1936,1976.0,0,,472901,
gov:nb:76-11,gov:nb,76-11,,No,New Brunswick,47.383217742463536,-65.8789114578542,,,,,NAD83,,87.0,-60.0,487.0704,1976.0,0,,472901,
gov:nb:76-12,gov:nb,76-12,,No,New Brunswick,47.38413132321932,-65.87818562521971,,,,,NAD83,,91.5,-65.0,586.1304,1976.0,0,,472901,
gov:nb:76-13,gov:nb,76-13,,No,New Brunswick,47.38074417592532,-65.88059570276903,,,,,NAD83,,91.5,-60.0,478.2312,1976.0,0,,472901,
gov:nb:77-2,gov:nb,77-2,,1,New Brunswick,47.38548895516935,-65.92492236051747,,,,,NAD83,,,,99.3648,1977.0,0,,472200,
gov:nb:77-6a,gov:nb,77-6a,,1,New Brunswick,47.385147907333064,-65.91968131669516,,,,,NAD83,,,,16.4592,1977.0,0,,472200,
gov:nb:77-9,gov:nb,77-9,,1,New Brunswick,47.40019304592385,-65.93901836286223,,,,,NAD83,,,,215.18880000000001,1977.0,0,,472337,
gov:nb:77-10,gov:nb,77-10,,1,New Brunswick,47.38452912510653,-65.92184684894957,,,,,NAD83,,,,86.56320000000001,1977.0,0,,472200,
gov:nb:77-11,gov:nb,77-11,,1,New Brunswick,47.385235735457485,-65.88961581264458,,,,,NAD83,,,,154.8384,1977.0,0,,472200,
gov:nb:77-14,gov:nb,77-14,,1,New Brunswick,47.38297865901528,-65.90003801703692,,,,,NAD83,,,,89.91600000000001,1977.0,0,,472200,
gov:nb:4263-2-89,gov:nb,4263-2-89,,Yes,New Brunswick,47.379346579699764,-65.91442091251567,,,,,NAD83,,100.0,45.0,483.108,1989.0,0,,474101,
gov:nb:4263-3-89,gov:nb,4263-3-89,,Yes,New Brunswick,47.37613717480197,-65.92012378037869,,,,,NAD83,,102.0,45.0,314.8584,1989.0,0,,474101,
gov:nb:OH-5,gov:nb,OH-5,,Yes,New Brunswick,47.4707274763987,-66.19862251969926,,,,,NAD83,,270.0,-45.0,92.964,1968.0,0,,471379,
gov:nb:OH-8,gov:nb,OH-8,,Yes,New Brunswick,47.47131187508762,-66.19852634564354,,,,,NAD83,,270.0,-45.0,89.00160000000001,1968.0,0,,471379,
gov:nb:OH-9,gov:nb,OH-9,,Yes,New Brunswick,47.470178363466324,-66.19845318552466,,,,,NAD83,,270.0,-45.0,76.8096,1968.0,0,,471379,
gov:nb:OH-10,gov:nb,OH-10,,Yes,New Brunswick,47.47076894701077,-66.19728247419137,,,,,NAD83,,270.0,-45.0,175.56480000000002,1968.0,0,,471379,
gov:nb:OH-11,gov:nb,OH-11,,Yes,New Brunswick,47.47183237707836,-66.19807235787515,,,,,NAD83,,270.0,-45.0,91.44,1968.0,0,,471379,
gov:nb:OH-12,gov:nb,OH-12,,Yes,New Brunswick,47.4707274763987,-66.19862251969926,,,,,NAD83,,270.0,-70.0,56.388000000000005,1968.0,0,,471379,
gov:nb:OH-19,gov:nb,OH-19,,Yes,New Brunswick,47.492493091742524,-66.20510789003642,,,,,NAD83,,270.0,-45.0,137.7696,1969.0,0,,471382,
gov:nb:OH-20,gov:nb,OH-20,,Yes,New Brunswick,47.49521251855374,-66.20279680785804,,,,,NAD83,,270.0,-45.0,100.8888,1969.0,0,,471382,
gov:nb:OH-21,gov:nb,OH-21,,Yes,New Brunswick,47.48920676905866,-66.20381240452298,,,,,NAD83,,270.0,-45.0,138.3792,1969.0,0,,471382,
gov:nb:OH-31,gov:nb,OH-31,,Yes,New Brunswick,47.47076397304239,-66.19882129437711,,,,,NAD83,,262.0,-68.0,30.7848,1969.0,0,,471382,
gov:nb:OH-32,gov:nb,OH-32,,Yes,New Brunswick,47.47075553151088,-66.19903358934138,,,,,NAD83,,270.0,-68.0,15.24,1969.0,0,,471382,
gov:nb:OH-33,gov:nb,OH-33,,Yes,New Brunswick,47.47134868307241,-66.19884451100987,,,,,NAD83,,270.0,-70.0,21.945600000000002,1969.0,0,,471382,
gov:nb:OH-34,gov:nb,OH-34,,Yes,New Brunswick,47.471294197524244,-66.19864583616307,,,,,NAD83,,270.0,-70.0,41.757600000000004,1969.0,0,,471382,
gov:nb:OH-35,gov:nb,OH-35,,Yes,New Brunswick,47.47099827871156,-66.19899241774337,,,,,NAD83,,270.0,-70.0,23.4696,1969.0,0,,471382,
gov:nb:OH-36,gov:nb,OH-36,,Yes,New Brunswick,47.47100658184939,-66.1987270605578,,,,,NAD83,,270.0,70.0,31.3944,1969.0,0,,471382,
gov:nb:4-66,gov:nb,4-66,,Yes,New Brunswick,47.50268965761731,-65.87277563115083,,,,,NAD83,,132.0,50.0,147.828,1966.0,0,,470367,
gov:nb:5-66,gov:nb,5-66,,Yes,New Brunswick,47.49406339795601,-65.8743639406744,,,,,NAD83,,132.0,50.0,93.8784,1966.0,0,,470367,
gov:nb:6-66,gov:nb,6-66,,Yes,New Brunswick,47.50645988025451,-65.87139034883666,,,,,NAD83,,132.0,50.0,103.632,1966.0,0,,470367,
gov:nb:N-45,gov:nb,N-45,,Yes,New Brunswick,47.74001068831268,-65.78250276332611,,,,,NAD83,,205.0,,178.30800000000002,1966.0,0,,470379,
gov:nb:N-60,gov:nb,N-60,,Yes,New Brunswick,47.73927970065792,-65.81479227951763,,,,,NAD83,,,45.0,89.91600000000001,1968.0,0,,470380,
gov:nb:N-61,gov:nb,N-61,,Yes,New Brunswick,47.73927970065792,-65.81479227951763,,,,,NAD83,,,45.0,117.6528,1968.0,0,,470380,
gov:nb:N-62,gov:nb,N-62,,Yes,New Brunswick,47.73972438756302,-65.81546649787096,,,,,NAD83,,,50.0,113.99520000000001,1968.0,0,,470380,
gov:nb:N-66,gov:nb,N-66,,Yes,New Brunswick,47.721611027201995,-65.80497191869567,,,,,NAD83,,,45.0,152.4,1970.0,0,,470381,
gov:nb:NB-T-0-22,gov:nb,NB-T-0-22,,Yes,New Brunswick,46.97786628090372,-67.03243999767916,,,,,NAD83,,,90.0,185.0136,1975.0,0,,470390,
gov:nb:NB-T-0-23,gov:nb,NB-T-0-23,,Yes,New Brunswick,46.97892263514078,-67.03355455076988,,,,,NAD83,,,-90.0,178.91760000000002,1975.0,0,,470390,
gov:nb:NB-T-0-24,gov:nb,NB-T-0-24,,Yes,New Brunswick,46.97676665492366,-67.03483440555118,,,,,NAD83,,,-90.0,171.29760000000002,1975.0,0,,470390,
gov:nb:NB-T-0-25,gov:nb,NB-T-0-25,,Yes,New Brunswick,46.97838504320139,-67.03695352162295,,,,,NAD83,,,-90.0,267.6144,1975.0,0,,470390,
gov:nb:104-1,gov:nb,104-1,,Yes,New Brunswick,47.39525083583585,-65.85876840098247,,,,,NAD83,,90.0,-62.0,214.88400000000001,1976.0,0,,470395,
gov:nb:104-2,gov:nb,104-2,,Yes,New Brunswick,47.39407507528876,-65.85923294382012,,,,,NAD83,,90.0,-58.5,294.4368,1976.0,0,,470395,
gov:nb:104-3,gov:nb,104-3,,Yes,New Brunswick,47.392949751109654,-65.85906103959549,,,,,NAD83,,90.0,-58.5,245.364,1976.0,0,,470395,
gov:nb:8A-1,gov:nb,8A-1,,Yes,New Brunswick,47.657867066070835,-65.96538778265233,,,,,NAD83,,,45.0,102.7176,1968.0,0,,470396,
gov:nb:8A-2,gov:nb,8A-2,,Yes,New Brunswick,47.65755554143738,-65.96609649098592,,,,,NAD83,,,45.0,97.8408,1968.0,0,,470396,
gov:nb:8A-3,gov:nb,8A-3,,Yes,New Brunswick,47.658028215142394,-65.96522640245013,,,,,NAD83,,,45.0,133.5024,1968.0,0,,470396,
gov:nb:8A-4,gov:nb,8A-4,,Yes,New Brunswick,47.657972161890896,-65.96477434414295,,,,,NAD83,,,45.0,136.8552,1968.0,0,,470396,
gov:nb:8A-5,gov:nb,8A-5,,Yes,New Brunswick,47.65815844414479,-65.96421333039095,,,,,NAD83,,,45.0,135.9408,1968.0,0,,470396,
gov:nb:8A-8,gov:nb,8A-8,,Yes,New Brunswick,47.65806646348563,-65.96571857929627,,,,,NAD83,,,45.0,127.4064,1968.0,0,,470396,
gov:nb:8A-9,gov:nb,8A-9,,Yes,New Brunswick,47.65837884658368,-65.96519622977098,,,,,NAD83,,,45.0,153.0096,1968.0,0,,470396,
gov:nb:8A-10,gov:nb,8A-10,,Yes,New Brunswick,47.65780146127222,-65.96287238942242,,,,,NAD83,,,45.0,135.636,1968.0,0,,470396,
gov:nb:8A-11,gov:nb,8A-11,,Yes,New Brunswick,47.65808666096739,-65.96619762659145,,,,,NAD83,,,45.0,144.78,1968.0,0,,470396,
gov:nb:8A-12,gov:nb,8A-12,,Yes,New Brunswick,47.65822854531644,-65.96381324249447,,,,,NAD83,,,45.0,153.924,1968.0,0,,470396,
gov:nb:8A-13,gov:nb,8A-13,,Yes,New Brunswick,47.6578824429679,-65.96677212595999,,,,,NAD83,,,45.0,107.59440000000001,1968.0,0,,470396,
gov:nb:8-24,gov:nb,8-24,,Yes,New Brunswick,47.66453747532969,-65.94369809001405,,,,,NAD83,,,-45.0,108.20400000000001,1968.0,0,,470397,
gov:nb:8-25,gov:nb,8-25,,Yes,New Brunswick,47.66427429195118,-65.94320823815805,,,,,NAD83,,,45.0,123.444,1968.0,0,,470397,
gov:nb:8-26,gov:nb,8-26,,Yes,New Brunswick,47.665426139196406,-65.94146522975531,,,,,NAD83,,,-45.0,115.21440000000001,1968.0,0,,470397,
gov:nb:8-27,gov:nb,8-27,,Yes,New Brunswick,47.665328942132476,-65.9418257453098,,,,,NAD83,,,-45.0,123.7488,1969.0,0,,470397,
gov:nb:8-28,gov:nb,8-28,,Yes,New Brunswick,47.66444260984166,-65.94267389854531,,,,,NAD83,,,-45.0,124.0536,1969.0,0,,470397,
gov:nb:8-29,gov:nb,8-29,,Yes,New Brunswick,47.665559181231274,-65.94107770489913,,,,,NAD83,,,-45.0,122.5296,1969.0,0,,470397,
gov:nb:8-30,gov:nb,8-30,,Yes,New Brunswick,47.66421657866305,-65.94617789020421,,,,,NAD83,,,45.0,124.6632,1969.0,0,,470397,
gov:nb:8-31,gov:nb,8-31,,Yes,New Brunswick,47.663652482889844,-65.94859362732,,,,,NAD83,,,,136.5504,1969.0,0,,470397,
gov:nb:8-32,gov:nb,8-32,,Yes,New Brunswick,47.66380359968872,-65.94821925885354,,,,,NAD83,,,45.0,136.5504,1969.0,0,,470397,
gov:nb:8-33,gov:nb,8-33,,Yes,New Brunswick,47.66434083403654,-65.94583042072165,,,,,NAD83,,,-45.0,128.01600000000002,1969.0,0,,470397,
gov:nb:8-34,gov:nb,8-34,,Yes,New Brunswick,47.663908819730864,-65.94576838068534,,,,,NAD83,,,45.0,132.2832,1969.0,0,,470397,
gov:nb:8-36,gov:nb,8-36,,Yes,New Brunswick,47.664528235214874,-65.94552222956078,,,,,NAD83,,,45.0,600.1512,1969.0,0,,470397,
gov:nb:8-37,gov:nb,8-37,,Yes,New Brunswick,47.664119366852354,-65.94653838889622,,,,,NAD83,,,45.0,108.50880000000001,1969.0,0,,470397,
gov:nb:8-38,gov:nb,8-38,,Yes,New Brunswick,47.66463437371219,-65.94514831826538,,,,,NAD83,,,45.0,139.5984,1969.0,0,,470397,
gov:nb:8-39,gov:nb,8-39,,Yes,New Brunswick,47.66567423465807,-65.94069036846798,,,,,NAD83,,,45.0,128.62560000000002,1969.0,0,,470397,
gov:nb:8-40,gov:nb,8-40,,Yes,New Brunswick,47.664208416645494,-65.94447377142717,,,,,NAD83,,,45.0,137.4648,1969.0,0,,470397,
gov:nb:8-41,gov:nb,8-41,,Yes,New Brunswick,47.66496900347955,-65.94178960411107,,,,,NAD83,,,45.0,121.92,1969.0,0,,470397,
gov:nb:8-43,gov:nb,8-43,,Yes,New Brunswick,47.66430302376185,-65.94170343966725,,,,,NAD83,,,45.0,121.6152,1969.0,0,,470397,
gov:nb:8-44,gov:nb,8-44,,Yes,New Brunswick,47.66597059852091,-65.94433541635621,,,,,NAD83,,,45.0,151.7904,1969.0,0,,470397,
gov:nb:8-45,gov:nb,8-45,,Yes,New Brunswick,47.665224545247455,-65.94255913744396,,,,,NAD83,,,45.0,124.3584,1969.0,0,,470397,
gov:nb:8-47,gov:nb,8-47,,Yes,New Brunswick,47.66446590975735,-65.9437787283154,,,,,NAD83,,,45.0,173.43120000000002,1969.0,0,,470397,
gov:nb:8-42,gov:nb,8-42,,Yes,New Brunswick,47.66468348489378,-65.94601322666544,,,,,NAD83,,,45.0,167.03040000000001,1969.0,0,,470397,
gov:nb:8-14,gov:nb,8-14,,Yes,New Brunswick,47.66595695154644,-65.9452409483721,,,,,NAD83,,,45.0,58.8264,1968.0,0,,470398,
gov:nb:8-15,gov:nb,8-15,,Yes,New Brunswick,47.66595695154644,-65.9452409483721,,,,,NAD83,,,45.0,57.302400000000006,1968.0,0,,470398,
gov:nb:8-16,gov:nb,8-16,,Yes,New Brunswick,47.66595695154644,-65.9452409483721,,,,,NAD83,,,45.0,84.42960000000001,1968.0,0,,470398,
gov:nb:8-18,gov:nb,8-18,,Yes,New Brunswick,47.66572235108497,-65.94508363737772,,,,,NAD83,,,45.0,95.7072,1968.0,0,,470398,
gov:nb:8-19,gov:nb,8-19,,Yes,New Brunswick,47.66643514543273,-65.94555548017988,,,,,NAD83,,,45.0,101.4984,1968.0,0,,470398,
gov:nb:8-20,gov:nb,8-20,,Yes,New Brunswick,47.66659760480196,-65.94567360795916,,,,,NAD83,,,45.0,141.4272,1968.0,0,,470398,
gov:nb:8-21,gov:nb,8-21,,Yes,New Brunswick,47.66572235108497,-65.94508363737772,,,,,NAD83,,,45.0,151.4856,1968.0,0,,470398,
gov:nb:8-22,gov:nb,8-22,,Yes,New Brunswick,47.66549648878784,-65.94487297830894,,,,,NAD83,,,45.0,103.632,1968.0,0,,470398,
gov:nb:8-23,gov:nb,8-23,,Yes,New Brunswick,47.666180453262335,-65.94495899566242,,,,,NAD83,,,45.0,110.33760000000001,1968.0,0,,470398,
gov:nb:8-35,gov:nb,8-35,,Yes,New Brunswick,47.665456939541436,-65.94600511865772,,,,,NAD83,,,45.0,425.0,1969.0,0,,470398,
gov:nb:8-46,gov:nb,8-46,,Yes,New Brunswick,47.66883192026454,-65.94458494868195,,,,,NAD83,,,45.0,127.4064,1969.0,0,,470398,
gov:nb:8A-14,gov:nb,8A-14,,Yes,New Brunswick,47.65705750970937,-65.96536934590162,,,,,NAD83,,,-45.0,152.4,1973.0,0,,470403,
gov:nb:8A-15,gov:nb,8A-15,,Yes,New Brunswick,47.65785204229181,-65.96408331136928,,,,,NAD83,,,-45.0,107.59440000000001,1973.0,0,,470403,
gov:nb:8A-16,gov:nb,8A-16,,Yes,New Brunswick,47.65735346875669,-65.96713689574541,,,,,NAD83,,,-45.0,107.28960000000001,1973.0,0,,470403,
gov:nb:8A-17,gov:nb,8A-17,,Yes,New Brunswick,47.657334010431896,-65.9687745108803,,,,,NAD83,,,-45.0,107.28960000000001,1973.0,0,,470403,
gov:nb:8A-18,gov:nb,8A-18,,Yes,New Brunswick,47.657772009125125,-65.96234019017662,,,,,NAD83,,,-45.0,148.1328,1973.0,0,,470403,
gov:nb:8A-19,gov:nb,8A-19,,Yes,New Brunswick,47.65807382268636,-65.96731600931162,,,,,NAD83,,,45.0,76.5048,1973.0,0,,470403,
gov:nb:8A-20,gov:nb,8A-20,,Yes,New Brunswick,47.65784738451107,-65.96892910118933,,,,,NAD83,,,45.0,78.0288,1973.0,0,,470403,
gov:nb:8A-21,gov:nb,8A-21,,Yes,New Brunswick,47.65786793464962,-65.96948801900783,,,,,NAD83,,,45.0,90.8304,1973.0,0,,470403,
gov:nb:8A-22,gov:nb,8A-22,,Yes,New Brunswick,47.65778013110079,-65.96995483637353,,,,,NAD83,,,45.0,76.2,1973.0,0,,470403,
gov:nb:8A-23,gov:nb,8A-23,,Yes,New Brunswick,47.65794423872752,-65.96847550299107,,,,,NAD83,,,45.0,76.5048,1973.0,0,,470403,
gov:nb:8A-24,gov:nb,8A-24,,Yes,New Brunswick,47.658104658564156,-65.968154388806,,,,,NAD83,,,45.0,103.9368,1973.0,0,,470403,
gov:nb:8A-25,gov:nb,8A-25,,Yes,New Brunswick,47.65890521516886,-65.96232866316025,,,,,NAD83,,242.0,-45.0,89.30640000000001,1974.0,0,,470404,
gov:nb:8A-26,gov:nb,8A-26,,Yes,New Brunswick,47.65744536521271,-65.96756196543528,,,,,NAD83,,49.0,-45.0,61.5696,1974.0,0,,470404,
gov:nb:8A-27,gov:nb,8A-27,,Yes,New Brunswick,47.65784457462328,-65.96831675545282,,,,,NAD83,,247.0,-45.0,63.3984,1974.0,0,,470404,
gov:nb:8A-28,gov:nb,8A-28,,Yes,New Brunswick,47.65767942710295,-65.96565592921081,,,,,NAD83,,83.0,-65.0,91.44,1974.0,0,,470404,
gov:nb:DDH 1,gov:nb,DDH 1,,Yes,New Brunswick,47.74087951442569,-65.88009240779368,,,,,NAD83,,,50.0,178.42991999999998,1955.0,0,,470407,
gov:nb:DDH 2,gov:nb,DDH 2,,Yes,New Brunswick,47.73987402168077,-65.87707758108,,,,,NAD83,,237.0,-45.0,116.7384,1955.0,0,,470407,
gov:nb:DDH 3,gov:nb,DDH 3,,Yes,New Brunswick,47.74002364242324,-65.87814247618792,,,,,NAD83,,12.0,-45.0,108.20400000000001,1955.0,0,,470407,
gov:nb:DDH 4,gov:nb,DDH 4,,Yes,New Brunswick,47.72563978931201,-65.8627696537803,,,,,NAD83,,,-45.0,83.82000000000001,1955.0,0,,470407,
gov:nb:DDH 5,gov:nb,DDH 5,,Yes,New Brunswick,47.72416188904899,-65.86388050455717,,,,,NAD83,,22.0,-45.0,76.8096,1955.0,0,,470407,
gov:nb:DDH 6,gov:nb,DDH 6,,Yes,New Brunswick,47.747202953029635,-65.89040610118974,,,,,NAD83,,199.0,-45.0,98.4504,1955.0,0,,470407,
gov:nb:DDH 7,gov:nb,DDH 7,,Yes,New Brunswick,47.74674611608325,-65.89075809189649,,,,,NAD83,,10.0,-45.0,160.02,1955.0,0,,470407,
gov:nb:DDH 8,gov:nb,DDH 8,,Yes,New Brunswick,47.74676368220628,-65.89067787908846,,,,,NAD83,,10.0,-55.0,76.2,1955.0,0,,470407,
gov:nb:NO-2,gov:nb,NO-2,,Yes,New Brunswick,47.61250063283051,-65.86079399298616,,,,,NAD83,,,-45.0,213.0552,1953.0,0,,470409,
gov:nb:135-1,gov:nb,135-1,,Yes,New Brunswick,47.69167919035403,-65.87780605247929,,,,,NAD83,,157.0,51.0,123.7488,1963.0,0,,470418,
gov:nb:135-2,gov:nb,135-2,,Yes,New Brunswick,47.691677363376584,-65.87579459232131,,,,,NAD83,,157.0,47.0,88.39200000000001,1963.0,0,,470418,
gov:nb:135-3,gov:nb,135-3,,Yes,New Brunswick,47.69168204764442,-65.87499527257138,,,,,NAD83,,157.0,46.0,81.59496,1963.0,0,,470418,
gov:nb:135-4,gov:nb,135-4,,Yes,New Brunswick,47.686406658556656,-65.89439795655923,,,,,NAD83,,157.0,45.0,55.869839999999996,1963.0,0,,470418,
gov:nb:H-5,gov:nb,H-5,,Yes,New Brunswick,47.67140743595973,-65.91598191044523,,,,,NAD83,,,70.0,143.5608,1968.0,0,,470420,
gov:nb:H-6,gov:nb,H-6,,Yes,New Brunswick,47.67078472799272,-65.91556268836409,,,,,NAD83,,,,17.0688,1968.0,0,,470420,
gov:nb:Q-1,gov:nb,Q-1,,Yes,New Brunswick,47.67678208190648,-65.91344548186177,,,,,NAD83,,337.0,-45.0,102.4128,1968.0,0,,470420,
gov:nb:KE-6,gov:nb,KE-6,,Yes,New Brunswick,47.43522059891538,-65.69962866776345,,,,,NAD83,,246.0,45.0,138.0744,1981.0,0,,472792,
gov:nb:KE-7,gov:nb,KE-7,,Yes,New Brunswick,47.43420941207524,-65.69908710619619,,,,,NAD83,,266.0,45.0,91.44,1981.0,0,,472792,
gov:nb:KE-8,gov:nb,KE-8,,Yes,New Brunswick,47.43349776123356,-65.69763961009507,,,,,NAD83,,250.0,45.0,123.444,1981.0,0,,472792,
gov:nb:KE-9,gov:nb,KE-9,,Yes,New Brunswick,47.43348867516027,-65.69762649069213,,,,,NAD83,,70.0,55.0,382.2192,1981.0,0,,472792,
gov:nb:L-106,gov:nb,L-106,,Yes,New Brunswick,47.445491603864674,-65.71651246470473,,,,,NAD83,,25.0,-45.0,121.6152,1954.0,0,,471078,
gov:nb:L-111,gov:nb,L-111,,Yes,New Brunswick,47.429798488014605,-65.69085554326924,,,,,NAD83,,247.0,-70.0,308.76,1954.0,0,,471078,
gov:nb:L-114,gov:nb,L-114,,Yes,New Brunswick,47.43988163854326,-65.7037745779736,,,,,NAD83,,65.0,-70.0,213.36,1954.0,0,,471078,
gov:nb:L-115,gov:nb,L-115,,Yes,New Brunswick,47.44024947845343,-65.70363648820256,,,,,NAD83,,63.800000000000004,-45.0,183.7944,1954.0,0,,471078,
gov:nb:L-13,gov:nb,L-13,,Yes,New Brunswick,47.44181174112413,-65.704527929628,,,,,NAD83,,230.0,-45.0,185.0136,1954.0,0,,471078,
gov:nb:L-14,gov:nb,L-14,,Yes,New Brunswick,47.44138491420581,-65.70393768516018,,,,,NAD83,,230.0,-45.0,273.4056,1954.0,0,,471078,
gov:nb:L-15,gov:nb,L-15,,Yes,New Brunswick,47.44273080429516,-65.70606545676043,,,,,NAD83,,230.0,-55.0,214.88400000000001,1954.0,0,,471078,
gov:nb:L-16,gov:nb,L-16,,Yes,New Brunswick,47.44103012758038,-65.70335962912374,,,,,NAD83,,230.0,-45.0,155.448,1954.0,0,,471078,
gov:nb:L-17,gov:nb,L-17,,Yes,New Brunswick,47.44065735006658,-65.70278185050115,,,,,NAD83,,230.0,-45.0,259.08,1954.0,0,,471078,
gov:nb:L-18,gov:nb,L-18,,Yes,New Brunswick,47.44284668870365,-65.70460525731221,,,,,NAD83,,200.0,-60.0,306.3849,1954.0,0,,471078,
gov:nb:L-19,gov:nb,L-19,,Yes,New Brunswick,47.44480350082048,-65.6988081866886,,,,,NAD83,,236.0,-45.0,197.2056,1954.0,0,,471078,
gov:nb:L-2,gov:nb,L-2,,Yes,New Brunswick,47.437036727874364,-65.69820930996552,,,,,NAD83,,248.0,-45.0,175.26,1954.0,0,,471078,
gov:nb:L-20,gov:nb,L-20,,Yes,New Brunswick,47.44273164141024,-65.70749739242332,,,,,NAD83,,200.0,-60.0,338.32800000000003,1954.0,0,,471078,
gov:nb:L-21,gov:nb,L-21,,Yes,New Brunswick,47.44278822935119,-65.7065684334413,,,,,NAD83,,230.0,-45.0,182.88,1954.0,0,,471078,
gov:nb:L-23,gov:nb,L-23,,Yes,New Brunswick,47.420203237199544,-65.68479899353258,,,,,NAD83,,245.0,-45.0,331.9272,1954.0,0,,471078,
gov:nb:L-27,gov:nb,L-27,,Yes,New Brunswick,47.429164635426254,-65.69025543690077,,,,,NAD83,,245.0,-45.0,153.71,1954.0,0,,471078,
gov:nb:L-29,gov:nb,L-29,,Yes,New Brunswick,47.43364040217463,-65.69358096190008,,,,,NAD83,,243.5,-45.0,243.84,1954.0,0,,471078,
gov:nb:L-30,gov:nb,L-30,,Yes,New Brunswick,47.432908317528536,-65.69566005186432,,,,,NAD83,,245.0,-45.0,180.44,1954.0,0,,471078,
gov:nb:L-31,gov:nb,L-31,,Yes,New Brunswick,47.434137754781005,-65.69395786314031,,,,,NAD83,,245.0,-45.0,137.4648,1954.0,0,,471078,
gov:nb:L-32,gov:nb,L-32,,Yes,New Brunswick,47.43312561574268,-65.6932838705256,,,,,NAD83,,238.52,-45.0,156.0576,1954.0,0,,471078,
gov:nb:L-33,gov:nb,L-33,,Yes,New Brunswick,47.434582898438705,-65.69458744075858,,,,,NAD83,,244.0,-45.0,155.2956,1954.0,0,,471078,
gov:nb:L-35,gov:nb,L-35,,Yes,New Brunswick,47.435071900286246,-65.69505728258197,,,,,NAD83,,248.0,-45.0,138.1,1954.0,0,,471078,
gov:nb:L-36,gov:nb,L-36,,Yes,New Brunswick,47.43233526423661,-65.6921690818015,,,,,NAD83,,246.0,-50.0,181.35,1954.0,0,,471078,
gov:nb:L-37,gov:nb,L-37,,Yes,New Brunswick,47.43550693622087,-65.69552794936658,,,,,NAD83,,249.0,-45.0,161.3916,1954.0,0,,471078,
gov:nb:L-38,gov:nb,L-38,,Yes,New Brunswick,47.43195278687777,-65.69149882988151,,,,,NAD83,,249.0,-50.0,445.92240000000004,1954.0,0,,471078,
gov:nb:L-39,gov:nb,L-39,,Yes,New Brunswick,47.43572025638164,-65.6964527152704,,,,,NAD83,,245.0,-45.0,162.76,1954.0,0,,471078,
gov:nb:L-4,gov:nb,L-4,,Yes,New Brunswick,47.44254363080021,-65.70500755297796,,,,,NAD83,,230.0,-45.0,309.2196,1954.0,0,,471078,
gov:nb:L-40,gov:nb,L-40,,Yes,New Brunswick,47.43621925815809,-65.69706826195953,,,,,NAD83,,240.0,-45.0,118.5672,1954.0,0,,471078,
gov:nb:L-41,gov:nb,L-41,,Yes,New Brunswick,47.43621925815809,-65.69706826195953,,,,,NAD83,,240.95000000000002,-70.0,252.222,1954.0,0,,471078,
gov:nb:L-42,gov:nb,L-42,,Yes,New Brunswick,47.432602575269804,-65.69309296024707,,,,,NAD83,,242.83,-90.0,160.3248,1954.0,0,,471078,
gov:nb:L-43,gov:nb,L-43,,Yes,New Brunswick,47.43313451716643,-65.69327047910325,,,,,NAD83,,238.52,-69.0,153.52776,1954.0,0,,471078,
gov:nb:L-44,gov:nb,L-44,,Yes,New Brunswick,47.43364930363114,-65.69356757039704,,,,,NAD83,,245.68,-70.0,224.6986,1954.0,0,,471078,
gov:nb:L-45,gov:nb,L-45,,Yes,New Brunswick,47.436338022535104,-65.69733161264584,,,,,NAD83,,244.0,-70.0,181.5084,1954.0,0,,471078,
gov:nb:L-46,gov:nb,L-46,,Yes,New Brunswick,47.43653745600372,-65.69755397555475,,,,,NAD83,,232.1,-70.0,206.502,1954.0,0,,471078,
gov:nb:L-47,gov:nb,L-47,,Yes,New Brunswick,47.43414665627963,-65.69394447157428,,,,,NAD83,,246.8,-65.0,223.41840000000002,1954.0,0,,471078,
gov:nb:L-48,gov:nb,L-48,,Yes,New Brunswick,47.43595585189882,-65.69670104026342,,,,,NAD83,,245.0,-70.0,266.4,1954.0,0,,471078,
gov:nb:L-49,gov:nb,L-49,,Yes,New Brunswick,47.434609880418215,-65.69458703212295,,,,,NAD83,,245.0,-65.0,252.984,1954.0,0,,471078,
gov:nb:L-50,gov:nb,L-50,,Yes,New Brunswick,47.43572915816509,-65.69643932371979,,,,,NAD83,,246.25,-69.0,368.5032,1954.0,0,,471078,
gov:nb:L-51,gov:nb,L-51,,Yes,New Brunswick,47.436377186639056,-65.69649581762822,,,,,NAD83,,247.4,-70.0,311.5056,1954.0,0,,471078,
gov:nb:L-52,gov:nb,L-52,,Yes,New Brunswick,47.4350988822639,-65.6950568741793,,,,,NAD83,,249.86,-69.0,213.0552,1954.0,0,,471078,
gov:nb:L-53,gov:nb,L-53,,Yes,New Brunswick,47.436478609513244,-65.69685223037368,,,,,NAD83,,246.0,-70.0,210.0072,1954.0,0,,471078,
gov:nb:L-54,gov:nb,L-54,,Yes,New Brunswick,47.43595585189882,-65.69670104026342,,,,,NAD83,,241.0,-45.0,186.84,1954.0,0,,471078,
gov:nb:L-55,gov:nb,L-55,,Yes,New Brunswick,47.43621925815809,-65.69706826195953,,,,,NAD83,,241.70000000000002,-60.0,168.55440000000002,1954.0,0,,471078,
gov:nb:L-56,gov:nb,L-56,,Yes,New Brunswick,47.43583800811079,-65.69657024965356,,,,,NAD83,,245.0,-70.0,198.42000000000002,1954.0,0,,471078,
gov:nb:L-57,gov:nb,L-57,,Yes,New Brunswick,47.43363836599516,-65.69328934922365,,,,,NAD83,,244.0,-63.0,156.0576,1954.0,0,,471078,
gov:nb:L-58,gov:nb,L-58,,Yes,New Brunswick,47.43560219517949,-65.69888053210711,,,,,NAD83,,63.9,-70.0,258.77520000000004,1954.0,0,,471078,
gov:nb:L-59,gov:nb,L-59,,Yes,New Brunswick,47.435946857905954,-65.6967011761228,,,,,NAD83,,248.0,-60.0,183.49,1954.0,0,,471078,
gov:nb:L-60,gov:nb,L-60,,Yes,New Brunswick,47.433825295534675,-65.69300812570896,,,,,NAD83,,244.02,-75.0,420.33,1954.0,0,,471078,
gov:nb:L-61,gov:nb,L-61,,Yes,New Brunswick,47.43583800811079,-65.69657024965356,,,,,NAD83,,245.9,-75.0,296.8752,1954.0,0,,471078,
gov:nb:L-62,gov:nb,L-62,,Yes,New Brunswick,47.435583778717,-65.69622940833887,,,,,NAD83,,248.85,-70.0,249.63,1954.0,0,,471078,
gov:nb:L-63,gov:nb,L-63,,Yes,New Brunswick,47.4361408527984,-65.69614144557536,,,,,NAD83,,241.82,-70.0,295.66,1954.0,0,,471078,
gov:nb:L-64,gov:nb,L-64,,Yes,New Brunswick,47.43572025638164,-65.6964527152704,,,,,NAD83,,243.08,-75.0,346.55760000000004,1954.0,0,,471078,
gov:nb:L-65,gov:nb,L-65,,Yes,New Brunswick,47.43601355307652,-65.69594451313485,,,,,NAD83,,242.47,-75.0,356.00640000000004,1954.0,0,,471078,
gov:nb:L-66,gov:nb,L-66,,Yes,New Brunswick,47.43660065316779,-65.69629358220998,,,,,NAD83,,249.0,-70.0,187.1472,1954.0,0,,471078,
gov:nb:L-67,gov:nb,L-67,,Yes,New Brunswick,47.43660065316779,-65.69629358220998,,,,,NAD83,,249.0,-76.0,264.5664,1954.0,0,,471078,
gov:nb:L-68,gov:nb,L-68,,Yes,New Brunswick,47.43493260721576,-65.69960648838749,,,,,NAD83,,65.57000000000001,-70.0,481.584,1954.0,0,,471078,
gov:nb:L-69,gov:nb,L-69,,Yes,New Brunswick,47.436316856974535,-65.69558198305756,,,,,NAD83,,243.78,-70.0,350.52,1954.0,0,,471078,
gov:nb:L-70,gov:nb,L-70,,Yes,New Brunswick,47.43416069803271,-65.69595927012485,,,,,NAD83,,64.35,-60.0,368.808,1954.0,0,,471078,
gov:nb:L-71,gov:nb,L-71,,Yes,New Brunswick,47.43764693897348,-65.69800124648734,,,,,NAD83,,244.8,-60.0,218.24,1954.0,0,,471078,
gov:nb:L-72,gov:nb,L-72,,Yes,New Brunswick,47.43224159369497,-65.6942119558686,,,,,NAD83,,63.75,-60.0,297.4848,1954.0,0,,471078,
gov:nb:L-73,gov:nb,L-73,,Yes,New Brunswick,47.43234985876212,-65.69554919200782,,,,,NAD83,,67.0,-70.0,245.364,1954.0,0,,471078,
gov:nb:L-74,gov:nb,L-74,,Yes,New Brunswick,47.438353351536115,-65.70129175824988,,,,,NAD83,,243.1,-60.0,164.8968,1954.0,0,,471078,
gov:nb:L-75,gov:nb,L-75,,Yes,New Brunswick,47.43583355642104,-65.69851910594791,,,,,NAD83,,246.4,-45.0,70.104,1954.0,0,,471078,
gov:nb:L-76,gov:nb,L-76,,Yes,New Brunswick,47.43845907928181,-65.70097198492667,,,,,NAD83,,242.95000000000002,-70.0,205.74,1954.0,0,,471078,
gov:nb:L-77,gov:nb,L-77,,Yes,New Brunswick,47.43858012581365,-65.70156676476651,,,,,NAD83,,299.03000000000003,-60.0,161.544,1954.0,0,,471078,
gov:nb:L-78,gov:nb,L-78,,Yes,New Brunswick,47.434433251055246,-65.69893791127264,,,,,NAD83,,65.57000000000001,-75.0,462.99120000000005,1954.0,0,,471078,
gov:nb:L-79,gov:nb,L-79,,Yes,New Brunswick,47.453351455950575,-65.69403784365467,,,,,NAD83,,54.6,-45.0,59.436,1954.0,0,,471078,
gov:nb:L-80,gov:nb,L-80,,Yes,New Brunswick,47.43825910211777,-65.70067006341998,,,,,NAD83,,244.23000000000002,-70.0,163.6776,1954.0,0,,471078,
gov:nb:L-81,gov:nb,L-81,,Yes,New Brunswick,47.43966858209306,-65.70157693706936,,,,,NAD83,,244.75,-60.0,227.1979,1954.0,0,,471078,
gov:nb:L-82,gov:nb,L-82,,Yes,New Brunswick,47.437891815804434,-65.70088770562828,,,,,NAD83,,247.55,-70.0,116.7384,1954.0,0,,471078,
gov:nb:L-83,gov:nb,L-83,,Yes,New Brunswick,47.44076777255409,-65.70183885605086,,,,,NAD83,,245.20000000000002,-50.0,148.1328,1954.0,0,,471078,
gov:nb:L-84,gov:nb,L-84,,Yes,New Brunswick,47.45345670009507,-65.69365166530145,,,,,NAD83,,55.72,-50.0,96.3168,1954.0,0,,471078,
gov:nb:L-85,gov:nb,L-85,,Yes,New Brunswick,47.43840016172905,-65.70025695415697,,,,,NAD83,,244.23000000000002,-70.0,235.3056,1954.0,0,,471078,
gov:nb:L-86,gov:nb,L-86,,Yes,New Brunswick,47.438085188448,-65.70023517597346,,,,,NAD83,,244.55,-70.0,230.12400000000002,1954.0,0,,471078,
gov:nb:L-87,gov:nb,L-87,,Yes,New Brunswick,47.45308794863737,-65.69365725927882,,,,,NAD83,,60.92,-60.0,122.2248,1954.0,0,,471078,
gov:nb:L-88,gov:nb,L-88,,Yes,New Brunswick,47.44082054562127,-65.70166570587875,,,,,NAD83,,245.20000000000002,-60.0,182.5752,1954.0,0,,471078,
gov:nb:L-89,gov:nb,L-89,,Yes,New Brunswick,47.437270757658986,-65.70212997884212,,,,,NAD83,,65.43,-70.0,216.10320000000002,1954.0,0,,471078,
gov:nb:L-90,gov:nb,L-90,,Yes,New Brunswick,47.453674220128185,-65.69388707285371,,,,,NAD83,,51.0,-50.0,96.3168,1954.0,0,,471078,
gov:nb:L-91,gov:nb,L-91,,Yes,New Brunswick,47.43732057812338,-65.70283187534771,,,,,NAD83,,65.83,-75.0,305.8668,1954.0,0,,471078,
gov:nb:L-92,gov:nb,L-92,,Yes,New Brunswick,47.43681718854708,-65.70287919341477,,,,,NAD83,,63.5,-75.0,289.56,1954.0,0,,471078,
gov:nb:L-94,gov:nb,L-94,,Yes,New Brunswick,47.429789401166545,-65.69084242593864,,,,,NAD83,,247.0,-48.0,153.3144,1954.0,0,,471078,
gov:nb:L-95,gov:nb,L-95,,Yes,New Brunswick,47.4409116763546,-65.70183669591461,,,,,NAD83,,242.15,-50.0,121.92,1954.0,0,,471078,
gov:nb:L-96,gov:nb,L-96,,Yes,New Brunswick,47.4410176803677,-65.70155667918915,,,,,NAD83,,242.15,-60.0,245.9736,1954.0,0,,471078,
gov:nb:L-97,gov:nb,L-97,,Yes,New Brunswick,47.44063231314269,-65.70176133985188,,,,,NAD83,,244.17000000000002,-50.0,123.1392,1954.0,0,,471078,
gov:nb:L-98,gov:nb,L-98,,Yes,New Brunswick,47.44011402021443,-65.70355896816315,,,,,NAD83,,63.88,-45.0,185.3184,1954.0,0,,471078,
gov:nb:L-99,gov:nb,L-99,,Yes,New Brunswick,47.441597254495754,-65.70473001597527,,,,,NAD83,,43.6,-60.0,153.0,1954.0,0,,471078,
gov:nb:R-1,gov:nb,R-1,,Yes,New Brunswick,46.749828905595784,-66.24062727101722,,,,,NAD83,,,90.0,51.816,1972.0,0,,470285,
gov:nb:R-2,gov:nb,R-2,,Yes,New Brunswick,46.75264753335137,-66.2418572374455,,,,,NAD83,,,,45.72,1972.0,0,,470285,
gov:nb:NB-56-11,gov:nb,NB-56-11,,Yes,New Brunswick,46.53178464462965,-67.32443830597113,,,,,NAD83,,300.0,45.0,183.7944,1956.0,0,,470292,
gov:nb:NB-56-12,gov:nb,NB-56-12,,Yes,New Brunswick,46.531098946514305,-67.32595316232332,,,,,NAD83,,300.0,60.0,182.88,1956.0,0,,470292,
gov:nb:NB-56-13,gov:nb,NB-56-13,,Yes,New Brunswick,46.53303583775911,-67.32435294210106,,,,,NAD83,,300.0,45.0,153.3144,1956.0,0,,470292,
gov:nb:NB-56-14,gov:nb,NB-56-14,,Yes,New Brunswick,46.532397595435675,-67.32925803402608,,,,,NAD83,,120.0,60.0,396.5448,1956.0,0,,470292,
gov:nb:NB-56-15,gov:nb,NB-56-15,,Yes,New Brunswick,46.53292048633825,-67.32412957518774,,,,,NAD83,,120.0,45.0,76.2,1956.0,0,,470292,
gov:nb:NB-56-16,gov:nb,NB-56-16,,Yes,New Brunswick,46.53453930354012,-67.3217161439405,,,,,NAD83,,120.0,45.0,93.2688,1956.0,0,,470292,
gov:nb:40-2,gov:nb,40-2,,Yes,New Brunswick,46.52917890633671,-67.39808985239628,,,,,NAD83,,80.0,45.0,137.16,1955.0,0,,470295,
gov:nb:40-3,gov:nb,40-3,,Yes,New Brunswick,46.52983253971703,-67.39734454032353,,,,,NAD83,,40.0,45.0,137.16,1955.0,0,,470295,
gov:nb:NB-T-01,gov:nb,NB-T-01,,Yes,New Brunswick,46.97418974407504,-67.03763455395773,,,,,NAD83,,,-45.0,181.20360000000002,1974.0,0,,470298,
gov:nb:NB-T-02,gov:nb,NB-T-02,,Yes,New Brunswick,46.97436263745709,-67.03913458516725,,,,,NAD83,,,-45.0,242.316,1974.0,0,,470298,
gov:nb:NB-T-03,gov:nb,NB-T-03,,Yes,New Brunswick,46.97318834289645,-67.04016110562517,,,,,NAD83,,,-45.0,55.473600000000005,1974.0,0,,470298,
gov:nb:NB-T-04,gov:nb,NB-T-04,,Yes,New Brunswick,46.97308403755731,-67.0393846391718,,,,,NAD83,,,-45.0,242.316,1974.0,0,,470298,
gov:nb:NB-T-05,gov:nb,NB-T-05,,Yes,New Brunswick,46.97625434875616,-67.02890160557438,,,,,NAD83,,,-45.0,184.7088,1974.0,0,,470298,
gov:nb:NB-54-901,gov:nb,NB-54-901,,Yes,New Brunswick,46.977960610285514,-66.02391831551482,,,,,NAD83,,133.0,45.0,151.7904,1954.0,0,,470313,
gov:nb:NB-54-902,gov:nb,NB-54-902,,Yes,New Brunswick,46.97819601983693,-66.0221155162936,,,,,NAD83,,133.0,45.0,106.68,1954.0,0,,470313,
gov:nb:NB-54-903,gov:nb,NB-54-903,,Yes,New Brunswick,46.980637563684596,-66.01653371298306,,,,,NAD83,,133.0,45.0,166.4208,1955.0,0,,470313,
gov:nb:Tozer-1,gov:nb,Tozer-1,,Yes,New Brunswick,46.91071859818822,-66.30017454482814,,,,,NAD83,,360.0,-48.0,108.50880000000001,1966.0,0,,470329,
gov:nb:Tozer-2,gov:nb,Tozer-2,,Yes,New Brunswick,46.911165308259434,-66.30359916194165,,,,,NAD83,,360.0,-48.0,123.1392,1966.0,0,,470329,
gov:nb:Tozer-3,gov:nb,Tozer-3,,Yes,New Brunswick,46.912179233431516,-66.30736312727925,,,,,NAD83,,360.0,-47.0,99.6696,1966.0,0,,470329,
gov:nb:TR-1,gov:nb,TR-1,,Yes,New Brunswick,46.906035321448606,-66.30227896104216,,,,,NAD83,,,-90.0,64.9224,1974.0,0,,470331,
gov:nb:TR-2,gov:nb,TR-2,,Yes,New Brunswick,46.907582062689286,-66.30723514948112,,,,,NAD83,,,-90.0,76.2,1974.0,0,,470331,
gov:nb:TR-3,gov:nb,TR-3,,Yes,New Brunswick,46.90983979314708,-66.30179244014103,,,,,NAD83,,,-90.0,76.2,1974.0,0,,470331,
gov:nb:SAT-14,gov:nb,SAT-14,,Yes,New Brunswick,47.255307062033964,-66.12739739570284,,,,,NAD83,,36.0,-60.0,273.1008,1966.0,0,,470340,
gov:nb:SAT-15,gov:nb,SAT-15,,Yes,New Brunswick,47.255132706001035,-66.12356715899604,,,,,NAD83,,36.0,50.0,125.5776,1966.0,0,,470340,
gov:nb:SAT-16,gov:nb,SAT-16,,Yes,New Brunswick,47.25468463625454,-66.12408557492095,,,,,NAD83,,36.0,55.0,177.08880000000002,1966.0,0,,470340,
gov:nb:SAT-18,gov:nb,SAT-18,,Yes,New Brunswick,47.25498333864067,-66.12190351559745,,,,,NAD83,,36.0,-50.0,123.444,1966.0,0,,470340,
gov:nb:SAT-19,gov:nb,SAT-19,,Yes,New Brunswick,47.25438283691458,-66.12256834986985,,,,,NAD83,,36.0,55.0,200.2536,1966.0,0,,470340,
gov:nb:SAT-20,gov:nb,SAT-20,,Yes,New Brunswick,47.253620852522424,-66.12336642284701,,,,,NAD83,,36.0,60.0,304.9524,1966.0,0,,470340,
gov:nb:SAT-21,gov:nb,SAT-21,,Yes,New Brunswick,47.25457363382297,-66.12314832021542,,,,,NAD83,,36.0,-55.0,182.88,1966.0,0,,470340,
gov:nb:SAT-22,gov:nb,SAT-22,,Yes,New Brunswick,47.2554338686158,-66.11940326382549,,,,,NAD83,,36.0,50.0,142.0368,1966.0,0,,470340,
gov:nb:SG-6,gov:nb,SG-6,,Yes,New Brunswick,47.063382349851246,-67.02428252537555,,,,,NAD83,,132.0,-45.0,258.16560000000004,1976.0,0,,470343,
gov:nb:SG-7,gov:nb,SG-7,,Yes,New Brunswick,47.064868921113415,-67.0237835926321,,,,,NAD83,,132.0,-45.0,181.9656,1976.0,0,,470343,
gov:nb:DH 1,gov:nb,DH 1,,Yes,New Brunswick,47.58132867179382,-65.89127955326775,,,,,NAD83,,,45.0,75.5904,1953.0,0,,470351,
gov:nb:DH 2,gov:nb,DH 2,,Yes,New Brunswick,47.58263200134432,-65.90669846301901,,,,,NAD83,,,45.0,61.2648,1953.0,0,,470351,
gov:nb:DH 3,gov:nb,DH 3,,Yes,New Brunswick,47.581913465290775,-65.91930867877196,,,,,NAD83,,,45.0,93.5736,1953.0,0,,470351,
gov:nb:DH 4,gov:nb,DH 4,,Yes,New Brunswick,47.5534057337191,-65.90779621978362,,,,,NAD83,,262.0,-45.0,93.8784,1957.0,0,,470354,
gov:nb:35,gov:nb,35,,Yes,New Brunswick,47.67917882746258,-65.87639509383172,,,,,NAD83,,,45.0,74.9808,1952.0,0,,470364,
gov:nb:36,gov:nb,36,,Yes,New Brunswick,47.68029251860574,-65.87610226442989,,,,,NAD83,,,52.0,212.4456,1952.0,0,,470364,
gov:nb:37,gov:nb,37,,Yes,New Brunswick,47.68028187482858,-65.8757960715961,,,,,NAD83,,,45.0,178.61280000000002,1952.0,0,,470364,
gov:nb:1-66,gov:nb,1-66,,Yes,New Brunswick,47.516112251321324,-65.90213165204332,,,,,NAD83,,132.0,50.0,93.5736,1966.0,0,,470367,
gov:nb:3-66,gov:nb,3-66,,Yes,New Brunswick,47.50492715924434,-65.86907224670989,,,,,NAD83,,132.0,50.0,132.588,1966.0,0,,470367,
gov:nb:A15,gov:nb,A15,,Yes,New Brunswick,47.79610740519633,-65.74734187538176,,,,,NAD83,,,,11.5824,1975.0,0,,470447,
gov:nb:A6,gov:nb,A6,,Yes,New Brunswick,47.794833262165334,-65.747800546996,,,,,NAD83,,,,7.3152,1975.0,0,,470447,
gov:nb:D1,gov:nb,D1,,Yes,New Brunswick,47.79419497284629,-65.75201400158545,,,,,NAD83,,,,6.096,1975.0,0,,470447,
gov:nb:D2,gov:nb,D2,,Yes,New Brunswick,47.79439333465392,-65.75209126687106,,,,,NAD83,,,,6.096,1975.0,0,,470447,
gov:nb:NB-TO-26,gov:nb,NB-TO-26,,Yes,New Brunswick,46.97908425993387,-67.03555406728276,,,,,NAD83,,,,169.46880000000002,1976.0,0,,470448,
gov:nb:NB-TO-27,gov:nb,NB-TO-27,,Yes,New Brunswick,46.9773532916189,-67.03248750026114,,,,,NAD83,,,,188.3664,1976.0,0,,470448,
gov:nb:NB-TO-28,gov:nb,NB-TO-28,,Yes,New Brunswick,46.969921710538515,-67.03655373436936,,,,,NAD83,,,,127.1016,1976.0,0,,470448,
gov:nb:#3,gov:nb,#3,,Yes,New Brunswick,47.76851403185177,-65.97400431198187,,,,,NAD83,,,-45.0,199.3392,1966.0,0,,470460,
gov:nb:#4,gov:nb,#4,,Yes,New Brunswick,47.77015963770235,-65.9699989756313,,,,,NAD83,,,-45.0,326.7456,1966.0,0,,470460,
gov:nb:RS-76-1,gov:nb,RS-76-1,,Yes,New Brunswick,47.15674897489857,-66.23238382577799,,,,,NAD83,,,-50.0,70.104,1976.0,0,,470473,
gov:nb:RS-76-2,gov:nb,RS-76-2,,Yes,New Brunswick,47.14537553241864,-66.24689114611324,,,,,NAD83,,,-45.0,70.104,1976.0,0,,470473,
gov:nb:RS-76-3,gov:nb,RS-76-3,,Yes,New Brunswick,47.16298819216171,-66.23864387837719,,,,,NAD83,,,-45.0,60.0456,1976.0,0,,470473,
gov:nb:RS-76-4,gov:nb,RS-76-4,,Yes,New Brunswick,47.16153651224009,-66.23323037341996,,,,,NAD83,,,-45.0,85.34400000000001,1976.0,0,,470473,
gov:nb:RS-76-5,gov:nb,RS-76-5,,Yes,New Brunswick,47.18665134937257,-66.25326715332892,,,,,NAD83,,,45.0,76.2,1976.0,0,,470475,
gov:nb:RS-76-6,gov:nb,RS-76-6,,Yes,New Brunswick,47.1878188668429,-66.25239088728574,,,,,NAD83,,,45.0,91.44,1976.0,0,,470475,
gov:nb:NB 1,gov:nb,NB 1,,Yes,New Brunswick,47.878127312560096,-65.99828031884661,,,,,NAD83,,,-37.0,118.872,1960.0,0,,470492,
gov:nb:NB 2,gov:nb,NB 2,,Yes,New Brunswick,47.876969205075135,-65.99667385855278,,,,,NAD83,,,-46.0,118.872,1960.0,0,,470492,
gov:nb:NB 3,gov:nb,NB 3,,Yes,New Brunswick,47.87780177239601,-65.99786901523382,,,,,NAD83,,,-72.0,85.03920000000001,1960.0,0,,470492,
gov:nb:NB 4,gov:nb,NB 4,,Yes,New Brunswick,47.877828982707385,-65.9979222277669,,,,,NAD83,,,-37.0,65.2272,1960.0,0,,470492,
gov:nb:NB 5,gov:nb,NB 5,,Yes,New Brunswick,47.87352652465878,-66.00969960875219,,,,,NAD83,,,-35.0,95.0976,1960.0,0,,470492,
gov:nb:NB 6,gov:nb,NB 6,,Yes,New Brunswick,47.86558157219703,-66.00668640871045,,,,,NAD83,,,-29.0,89.61120000000001,1960.0,0,,470492,
gov:nb:NB 7,gov:nb,NB 7,,Yes,New Brunswick,47.865240176552014,-66.00676980277763,,,,,NAD83,,,-30.0,91.7448,1960.0,0,,470492,
gov:nb:NB 8,gov:nb,NB 8,,Yes,New Brunswick,47.86518428636426,-66.00631591980462,,,,,NAD83,,,-46.0,90.52560000000001,1960.0,0,,470492,
gov:nb:NB 9,gov:nb,NB 9,,Yes,New Brunswick,47.87798440632584,-65.99850894271702,,,,,NAD83,,,-36.0,122.8344,1960.0,0,,470492,
gov:nb:NB 10,gov:nb,NB 10,,Yes,New Brunswick,47.878252174511175,-65.99803849786751,,,,,NAD83,,,-35.0,92.3544,1960.0,0,,470492,
gov:nb:NB 11,gov:nb,NB 11,,Yes,New Brunswick,47.880171874836655,-65.99691055002941,,,,,NAD83,,,-34.0,89.91600000000001,1960.0,0,,470492,
gov:nb:NB 12,gov:nb,NB 12,,Yes,New Brunswick,47.878252174511175,-65.99803849786751,,,,,NAD83,,,-44.0,76.2,1960.0,0,,470492,
gov:nb:NB 13,gov:nb,NB 13,,Yes,New Brunswick,47.87848703297783,-65.99827688363628,,,,,NAD83,,,-35.0,45.72,1960.0,0,,470492,
gov:nb:NB 14,gov:nb,NB 14,,Yes,New Brunswick,47.877626332438815,-65.99681461233523,,,,,NAD83,,,-45.0,84.12480000000001,1960.0,0,,470492,
gov:nb:NB 15,gov:nb,NB 15,,Yes,New Brunswick,47.879942236006215,-65.99580314810603,,,,,NAD83,,,-40.0,36.8808,1960.0,0,,470492,
gov:nb:NB 16,gov:nb,NB 16,,Yes,New Brunswick,47.87833504120104,-65.99640677634753,,,,,NAD83,,,-45.0,77.724,1960.0,0,,470492,
gov:nb:NB 17,gov:nb,NB 17,,Yes,New Brunswick,47.87974131057467,-65.99509653871789,,,,,NAD83,,,-45.0,32.9184,1960.0,0,,470492,
gov:nb:NB 18,gov:nb,NB 18,,Yes,New Brunswick,47.87980292390782,-65.99478846758036,,,,,NAD83,,,-45.0,33.528,1960.0,0,,470492,
gov:nb:NB 19,gov:nb,NB 19,,Yes,New Brunswick,47.87568991654151,-65.99823675563297,,,,,NAD83,,,-35.0,91.44,1960.0,0,,470492,
gov:nb:NB 20,gov:nb,NB 20,,Yes,New Brunswick,47.87842839684515,-66.00346434339592,,,,,NAD83,,,35.0,89.30640000000001,1960.0,0,,470492,
gov:nb:NB 21,gov:nb,NB 21,,Yes,New Brunswick,47.875181297401085,-65.99916396845352,,,,,NAD83,,,-60.0,54.559200000000004,1960.0,0,,470492,
gov:nb:NB 22,gov:nb,NB 22,,Yes,New Brunswick,47.8761295919832,-65.99800530562946,,,,,NAD83,,,-35.0,72.8472,1960.0,0,,470492,
gov:nb:NB 23,gov:nb,NB 23,,Yes,New Brunswick,47.863822676583155,-66.00758497984557,,,,,NAD83,,,-35.0,85.64880000000001,1960.0,0,,470492,
gov:nb:NL-76-4,gov:nb,NL-76-4,,Yes,New Brunswick,47.34887213775511,-65.93807621675808,,,,,NAD83,,125.0,-65.0,343.20480000000003,1976.0,0,,470496,
gov:nb:801,gov:nb,801,,Preliminary,New Brunswick,47.10168140763378,-66.1497013285123,,,,,NAD83,,123.0,45.0,128.62560000000002,1954.0,0,,470674,
gov:nb:802,gov:nb,802,,Preliminary,New Brunswick,47.10001633189288,-66.14940920164827,,,,,NAD83,,123.0,45.0,139.9032,1954.0,0,,470674,
gov:nb:803,gov:nb,803,,Preliminary,New Brunswick,47.10361870952651,-66.1478178941622,,,,,NAD83,,90.0,40.0,125.1204,1954.0,0,,470674,
gov:nb:804,gov:nb,804,,E. M. Grid,New Brunswick,47.096403859675284,-66.16579340694547,,,,,NAD83,,64.0,45.0,121.6152,1954.0,0,,470674,
gov:nb:805,gov:nb,805,,E.M. Grid,New Brunswick,47.091115298685054,-66.1660897617327,,,,,NAD83,,112.0,45.0,121.92,1954.0,0,,470674,
gov:nb:806,gov:nb,806,,E.M. Grid,New Brunswick,47.087517477071,-66.17249988343555,,,,,NAD83,,154.0,45.0,123.32208,1954.0,0,,470674,
gov:nb:ARJ-1,gov:nb,ARJ-1,,Yes,New Brunswick,47.124179036225634,-66.03748789808037,,,,,NAD83,,,40.0,90.52560000000001,1955.0,0,,470676,
gov:nb:ARJ-2,gov:nb,ARJ-2,,Yes,New Brunswick,47.120844906110094,-66.04280136681417,,,,,NAD83,,,40.0,99.06,1955.0,0,,470676,
gov:nb:ARJ-3,gov:nb,ARJ-3,,Yes,New Brunswick,47.12306213639609,-66.04388953622177,,,,,NAD83,,,40.0,99.06,1955.0,0,,470676,
gov:nb:ARJ-4,gov:nb,ARJ-4,,Yes,New Brunswick,47.13473456874861,-66.05440196890301,,,,,NAD83,,,40.0,92.964,1955.0,0,,470676,
gov:nb:ARJ-5,gov:nb,ARJ-5,,Yes,New Brunswick,47.13723612300357,-66.03861445840626,,,,,NAD83,,,40.0,76.2,1955.0,0,,470676,
gov:nb:DDH-1,gov:nb,DDH-1,,Yes,New Brunswick,47.136628759331714,-66.03521854002997,,,,,NAD83,,,47.0,151.638,1955.0,0,,470679,
gov:nb:DDH-2,gov:nb,DDH-2,,Yes,New Brunswick,47.13589418272013,-66.03153379267995,,,,,NAD83,,,50.0,152.4,1955.0,0,,470679,
gov:nb:DDH-3,gov:nb,DDH-3,,Yes,New Brunswick,47.132979416757834,-66.03816335792988,,,,,NAD83,,,-50.0,91.44,1955.0,0,,470679,
gov:nb:DDH-4,gov:nb,DDH-4,,Yes,New Brunswick,47.14241863542083,-66.02559664283235,,,,,NAD83,,,-50.0,148.4376,1955.0,0,,470679,
gov:nb:N-1,gov:nb,N-1,,Yes,New Brunswick,47.143230528629765,-66.2254768359443,,,,,NAD83,,,45.0,73.03008,1954.0,0,,470681,
gov:nb:N-2,gov:nb,N-2,,Yes,New Brunswick,47.142285259939115,-66.225165259582,,,,,NAD83,,87.0,,61.38672,1954.0,0,,470681,
gov:nb:N-3,gov:nb,N-3,,Yes,New Brunswick,47.14227629603154,-66.22517848957534,,,,,NAD83,,87.0,65.0,36.8808,1954.0,0,,470681,
gov:nb:N-4,gov:nb,N-4,,Yes,New Brunswick,47.14165602420061,-66.22535305982228,,,,,NAD83,,,45.0,112.47120000000001,1954.0,0,,470681,
gov:nb:N-5,gov:nb,N-5,,Yes,New Brunswick,47.141206098254045,-66.22528944593088,,,,,NAD83,,87.0,46.0,152.4,1954.0,0,,470681,
gov:nb:N-6,gov:nb,N-6,,Yes,New Brunswick,47.14058541734366,-66.22529262638294,,,,,NAD83,,87.0,45.0,126.492,1954.0,0,,470681,
gov:nb:C-24,gov:nb,C-24,,Yes,New Brunswick,47.100702829213404,-66.22304646938738,,,,,NAD83,,,90.0,61.5696,1956.0,0,,470716,
gov:nb:C-25,gov:nb,C-25,,Yes,New Brunswick,47.102504708659566,-66.22046818854815,,,,,NAD83,,,90.0,61.8744,1956.0,0,,470716,
gov:nb:C-26,gov:nb,C-26,,Yes,New Brunswick,47.10237861215243,-66.22040297415738,,,,,NAD83,,,90.0,29.8704,1956.0,0,,470716,
gov:nb:C-27,gov:nb,C-27,,Yes,New Brunswick,47.10205646923812,-66.22110288280966,,,,,NAD83,,,90.0,34.7472,1956.0,0,,470716,
gov:nb:C-28,gov:nb,C-28,,Yes,New Brunswick,47.100981815604655,-66.22309772527733,,,,,NAD83,,,90.0,34.4424,1956.0,0,,470716,
gov:nb:C-29,gov:nb,C-29,,Yes,New Brunswick,47.10149519095856,-66.2233585568878,,,,,NAD83,,,90.0,46.3296,1956.0,0,,470716,
gov:nb:C-31,gov:nb,C-31,,Yes,New Brunswick,47.09879339525685,-66.229616652954,,,,,NAD83,,,90.0,43.281600000000005,1956.0,0,,470716,
gov:nb:C-32,gov:nb,C-32,,Yes,New Brunswick,47.09827097623352,-66.2293294737456,,,,,NAD83,,,90.0,54.559200000000004,1956.0,0,,470716,
gov:nb:C-33,gov:nb,C-33,,Yes,New Brunswick,47.09881737295138,-66.22833871627313,,,,,NAD83,,,90.0,56.083200000000005,1956.0,0,,470716,
gov:nb:C-34,gov:nb,C-34,,Yes,New Brunswick,47.100155415164544,-66.23119063383153,,,,,NAD83,,,90.0,74.9808,1956.0,0,,470716,
gov:nb:C-35,gov:nb,C-35,,Yes,New Brunswick,47.1006597768901,-66.23145158390815,,,,,NAD83,,,90.0,90.22080000000001,1956.0,0,,470716,
gov:nb:C-36,gov:nb,C-36,,Yes,New Brunswick,47.1007428226984,-66.23234698889911,,,,,NAD83,,,90.0,117.9576,1956.0,0,,470716,
gov:nb:C-37,gov:nb,C-37,,Yes,New Brunswick,47.09893249128734,-66.2313943595346,,,,,NAD83,,,90.0,48.1584,1956.0,0,,470716,
gov:nb:C-38,gov:nb,C-38,,Yes,New Brunswick,47.101182159617224,-66.23172562273004,,,,,NAD83,,,90.0,83.2104,1956.0,0,,470716,
gov:nb:C-39,gov:nb,C-39,,Yes,New Brunswick,47.10169554615019,-66.23199971179741,,,,,NAD83,,,90.0,53.0352,1956.0,0,,470716,
gov:nb:C-40,gov:nb,C-40,,Yes,New Brunswick,47.100294456322686,-66.23295521608212,,,,,NAD83,,,90.0,112.77600000000001,1956.0,0,,470716,
gov:nb:C-41,gov:nb,C-41,,Yes,New Brunswick,47.10158524063634,-66.22339761483379,,,,,NAD83,,,45.0,121.92,1956.0,0,,470716,
gov:nb:C-42,gov:nb,C-42,,Yes,New Brunswick,47.101995477109476,-66.2219199965895,,,,,NAD83,,,90.0,114.90960000000001,1956.0,0,,470716,
gov:nb:C-43,gov:nb,C-43,,Yes,New Brunswick,47.10149106218838,-66.22164595582043,,,,,NAD83,,,90.0,33.528,1956.0,0,,470716,
gov:nb:C-44,gov:nb,C-44,,Yes,New Brunswick,47.10085568883186,-66.22301933284889,,,,,NAD83,,,45.0,76.5048,1956.0,0,,470716,
gov:nb:C-45,gov:nb,C-45,,Yes,New Brunswick,47.09906955720113,-66.22846917405325,,,,,NAD83,,,90.0,31.0896,1956.0,0,,470716,
gov:nb:C-46,gov:nb,C-46,,Yes,New Brunswick,47.101069075165476,-66.23338610082045,,,,,NAD83,,,90.0,156.972,1956.0,0,,470716,
gov:nb:C-47,gov:nb,C-47,,Yes,New Brunswick,47.09888245201979,-66.22923417642352,,,,,NAD83,,,90.0,41.757600000000004,1956.0,0,,470716,
gov:nb:C-48,gov:nb,C-48,,Yes,New Brunswick,47.09897150750826,-66.22885169862627,,,,,NAD83,,,90.0,45.72,1956.0,0,,470716,
gov:nb:C-49,gov:nb,C-49,,Yes,New Brunswick,47.099321772348056,-66.22861280638357,,,,,NAD83,,,90.0,30.48,1956.0,0,,470716,
gov:nb:C-50,gov:nb,C-50,,Yes,New Brunswick,47.09925442842466,-66.20843139024126,,,,,NAD83,,,45.0,93.8784,1956.0,0,,470716,
gov:nb:C-51,gov:nb,C-51,,Yes,New Brunswick,47.09923271766469,-66.22899528707283,,,,,NAD83,,,90.0,45.72,1956.0,0,,470716,
gov:nb:C-52,gov:nb,C-52,,Yes,New Brunswick,47.09913463525478,-66.22936463857093,,,,,NAD83,,,90.0,48.1584,1956.0,0,,470716,
gov:nb:C-53,gov:nb,C-53,,Yes,New Brunswick,47.09904557806595,-66.22974711668392,,,,,NAD83,,,90.0,47.5488,1956.0,0,,470716,
gov:nb:C-54,gov:nb,C-54,,Yes,New Brunswick,47.10084255956533,-66.2213067989379,,,,,NAD83,,,90.0,91.7448,1956.0,0,,470716,
gov:nb:C-55,gov:nb,C-55,,Yes,New Brunswick,47.09911961083065,-66.23062936394963,,,,,NAD83,,,90.0,50.5968,1956.0,0,,470716,
gov:nb:C-56,gov:nb,C-56,,Yes,New Brunswick,47.09885843354161,-66.23049894106153,,,,,NAD83,,,90.0,50.292,1956.0,0,,470716,
gov:nb:N-7,gov:nb,N-7,,Yes,New Brunswick,47.139937624383876,-66.22524321181163,,,,,NAD83,,87.0,45.0,162.1536,1954.0,0,,470681,
gov:nb:N-8,gov:nb,N-8,,Yes,New Brunswick,47.13846187865728,-66.22503984498901,,,,,NAD83,,87.0,45.0,172.51680000000002,1954.0,0,,470681,
gov:nb:N-9,gov:nb,N-9,,Yes,New Brunswick,47.13819198572813,-66.225028046087,,,,,NAD83,,87.0,45.0,186.8424,1954.0,0,,470681,
gov:nb:N-12,gov:nb,N-12,,Yes,New Brunswick,47.13875894654439,-66.22513060368556,,,,,NAD83,,87.0,75.0,154.2288,1954.0,0,,470681,
gov:nb:N-13,gov:nb,N-13,,Yes,New Brunswick,47.14824991694053,-66.22169325890577,,,,,NAD83,,,45.0,60.6552,1954.0,0,,470681,
gov:nb:N-14,gov:nb,N-14,,Yes,New Brunswick,47.14824991694053,-66.22169325890577,,,,,NAD83,,,60.0,28.956000000000003,1954.0,0,,470681,
gov:nb:N-15,gov:nb,N-15,,Yes,New Brunswick,47.138271115788626,-66.22426302314712,,,,,NAD83,,,,121.92,1954.0,0,,470681,
gov:nb:N-16,gov:nb,N-16,,Yes,New Brunswick,47.138379060363285,-66.22426246799294,,,,,NAD83,,,,78.3336,1954.0,0,,470681,
gov:nb:BL-1,gov:nb,BL-1,,Yes,New Brunswick,47.17415637863082,-66.05764908067822,,,,,NAD83,,337.0,-45.0,211.2264,1955.0,0,,470684,
gov:nb:BL-2,gov:nb,BL-2,,Yes,New Brunswick,47.17355187781413,-66.05717916794207,,,,,NAD83,,157.0,55.0,199.0344,1955.0,0,,470684,
gov:nb:BL-3,gov:nb,BL-3,,Yes,New Brunswick,47.1741177735244,-66.05931158474094,,,,,NAD83,,336.0,-50.0,203.9112,1955.0,0,,470684,
gov:nb:BL-4,gov:nb,BL-4,,Yes,New Brunswick,47.17454413299725,-66.05789652727735,,,,,NAD83,,337.0,-50.0,137.16,1955.0,0,,470684,
gov:nb:BL-5,gov:nb,BL-5,,Yes,New Brunswick,47.17471271063508,-66.05728829950858,,,,,NAD83,,337.0,-50.0,122.2248,1955.0,0,,470684,
gov:nb:BL-6,gov:nb,BL-6,,Yes,New Brunswick,47.17497011942711,-66.05638910517965,,,,,NAD83,,336.0,-60.0,133.8072,1955.0,0,,470684,
gov:nb:P-1,gov:nb,P-1,,Yes,New Brunswick,47.21796553557806,-66.00705036472799,,,,,NAD83,,,-50.0,138.0744,1956.0,0,,470685,
gov:nb:P-2,gov:nb,P-2,,Yes,New Brunswick,47.21854972587755,-66.00903862399353,,,,,NAD83,,,-50.0,184.0992,1956.0,0,,470685,
gov:nb:P-3,gov:nb,P-3,,Yes,New Brunswick,47.21923277508074,-66.01313851813524,,,,,NAD83,,,-50.0,166.4208,1956.0,0,,470685,
gov:nb:P-4,gov:nb,P-4,,Yes,New Brunswick,47.21839726065121,-66.00914564634874,,,,,NAD83,,,-50.0,167.64000000000001,1956.0,0,,470685,
gov:nb:S-462,gov:nb,S-462,,Yes,New Brunswick,47.114034049575096,-66.26768752356065,,,,,NAD83,,,90.0,123.1392,1968.0,0,,470688,
gov:nb:S-448,gov:nb,S-448,,Yes,New Brunswick,47.11834325984579,-66.20499357031338,,,,,NAD83,,,,79.248,1968.0,0,,470689,
gov:nb:S-465,gov:nb,S-465,,Yes,New Brunswick,47.106759770653596,-66.2096290903476,,,,,NAD83,,,,91.44,1971.0,0,,470690,
gov:nb:S-451,gov:nb,S-451,,Area D,New Brunswick,47.11804209057423,-66.23659626982956,,,,,NAD83,,,,92.0496,1968.0,0,,470691,
gov:nb:S-464,gov:nb,S-464,,Yes,New Brunswick,47.11167426920011,-66.23313575626368,,,,,NAD83,,67.0,-60.0,304.8,1971.0,0,,470692,
gov:nb:CM-59-1,gov:nb,CM-59-1,,Yes,New Brunswick,47.14049267827511,-66.18224862448716,,,,,NAD83,,,,30.48,1959.0,0,,470696,
gov:nb:CM-59-2,gov:nb,CM-59-2,,Yes,New Brunswick,47.14097737151311,-66.18186342340925,,,,,NAD83,,,,15.24,1959.0,0,,470696,
gov:nb:CM-59-3,gov:nb,CM-59-3,,Yes,New Brunswick,47.14005897107163,-66.18482197903093,,,,,NAD83,,,,29.8704,1959.0,0,,470696,
gov:nb:CM-59-4,gov:nb,CM-59-4,,Yes,New Brunswick,47.138703395390834,-66.1891408456584,,,,,NAD83,,,,23.7744,1959.0,0,,470696,
gov:nb:CM-59-5,gov:nb,CM-59-5,,Yes,New Brunswick,47.140818037414505,-66.18280041126313,,,,,NAD83,,,,25.6032,1959.0,0,,470696,
gov:nb:CM-59-6,gov:nb,CM-59-6,,Yes,New Brunswick,47.145372078108046,-66.18038701193522,,,,,NAD83,,,,24.384,1959.0,0,,470696,
gov:nb:SB-1,gov:nb,SB-1,,Yes,New Brunswick,47.14382215726691,-66.22087244388213,,,,,NAD83,,,45.0,185.3184,1966.0,0,,470697,
gov:nb:SB-2,gov:nb,SB-2,,Yes,New Brunswick,47.14581115446625,-66.22128400385361,,,,,NAD83,,,45.0,128.62560000000002,1966.0,0,,470697,
gov:nb:SB-3,gov:nb,SB-3,,Yes,New Brunswick,47.14709202840275,-66.22274090350923,,,,,NAD83,,,45.0,184.7088,1966.0,0,,470697,
gov:nb:RP-1,gov:nb,RP-1,,Yes,New Brunswick,47.218656892537595,-66.02604304020902,,,,,NAD83,,,45.0,125.2728,1966.0,0,,470698,
gov:nb:RP-1A,gov:nb,RP-1A,,Yes,New Brunswick,47.219522964981635,-66.02665591551272,,,,,NAD83,,,45.0,91.1352,1966.0,0,,470698,
gov:nb:RP-2,gov:nb,RP-2,,Yes,New Brunswick,47.22056368870054,-66.02380797215656,,,,,NAD83,,,75.0,154.8384,1966.0,0,,470698,
gov:nb:RP-3,gov:nb,RP-3,,Yes,New Brunswick,47.227051488990845,-66.02433123135447,,,,,NAD83,,,60.0,159.1056,1966.0,0,,470698,
gov:nb:CW-56-6,gov:nb,CW-56-6,,Yes,New Brunswick,47.13477264147893,-66.24408066407659,,,,,NAD83,,,-90.0,369.4176,1956.0,0,,470699,
gov:nb:LR #1,gov:nb,LR #1,,Yes,New Brunswick,47.243587442384964,-66.0636396689029,,,,,NAD83,,17.0,46.0,114.3,1969.0,0,,470705,
gov:nb:LR #2,gov:nb,LR #2,,Yes,New Brunswick,47.24092496716839,-66.08812338775628,,,,,NAD83,,15.0,45.0,183.1848,1969.0,0,,470705,
gov:nb:LR #3,gov:nb,LR #3,,Yes,New Brunswick,47.23874882749273,-66.04982408266974,,,,,NAD83,,17.0,45.0,91.7448,1969.0,0,,470705,
gov:nb:LR #4,gov:nb,LR #4,,Yes,New Brunswick,47.239706564884486,-66.04631586411399,,,,,NAD83,,17.0,45.0,91.44,1969.0,0,,470705,
gov:nb:C-4,gov:nb,C-4,,Yes,New Brunswick,47.099923287959435,-66.22810916681141,,,,,NAD83,,,90.0,45.4152,1956.0,0,,470716,
gov:nb:C-5,gov:nb,C-5,,Yes,New Brunswick,47.09959795541901,-66.2274784844307,,,,,NAD83,,,90.0,36.2712,1956.0,0,,470716,
gov:nb:C-6,gov:nb,C-6,,Yes,New Brunswick,47.09954545010282,-66.2306627952534,,,,,NAD83,,,90.0,46.6344,1956.0,0,,470716,
gov:nb:C-7,gov:nb,C-7,,Yes,New Brunswick,47.09930894736412,-66.23081284240885,,,,,NAD83,,,90.0,48.4632,1956.0,0,,470716,
gov:nb:C-8,gov:nb,C-8,,Yes,New Brunswick,47.099973008703145,-66.23012448235224,,,,,NAD83,,,90.0,38.7096,1956.0,0,,470716,
gov:nb:C-9,gov:nb,C-9,,Yes,New Brunswick,47.09993841518096,-66.2307174698485,,,,,NAD83,,,90.0,45.72,1956.0,0,,470716,
gov:nb:C-10,gov:nb,C-10,,Yes,New Brunswick,47.10001872694584,-66.23044042016235,,,,,NAD83,,,90.0,45.4152,1956.0,0,,470716,
gov:nb:C-11,gov:nb,C-11,,Yes,New Brunswick,47.10052259705142,-66.23049058455518,,,,,NAD83,,,90.0,44.805600000000005,1956.0,0,,470716,
gov:nb:C-12,gov:nb,C-12,,Yes,New Brunswick,47.10060992451483,-66.22937037308165,,,,,NAD83,,,90.0,37.97808,1956.0,0,,470716,
gov:nb:C-13,gov:nb,C-13,,Yes,New Brunswick,47.10097122852584,-66.23000089781358,,,,,NAD83,,,90.0,39.0144,1956.0,0,,470716,
gov:nb:C-14,gov:nb,C-14,,Yes,New Brunswick,47.10039173694138,-66.22839661607716,,,,,NAD83,,,90.0,22.555200000000003,1956.0,0,,470716,
gov:nb:C-15,gov:nb,C-15,,Yes,New Brunswick,47.10070604990743,-66.22817107044304,,,,,NAD83,,,90.0,17.9832,1956.0,0,,470716,
gov:nb:C-16,gov:nb,C-16,,Yes,New Brunswick,47.09941439270951,-66.22974525958034,,,,,NAD83,,,90.0,40.8432,1956.0,0,,470716,
gov:nb:C-17,gov:nb,C-17,,Yes,New Brunswick,47.09908004260338,-66.22910144536867,,,,,NAD83,,,90.0,37.7952,1956.0,0,,470716,
gov:nb:C-18,gov:nb,C-18,,Yes,New Brunswick,47.09913131242967,-66.22795509758458,,,,,NAD83,,,90.0,45.110400000000006,1956.0,0,,470716,
gov:nb:C-19,gov:nb,C-19,,Yes,New Brunswick,47.098965762124045,-66.23023493422306,,,,,NAD83,,,90.0,42.672000000000004,1956.0,0,,470716,
gov:nb:C-20,gov:nb,C-20,,Yes,New Brunswick,47.09979040603551,-66.22518530094283,,,,,NAD83,,,90.0,73.152,1956.0,0,,470716,
gov:nb:C-21,gov:nb,C-21,,Yes,New Brunswick,47.099456093531295,-66.2245678574037,,,,,NAD83,,,90.0,37.1856,1956.0,0,,470716,
gov:nb:C-22,gov:nb,C-22,,Yes,New Brunswick,47.100934621590646,-66.22593035314924,,,,,NAD83,,,90.0,92.0496,1956.0,0,,470716,
gov:nb:C-23,gov:nb,C-23,,Yes,New Brunswick,47.10003871557571,-66.22369540580885,,,,,NAD83,,,90.0,62.7888,1956.0,0,,470716,
gov:nb:Q-2,gov:nb,Q-2,,Yes,New Brunswick,47.678767841446394,-65.91306385340302,,,,,NAD83,,,-45.0,144.78,1968.0,0,,470420,
gov:nb:Q-3,gov:nb,Q-3,,Yes,New Brunswick,47.678976805160275,-65.90817388347658,,,,,NAD83,,,-45.0,87.47760000000001,1968.0,0,,470420,
gov:nb:Q-4,gov:nb,Q-4,,Yes,New Brunswick,47.67979800840601,-65.90871072337767,,,,,NAD83,,,45.0,199.644,1968.0,0,,470420,
gov:nb:Q-5,gov:nb,Q-5,,No,New Brunswick,47.67857900418194,-65.90426292286016,,,,,NAD83,,337.0,-50.0,188.976,1968.0,0,,470420,
gov:nb:Q-6,gov:nb,Q-6,,Yes,New Brunswick,47.68061021776431,-65.90573166070698,,,,,NAD83,,,,182.88,1968.0,0,,470420,
gov:nb:Q-7,gov:nb,Q-7,,Yes,New Brunswick,47.68243428707286,-65.90714956082736,,,,,NAD83,,,-45.0,111.86160000000001,1968.0,0,,470420,
gov:nb:Q-8,gov:nb,Q-8,,Yes,New Brunswick,47.68373207466487,-65.90590964249391,,,,,NAD83,,,-45.0,121.0056,1968.0,0,,470420,
gov:nb:Q-9,gov:nb,Q-9,,Yes,New Brunswick,47.686968481661054,-65.9021303570993,,,,,NAD83,,,50.0,129.54,1968.0,0,,470420,
gov:nb:Q-10,gov:nb,Q-10,,Yes,New Brunswick,47.68469178490448,-65.89669521830274,,,,,NAD83,,,,175.26,1968.0,0,,470420,
gov:nb:Q-11,gov:nb,Q-11,,Yes,New Brunswick,47.686911380340256,-65.88267069270053,,,,,NAD83,,,-45.0,113.69040000000001,1968.0,0,,470420,
gov:nb:Q-12,gov:nb,Q-12,,Yes,New Brunswick,47.688400782797245,-65.87863057041832,,,,,NAD83,,,45.0,121.92,1968.0,0,,470420,
gov:nb:Q-13,gov:nb,Q-13,,Yes,New Brunswick,47.68548491733697,-65.89528761191502,,,,,NAD83,,,-45.0,165.8112,1968.0,0,,470420,
gov:nb:Q-14,gov:nb,Q-14,,Yes,New Brunswick,47.68573831751034,-65.88195182733752,,,,,NAD83,,,45.0,86.86800000000001,1968.0,0,,470420,
gov:nb:Q-15,gov:nb,Q-15,,Yes,New Brunswick,47.68934812110092,-65.87583544341041,,,,,NAD83,,,-45.0,129.54,1968.0,0,,470420,
gov:nb:Q-16,gov:nb,Q-16,,Yes,New Brunswick,47.68523756933536,-65.89442468067648,,,,,NAD83,,,-45.0,85.34400000000001,1968.0,0,,470420,
gov:nb:Q-17,gov:nb,Q-17,,Yes,New Brunswick,47.690585559565065,-65.87848497713678,,,,,NAD83,,,45.0,136.2456,1968.0,0,,470420,
gov:nb:Q-18,gov:nb,Q-18,,Yes,New Brunswick,47.67841378354071,-65.9124152198631,,,,,NAD83,,,58.0,153.924,1968.0,0,,470420,
gov:nb:Q-19,gov:nb,Q-19,,Yes,New Brunswick,47.6853009418007,-65.89450387078203,,,,,NAD83,,,71.0,150.876,1968.0,0,,470420,
gov:nb:Q-20,gov:nb,Q-20,,Yes,New Brunswick,47.685311605763026,-65.89482341537092,,,,,NAD83,,,45.0,122.5296,1968.0,0,,470420,
gov:nb:Q-21,gov:nb,Q-21,,Yes,New Brunswick,47.685329940722134,-65.89488980257256,,,,,NAD83,,,74.0,214.88400000000001,1968.0,0,,470420,
gov:nb:Q-22,gov:nb,Q-22,,Yes,New Brunswick,47.67849924858957,-65.91330655654247,,,,,NAD83,,,55.0,154.8384,1968.0,0,,470420,
gov:nb:Q-23,gov:nb,Q-23,,Yes,New Brunswick,47.684981835690095,-65.89539992662168,,,,,NAD83,,,-45.0,138.684,1968.0,0,,470420,
gov:nb:Q-25,gov:nb,Q-25,,Yes,New Brunswick,47.685801226210394,-65.89214057054338,,,,,NAD83,,,-45.0,108.20400000000001,1968.0,0,,470420,
gov:nb:Q-26,gov:nb,Q-26,,Yes,New Brunswick,47.685837549756776,-65.8922067504339,,,,,NAD83,,,-65.0,131.9784,1968.0,0,,470420,
gov:nb:Q-27,gov:nb,Q-27,,Yes,New Brunswick,47.685018226895664,-65.8954794263205,,,,,NAD83,,,-65.0,168.55440000000002,1968.0,0,,470420,
gov:nb:Q-28,gov:nb,Q-28,,Yes,New Brunswick,47.68563384184824,-65.89280847365305,,,,,NAD83,,,-45.0,105.7656,1968.0,0,,470420,
gov:nb:Q-29,gov:nb,Q-29,,Yes,New Brunswick,47.685652247765724,-65.89288817929038,,,,,NAD83,,,-65.0,119.4816,1968.0,0,,470420,
gov:nb:Q-30,gov:nb,Q-30,,Yes,New Brunswick,47.68563830685675,-65.89366087256893,,,,,NAD83,,,,108.20400000000001,1968.0,0,,470420,
gov:nb:Q-31,gov:nb,Q-31,,Yes,New Brunswick,47.68567469924694,-65.89374037204945,,,,,NAD83,,,-65.0,166.72560000000001,1968.0,0,,470420,
gov:nb:PL-1,gov:nb,PL-1,,Yes,New Brunswick,47.505666638452674,-65.7672222831771,,,,,NAD83,,,45.0,106.9848,1975.0,0,,470423,
gov:nb:PL-2,gov:nb,PL-2,,Yes,New Brunswick,47.5056217530648,-65.7672361772782,,,,,NAD83,,,45.0,91.44,1975.0,0,,470423,
gov:nb:PL-3,gov:nb,PL-3,,Yes,New Brunswick,47.50654248459903,-65.76633406374457,,,,,NAD83,,,45.0,91.7448,1975.0,0,,470423,
gov:nb:PL-4,gov:nb,PL-4,,Yes,New Brunswick,47.504138513363664,-65.76879644394252,,,,,NAD83,,,45.0,91.059,1975.0,0,,470423,
gov:nb:PL-5,gov:nb,PL-5,,Yes,New Brunswick,47.50331627546267,-65.76963074915697,,,,,NAD83,,,45.0,91.44,1975.0,0,,470423,
gov:nb:PL-6,gov:nb,PL-6,,Yes,New Brunswick,47.503289377573594,-65.76964439309927,,,,,NAD83,,,45.0,91.44,1975.0,0,,470423,
gov:nb:PL-7,gov:nb,PL-7,,Yes,New Brunswick,47.5063506788727,-65.76871287041733,,,,,NAD83,,,45.0,121.92,1975.0,0,,470423,
gov:nb:P-5,gov:nb,P-5,,Yes,New Brunswick,47.51547773285986,-65.75284068875631,,,,,NAD83,,135.0,45.0,91.44,1967.0,0,,470425,
gov:nb:P-6,gov:nb,P-6,,Yes,New Brunswick,47.511615558279644,-65.74263275863684,,,,,NAD83,,316.0,45.0,92.3544,1967.0,0,,470425,
gov:nb:P-7,gov:nb,P-7,,Yes,New Brunswick,47.51222583526844,-65.7424249075166,,,,,NAD83,,316.0,45.0,91.44,1967.0,0,,470425,
gov:nb:P-8,gov:nb,P-8,,Yes,New Brunswick,47.508696468607596,-65.76558742755567,,,,,NAD83,,,90.0,31.6992,1967.0,0,,470425,
gov:nb:P-9,gov:nb,P-9,,Yes,New Brunswick,47.50953056366068,-65.76662464266663,,,,,NAD83,,,90.0,30.7848,1967.0,0,,470425,
gov:nb:P-10,gov:nb,P-10,,Yes,New Brunswick,47.50885468408817,-65.76784202872278,,,,,NAD83,,,90.0,30.7848,1967.0,0,,470425,
gov:nb:P-11,gov:nb,P-11,,Yes,New Brunswick,47.50801143748749,-65.76677838407558,,,,,NAD83,,,90.0,30.48,1967.0,0,,470425,
gov:nb:P-12,gov:nb,P-12,,Yes,New Brunswick,47.50717734347372,-65.76574119608321,,,,,NAD83,,,90.0,31.6992,1967.0,0,,470425,
gov:nb:P-13,gov:nb,P-13,,Yes,New Brunswick,47.50786227966751,-65.76453697120053,,,,,NAD83,,,90.0,30.48,1967.0,0,,470425,
gov:nb:M2-1,gov:nb,M2-1,,Yes,New Brunswick,47.77116904520582,-65.88652676058146,,,,,NAD83,,,-45.0,182.88,1968.0,0,,470438,
gov:nb:M2-2,gov:nb,M2-2,,Yes,New Brunswick,47.77190223031419,-65.89082747619594,,,,,NAD83,,,-45.0,124.3584,1968.0,0,,470438,
gov:nb:M2-3,gov:nb,M2-3,,Yes,New Brunswick,47.76768680490607,-65.89305066950507,,,,,NAD83,,,-45.0,60.6552,1968.0,0,,470438,
gov:nb:JR-30,gov:nb,JR-30,,Yes,New Brunswick,47.445047672310274,-65.87873298501928,,,,,NAD83,,5.0,-67.0,359.05440000000004,1976.0,0,,470441,
gov:nb:JR-31,gov:nb,JR-31,,Yes,New Brunswick,47.44638786105705,-65.88545317081014,,,,,NAD83,,50.0,-70.0,346.25280000000004,1976.0,0,,470441,
gov:nb:A1,gov:nb,A1,,Yes,New Brunswick,47.79442062443311,-65.74796660724178,,,,,NAD83,,,,6.4008,1977.0,0,,470447,
gov:nb:A3,gov:nb,A3,,Yes,New Brunswick,47.79456390603645,-65.74787113060772,,,,,NAD83,,,,6.4008,1975.0,0,,470447,
gov:nb:A5,gov:nb,A5,,Yes,New Brunswick,47.79470770690724,-65.74785572943424,,,,,NAD83,,,,4.2672,1975.0,0,,470447,
gov:nb:A7,gov:nb,A7,,Yes,New Brunswick,47.7949947892414,-65.74774485040871,,,,,NAD83,,,,7.3152,1975.0,0,,470447,
gov:nb:A8,gov:nb,A8,,Yes,New Brunswick,47.795129510538814,-65.74771623112773,,,,,NAD83,,,,14.6304,1975.0,0,,470447,
gov:nb:A9,gov:nb,A9,,Yes,New Brunswick,47.795236993207276,-65.74764795875087,,,,,NAD83,,,,16.154400000000003,1975.0,0,,470447,
gov:nb:A10,gov:nb,A10,,Yes,New Brunswick,47.79537154130008,-65.74759264675694,,,,,NAD83,,,,13.716000000000001,1975.0,0,,470447,
gov:nb:A11,gov:nb,A11,,Yes,New Brunswick,47.79551534208795,-65.7475772445734,,,,,NAD83,,,,8.5344,1975.0,0,,470447,
gov:nb:A12,gov:nb,A12,,Yes,New Brunswick,47.79564989013178,-65.74752193210225,,,,,NAD83,,,,8.2296,1975.0,0,,470447,
gov:nb:A13,gov:nb,A13,,Yes,New Brunswick,47.795775445182144,-65.74746674786788,,,,,NAD83,,,,12.192,1975.0,0,,470447,
gov:nb:A14,gov:nb,A14,,Yes,New Brunswick,47.79593697203573,-65.74741104924327,,,,,NAD83,,,,12.192,1975.0,0,,470447,
gov:nb:S-463,gov:nb,S-463,,Yes,New Brunswick,47.09806992948556,-66.26917932690021,,,,,NAD83,,7.0,-60.0,123.1392,1971.0,0,,470786,
gov:nb:S-461,gov:nb,S-461,,Yes,New Brunswick,47.10135984506756,-66.2679531722446,,,,,NAD83,,,90.0,217.62720000000002,1971.0,0,,470787,
gov:nb:AT 3,gov:nb,AT 3,,Yes,New Brunswick,47.0363992073232,-66.85922687609636,,,,,NAD83,,168.0,-35.0,23.530559999999998,1964.0,0,,470800,
gov:nb:NB-T-S-1,gov:nb,NB-T-S-1,,Yes,New Brunswick,47.02229366973015,-67.12267416927877,,,,,NAD83,,,-45.0,147.5232,1975.0,0,,470812,
gov:nb:NB-T-S-3,gov:nb,NB-T-S-3,,Yes,New Brunswick,47.02184055425732,-67.12328719344369,,,,,NAD83,,,-45.0,220.98000000000002,1975.0,0,,470812,
gov:nb:UB-1-68,gov:nb,UB-1-68,,Yes,New Brunswick,47.07391314913732,-67.05002220772332,,,,,NAD83,,100.0,-40.0,60.3504,1968.0,0,,470824,
gov:nb:UB-2-68,gov:nb,UB-2-68,,Yes,New Brunswick,47.07451525895166,-67.04826392467011,,,,,NAD83,,280.0,-45.0,136.8552,1968.0,0,,470824,
gov:nb:UB-3-68,gov:nb,UB-3-68,,Yes,New Brunswick,47.074635603634775,-67.0494370663321,,,,,NAD83,,280.0,-40.0,147.828,1968.0,0,,470824,
gov:nb:CR-1-68,gov:nb,CR-1-68,,Yes,New Brunswick,47.06115767632477,-67.02487953493228,,,,,NAD83,,310.0,-45.0,92.3544,1968.0,0,,470827,
gov:nb:CP-1,gov:nb,CP-1,,Yes,New Brunswick,47.50174357161967,-66.55317133002227,,,,,NAD83,,,90.0,194.4624,1974.0,0,,470838,
